StockCode,Description,total_cantidad
23843,"PAPER CRAFT , LITTLE BIRDIE",80995
23166,MEDIUM CERAMIC TOP STORAGE JAR,78033
84077,WORLD WAR 2 GLIDERS ASSTD DESIGNS,55047
85099B,JUMBO BAG RED RETROSPOT,48474
85123A,WHITE HANGING HEART T-LIGHT HOLDER,37599
22197,POPCORN HOLDER,36761
84879,ASSORTED COLOUR BIRD ORNAMENT,36461
21212,PACK OF 72 RETROSPOT CAKE CASES,36419
23084,RABBIT NIGHT LIGHT,30788
22492,MINI PAINT SET VINTAGE,26633
22616,PACK OF 12 LONDON TISSUES,26135
21977,PACK OF 60 PINK PAISLEY CAKE CASES,24854
22178,VICTORIAN GLASS HANGING T-LIGHT,24304
15036,ASSORTED COLOURS SILK FAN,23826
17003,BROCADE RING PURSE,23056
21915,RED  HARMONICA IN BOX,21933
22386,JUMBO BAG PINK POLKADOT,21465
22197,SMALL POPCORN HOLDER,20160
22086,PAPER CHAIN KIT 50'S CHRISTMAS,19355
20725,LUNCH BAG RED RETROSPOT,19353
47566,PARTY BUNTING,18295
84991,60 TEATIME FAIRY CAKE CASES,18214
22355,CHARLOTTE BAG SUKI DESIGN,18152
22469,HEART OF WICKER SMALL,17971
20724,RED RETROSPOT CHARLOTTE BAG,17765
85099F,JUMBO BAG STRAWBERRY,17273
84755,COLOUR GLASS T-LIGHT HOLDER HANGING,16449
22961,JAM MAKING SET PRINTED,16412
22693,GROW A FLYTRAP OR SUNFLOWER IN TIN,16244
22952,60 CAKE CASES VINTAGE CHRISTMAS,16055
21213,PACK OF 72 SKULL CAKE CASES,15176
22151,PLACE SETTING WHITE HEART,15150
23199,JUMBO BAG APPLES,14920
84946,ANTIQUE SILVER T-LIGHT GLASS,14688
21790,VINTAGE SNAP CARDS,14528
22629,SPACEBOY LUNCH BOX,14260
21731,RED TOADSTOOL LED NIGHT LIGHT,14009
85099C,JUMBO  BAG BAROQUE BLACK WHITE,13922
84568,GIRLS ALPHABET IRON ON PATCHES,13882
22423,REGENCY CAKESTAND 3 TIER,13879
21931,JUMBO STORAGE BAG SUKI,13654
23201,JUMBO BAG ALPHABET,13379
84992,72 SWEETHEART FAIRY CAKE CASES,13360
16014,SMALL CHINESE STYLE SCISSOR,13328
20719,WOODLAND CHARLOTTE BAG,13308
21080,SET/20 RED RETROSPOT PAPER NAPKINS,13210
20668,DISCO BALL CHRISTMAS DECORATION,12979
22993,SET OF 4 PANTRY JELLY MOULDS,12672
22411,JUMBO SHOPPER VINTAGE RED PAISLEY,12602
22969,HOMEMADE JAM SCENTED CANDLES,12532
84978,HANGING HEART JAR T-LIGHT HOLDER,12512
22998,TRAVEL CARD WALLET KEEP CALM,12490
21975,PACK OF 60 DINOSAUR CAKE CASES,12340
21181,PLEASE ONE PERSON METAL SIGN,12305
20727,LUNCH BAG  BLACK SKULL.,12240
23206,LUNCH BAG APPLE DESIGN,12183
23307,SET OF 60 PANTRY DESIGN CAKE CASES,12063
23310,BUBBLEGUM RING ASSORTED,12050
20728,LUNCH BAG CARS BLUE,11817
22630,DOLLY GIRL LUNCH BOX,11793
21175,GIN + TONIC DIET METAL SIGN,11727
21137,BLACK RECORD COVER FRAME,11656
22659,LUNCH BOX I LOVE LONDON,11523
23203,JUMBO BAG VINTAGE DOILY,11464
20713,JUMBO BAG OWLS,11444
21929,JUMBO BAG PINK VINTAGE PAISLEY,11007
20971,PINK BLUE FELT CRAFT TRINKET BOX,11001
23202,JUMBO BAG VINTAGE LEAF,10962
71459,HANGING JAM JAR T-LIGHT HOLDER,10792
22577,WOODEN HEART CHRISTMAS SCANDINAVIAN,10610
22910,PAPER CHAIN KIT VINTAGE CHRISTMAS,10604
21326,AGED GLASS SILVER T-LIGHT HOLDER,10583
84945,MULTI COLOUR SILVER T-LIGHT HOLDER,10557
21498,RED RETROSPOT WRAP,10551
22384,LUNCH BAG PINK POLKADOT,10515
21232,STRAWBERRY CERAMIC TRINKET BOX,10483
22382,LUNCH BAG SPACEBOY DESIGN,10464
22578,WOODEN STAR CHRISTMAS SCANDINAVIAN,10462
23077,DOUGHNUT LIP GLOSS,10415
21166,COOK WITH WINE METAL SIGN,10364
22383,LUNCH BAG SUKI DESIGN,10332
84212,"\"ASSORTED FLOWER COLOUR \"\"LEIS\"\"\"",10315
79321,CHILLI LIGHTS,10306
23344,JUMBO BAG 50'S CHRISTMAS,10306
21108,FAIRY CAKE FLANNEL ASSORTED COLOUR,10253
20726,LUNCH BAG WOODLAND,9933
22470,HEART OF WICKER LARGE,9901
22699,ROSES REGENCY TEACUP AND SAUCER,9877
20723,STRAWBERRY CHARLOTTE BAG,9798
20712,JUMBO BAG WOODLAND ANIMALS,9773
22489,PACK OF 12 TRADITIONAL CRAYONS,9721
22356,CHARLOTTE BAG PINK POLKADOT,9719
22610,PENS ASSORTED FUNNY FACE,9608
84347,ROTATING SILVER ANGELS T-LIGHT HLDR,9476
21703,BAG 125g SWIRLY MARBLES,9390
22077,6 RIBBONS RUSTIC CHARM,9183
22457,NATURAL SLATE HEART CHALKBOARD,9172
22988,SOLDIERS EGG CUP,9137
82482,WOODEN PICTURE FRAME WHITE FINISH,9006
22909,SET OF 20 VINTAGE CHRISTMAS NAPKINS,8987
84970S,HANGING HEART ZINC T-LIGHT HOLDER,8905
16045,POPART WOODEN PENCILS ASST,8900
23203,JUMBO BAG DOILEY PATTERNS,8895
21787,RAIN PONCHO RETROSPOT,8878
23301,GARDENERS KNEELING PAD KEEP CALM,8825
21985,PACK OF 12 HEARTS DESIGN TISSUES,8803
21094,SET/6 RED SPOTTY PAPER PLATES,8758
84947,ANTIQUE SILVER TEA GLASS ENGRAVED,8706
22960,JAM MAKING SET WITH JARS,8706
22558,CLOTHES PEGS RETROSPOT PACK 24,8689
22385,JUMBO BAG SPACEBOY DESIGN,8671
21497,FANCY FONTS BIRTHDAY WRAP,8600
22326,ROUND SNACK BOXES SET OF4 WOODLAND,8560
22741,FUNKY DIVA PEN,8547
22865,HAND WARMER OWL DESIGN,8498
23293,SET OF 12 FAIRY CAKE BAKING CASES,8486
22417,PACK OF 60 SPACEBOY CAKE CASES,8426
21928,JUMBO BAG SCANDINAVIAN BLUE PAISLEY,8414
23309,SET OF 60 I LOVE LONDON CAKE CASES,8332
23298,SPOTTY BUNTING,8327
22189,CREAM HEART CARD HOLDER,8291
22666,RECIPE BOX PANTRY YELLOW DESIGN,8276
85152,HAND OVER THE CHOCOLATE   SIGN,8272
22029,SPACEBOY BIRTHDAY CARD,8185
22560,TRADITIONAL MODELLING CLAY,8168
21891,TRADITIONAL WOODEN SKIPPING ROPE,8145
23076,ICE CREAM SUNDAE LIP GLOSS,8100
22551,PLASTERS IN TIN SPACEBOY,8082
22791,T-LIGHT GLASS FLUTED ANTIQUE,8027
23230,WRAP ALPHABET DESIGN,8001
23204,CHARLOTTE BAG APPLES DESIGN,7976
22467,GUMBALL COAT RACK,7962
84692,BOX OF 24 COCKTAIL PARASOLS,7908
21791,VINTAGE HEADS AND TAILS CARD GAME,7889
21733,RED HANGING HEART T-LIGHT HOLDER,7882
21914,BLUE HARMONICA IN BOX,7879
23207,LUNCH BAG ALPHABET DESIGN,7851
22727,ALARM CLOCK BAKELIKE RED,7815
22554,PLASTERS IN TIN WOODLAND ANIMALS,7813
21982,PACK OF 12 SUKI TISSUES,7612
22090,PAPER BUNTING RETROSPOT,7564
22951,60 CAKE CASES DOLLY GIRL DESIGN,7518
22720,SET OF 3 CAKE TINS PANTRY DESIGN,7493
22966,GINGERBREAD MAN COOKIE CUTTER,7448
20972,PINK CREAM FELT CRAFT TRINKET BOX,7362
82583,HOT BATHS METAL SIGN,7306
22697,GREEN REGENCY TEACUP AND SAUCER,7302
16161P,WRAP ENGLISH ROSE,7226
M,Manual,7224
21918,SET 12 KIDS COLOUR  CHALK STICKS,7200
21086,SET/6 RED SPOTTY PAPER CUPS,7137
75049L,LARGE CIRCULAR MIRROR MOBILE,7114
23200,JUMBO BAG PEARS,7071
20974,12 PENCILS SMALL TUBE SKULL,6983
21499,BLUE POLKADOT WRAP,6952
22379,RECYCLING BAG RETROSPOT,6910
21829,DINOSAUR KEYRINGS ASSORTED,6873
23170,REGENCY TEA PLATE ROSES,6869
22328,ROUND SNACK BOXES SET OF 4 FRUITS,6847
22740,POLKADOT PEN,6842
23078,ICE CREAM PEN LIP GLOSS,6831
23300,GARDENERS KNEELING PAD CUP OF TEA,6827
22065,CHRISTMAS PUDDING TRINKET POT,6751
82494L,WOODEN FRAME ANTIQUE WHITE,6749
22662,LUNCH BAG DOLLY GIRL DESIGN,6724
21980,PACK OF 12 RED RETROSPOT TISSUES,6687
20975,12 PENCILS SMALL TUBE RED RETROSPOT,6640
22771,CLEAR DRAWER KNOB ACRYLIC EDWARDIAN,6635
21121,SET/10 RED POLKADOT PARTY CANDLES,6634
22866,HAND WARMER SCOTTY DOG DESIGN,6632
15034,PAPER POCKET TRAVELING FAN,6591
22907,PACK OF 20 NAPKINS PANTRY DESIGN,6587
22418,10 COLOUR SPACEBOY PEN,6564
23209,LUNCH BAG VINTAGE DOILY,6562
23209,LUNCH BAG DOILEY PATTERN,6556
22045,SPACEBOY GIFT WRAP,6552
21930,JUMBO STORAGE BAG SKULLS,6450
22867,HAND WARMER BIRD DESIGN,6441
22726,ALARM CLOCK BAKELIKE GREEN,6430
21889,WOODEN BOX OF DOMINOES,6402
23245,SET OF 3 REGENCY CAKE TINS,6357
84378,SET OF 3 HEART COOKIE CUTTERS,6350
21500,PINK POLKADOT WRAP,6350
23208,LUNCH BAG VINTAGE LEAF DESIGN,6342
23171,REGENCY TEA PLATE GREEN,6247
22585,PACK OF 6 BIRDY GIFT TAGS,6232
22147,FELTCRAFT BUTTERFLY HEARTS,6230
22595,GINGHAM HEART DECORATION,6152
23308,SET OF 60 VINTAGE LEAF CAKE CASES,6151
22621,TRADITIONAL KNITTING NANCY,6150
23295,SET OF 12 MINI LOAF BAKING CASES,6140
22556,PLASTERS IN TIN CIRCUS PARADE,6118
20914,SET/5 RED RETROSPOT LID GLASS BOWLS,6084
23343,JUMBO BAG VINTAGE CHRISTMAS,6081
22149,FELTCRAFT 6 FLOWER FRIENDS,6078
84970L,SINGLE HEART ZINC T-LIGHT HOLDER,6065
21231,SWEETHEART CERAMIC TRINKET BOX,6063
22440,BALLOON WATER BOMB PACK OF 35,6034
22112,CHOCOLATE HOT WATER BOTTLE,6025
22555,PLASTERS IN TIN STRONGMAN,6023
82484,WOOD BLACK BOARD ANT WHITE FINISH,6020
22722,SET OF 6 SPICE TINS PANTRY DESIGN,5978
72741,GRAND CHOCOLATECANDLE,5978
22609,PENS ASSORTED SPACEBALL,5946
21810,CHRISTMAS HANGING STAR WITH BELL,5945
84836,ZINC METAL HEART DECORATION,5944
22561,WOODEN SCHOOL COLOURING SET,5888
18007,ESSENTIAL BALM 3.5g TIN IN ENVELOPE,5884
82580,BATHROOM METAL SIGN,5883
23167,SMALL CERAMIC TOP STORAGE JAR,5847
23355,HOT WATER BOTTLE KEEP CALM,5841
22698,PINK REGENCY TEACUP AND SAUCER,5824
21210,SET OF 72 RETROSPOT PAPER  DOILIES,5812
84380,SET OF 3 BUTTERFLY COOKIE CUTTERS,5805
16156S,WRAP PINK FAIRY CAKES,5800
21495,SKULLS AND CROSSBONES WRAP,5800
22114,HOT WATER BOTTLE TEA AND SYMPATHY,5747
71477,COLOUR GLASS. STAR T-LIGHT HOLDER,5737
40016,CHINESE DRAGON PAPER LANTERNS,5556
22030,SWALLOWS GREETING CARD,5551
22294,HEART FILIGREE DOVE  SMALL,5534
21668,RED STRIPE CERAMIC DRAWER KNOB,5528
23284,DOORMAT KEEP CALM AND COME IN,5491
21981,PACK OF 12 WOODLAND TISSUES,5482
23205,CHARLOTTE BAG VINTAGE ALPHABET,5459
21871,SAVE THE PLANET MUG,5454
22759,SET OF 3 NOTEBOOKS IN PARCEL,5445
21877,HOME SWEET HOME MUG,5418
22728,ALARM CLOCK BAKELIKE PINK,5364
85175,CACTI T-LIGHT CANDLES,5353
21122,SET/10 PINK POLKADOT PARTY CANDLES,5331
23232,WRAP VINTAGE LEAF DESIGN,5326
22983,CARD BILLBOARD FONT,5302
21669,BLUE STRIPE CERAMIC DRAWER KNOB,5285
22704,WRAP RED APPLES,5278
21967,PACK OF 12 SKULL TISSUES,5275
22608,PENS ASSORTED FUNKY JEWELED,5247
22992,REVOLVER WOODEN RULER,5236
21976,PACK OF 60 MUSHROOM CAKE CASES,5230
22661,CHARLOTTE BAG DOLLY GIRL DESIGN,5214
22084,PAPER CHAIN KIT EMPIRE,5189
23233,WRAP POPPIES  DESIGN,5175
22950,36 DOILIES VINTAGE CHRISTMAS,5172
22579,WOODEN TREE CHRISTMAS SCANDINAVIAN,5170
21704,BAG 250g SWIRLY MARBLES,5144
22652,TRAVEL SEWING KIT,5096
23144,ZINC T-LIGHT HOLDER STARS SMALL,5089
22161,HEART DECORATION RUSTIC HANGING,5088
84596B,SMALL DOLLY MIX DESIGN ORANGE BOWL,5078
20676,RED RETROSPOT BOWL,5076
35970,ZINC FOLKART SLEIGH BELLS,5070
23286,BLUE VINTAGE SPOT BEAKER,5048
23581,JUMBO BAG PAISLEY PARK,5035
21672,WHITE SPOT RED CERAMIC DRAWER KNOB,5022
20711,JUMBO BAG TOYS,5007
16237,SLEEPING CAT ERASERS,4994
23296,SET OF 6 TEA TIME BAKING CASES,4981
22834,HAND WARMER BABUSHKA DESIGN,4970
21506,"FANCY FONT BIRTHDAY CARD,",4958
22138,BAKING SET 9 PIECE RETROSPOT,4948
22959,WRAP CHRISTMAS VILLAGE,4901
22620,4 TRADITIONAL SPINNING TOPS,4894
22188,BLACK HEART CARD HOLDER,4871
22633,HAND WARMER UNION JACK,4867
23582,VINTAGE DOILY JUMBO BAG RED,4815
22996,TRAVEL CARD WALLET VINTAGE TICKET,4813
23285,PINK VINTAGE SPOT BEAKER,4807
23243,SET OF TEA COFFEE SUGAR TINS PANTRY,4805
84949,SILVER HANGING T-LIGHT HOLDER,4801
82600,NO SINGING METAL SIGN,4789
23005,TRAVEL CARD WALLET I LOVE LONDON,4783
20718,RED RETROSPOT SHOPPER BAG,4776
84029E,RED WOOLLY HOTTIE WHITE HEART.,4765
22536,MAGIC DRAWING SLATE PURDEY,4755
23321,SMALL WHITE HEART OF WICKER,4737
22557,PLASTERS IN TIN VINTAGE PAISLEY,4721
21136,PAINTED METAL PEARS ASSORTED,4709
23231,WRAP DOILEY DESIGN,4703
22338,STAR DECORATION PAINTED ZINC,4683
22111,SCOTTIE DOG HOT WATER BOTTLE,4666
22083,PAPER CHAIN KIT RETROSPOT,4658
23288,GREEN VINTAGE SPOT BEAKER,4625
21811,HANGING HEART WITH BELL,4620
21916,SET 12 RETRO WHITE CHALK STICKS,4600
16169E,WRAP 50'S  CHRISTMAS,4563
84946,ANTIQUE SILVER TEA GLASS ETCHED,4558
22139,RETROSPOT TEA SET CERAMIC 11 PC,4527
22544,MINI JIGSAW SPACEBOY,4521
22273,FELTCRAFT DOLL MOLLY,4514
20973,12 PENCIL SMALL TUBE WOODLAND,4506
22710,WRAP I LOVE LONDON,4501
22534,MAGIC DRAWING SLATE SPACEBOY,4496
22333,RETROSPOT PARTY BAG + STICKER SET,4494
22712,CARD DOLLY GIRL,4483
20992,JAZZ HEARTS PURSE NOTEBOOK,4451
21169,YOU'RE CONFUSING ME METAL SIGN,4424
21671,RED SPOT CERAMIC DRAWER KNOB,4421
23294,SET OF 6 SNACK LOAF BAKING CASES,4420
62018,SOMBRERO,4415
21673,WHITE SPOT BLUE CERAMIC DRAWER KNOB,4395
22027,TEA PARTY BIRTHDAY CARD,4392
22908,PACK OF 20 NAPKINS RED APPLES,4385
22041,"\"RECORD FRAME 7\"\" SINGLE SIZE \"",4374
21670,BLUE SPOT CERAMIC DRAWER KNOB,4370
22970,LONDON BUS COFFEE MUG,4367
82582,AREA PATROLLED METAL SIGN,4367
22632,HAND WARMER RED RETROSPOT,4354
84375,SET OF 20 KIDS COOKIE CUTTERS,4321
84988,SET OF 72 PINK HEART PAPER DOILIES,4312
23297,SET 40 HEART SHAPE PETIT FOUR CASES,4303
22553,PLASTERS IN TIN SKULLS,4269
21314,SMALL GLASS HEART TRINKET POT,4252
22053,EMPIRE DESIGN ROSETTE,4244
79000,MOROCCAN TEA GLASS,4186
21174,POTTERING IN THE SHED METAL SIGN,4179
22297,HEART IVORY TRELLIS SMALL,4171
22646,CERAMIC STRAWBERRY CAKE MONEY BANK,4168
21165,BEWARE OF THE CAT METAL SIGN,4156
21917,SET 12 KIDS  WHITE CHALK STICKS,4156
22219,LOVEBIRD HANGING DECORATION WHITE,4138
22979,PANTRY WASHING UP BRUSH,4097
20685,DOORMAT RED RETROSPOT,4092
22087,PAPER BUNTING WHITE LACE,4089
22348,TEA BAG PLATE RED RETROSPOT,4086
22144,CHRISTMAS CRAFT LITTLE FRIENDS,4082
16161U,WRAP SUKI AND FRIENDS,4075
21986,PACK OF 12 PINK POLKADOT TISSUES,4067
85150,LADIES & GENTLEMEN METAL SIGN,4039
21154,RED RETROSPOT OVEN GLOVE,4035
17084R,ASSORTED INCENSE PACK,4032
23439,HAND WARMER RED LOVE HEART,4027
22816,CARD MOTORBIKE SANTA,4023
23353,6 GIFT TAGS VINTAGE CHRISTMAS,4016
21124,SET/10 BLUE POLKADOT PARTY CANDLES,4015
23378,PACK OF 12 50'S CHRISTMAS TISSUES,4003
21936,RED RETROSPOT PICNIC BAG,3987
22037,ROBOT BIRTHDAY CARD,3977
23493,VINTAGE DOILY TRAVEL SEWING KIT,3970
21238,RED RETROSPOT CUP,3969
22491,PACK OF 12 COLOURED PENCILS,3959
15056N,EDWARDIAN PARASOL NATURAL,3954
21559,STRAWBERRY LUNCH BOX WITH CUTLERY,3938
21479,WHITE SKULL HOT WATER BOTTLE,3918
21390,FILIGRIS HEART WITH BUTTERFLY,3906
22962,JAM JAR WITH PINK LID,3904
23263,SET OF 3 WOODEN HEART DECORATIONS,3893
51014A,"FEATHER PEN,HOT PINK",3890
21385,IVORY HANGING DECORATION  HEART,3889
22991,GIRAFFE WOODEN RULER,3889
82581,TOILET METAL SIGN,3883
23172,REGENCY TEA PLATE PINK,3871
22772,PINK DRAWER KNOB ACRYLIC EDWARDIAN,3869
21394,RED POLKADOT BEAKER,3865
48187,DOORMAT NEW ENGLAND,3830
23103,JINGLE BELL HEART DECORATION,3828
16218,CARTOON  PENCIL SHARPENERS,3821
20984,12 PENCILS TALL TUBE POSY,3812
23318,BOX OF 6 MINI VINTAGE CRACKERS,3811
21876,POTTERING MUG,3796
22413,METAL SIGN TAKE IT OR LEAVE IT,3777
23182,TOILET SIGN OCCUPIED OR VACANT,3777
21908,CHOCOLATE THIS WAY METAL SIGN,3773
48138,DOORMAT UNION FLAG,3762
22367,CHILDRENS APRON SPACEBOY DESIGN,3755
22154,ANGEL DECORATION 3 BUTTONS,3749
23275,SET OF 3 HANGING OWLS OLLIE BEAK,3749
84596F,SMALL MARSHMALLOWS PINK BOWL,3748
23354,6 GIFT TAGS 50'S CHRISTMAS,3743
21509,COWBOYS AND INDIANS BIRTHDAY CARD,3741
20979,36 PENCILS TUBE RED RETROSPOT,3739
23319,BOX OF 6 MINI 50'S CRACKERS,3739
21098,CHRISTMAS TOILET ROLL,3731
22631,CIRCUS PARADE LUNCH BOX,3681
20677,PINK POLKADOT BOWL,3676
84997D,CHILDRENS CUTLERY POLKADOT PINK,3668
22818,CARD CHRISTMAS VILLAGE,3657
23503,PLAYING CARDS KEEP CALM & CARRY ON,3646
22530,MAGIC DRAWING SLATE DOLLY GIRL,3631
84950,ASSORTED COLOUR T-LIGHT HOLDER,3631
48185,DOORMAT FAIRY CAKE,3617
35953,FOLKART STAR CHRISTMAS DECORATIONS,3582
21240,BLUE POLKADOT CUP,3573
23215,JINGLE BELL HEART ANTIQUE SILVER,3567
23351,ROLL WRAP 50'S CHRISTMAS,3539
21485,RETROSPOT HEART HOT WATER BOTTLE,3533
23192,BUNDLE OF 3 ALPHABET EXERCISE BOOKS,3533
22596,CHRISTMAS STAR WISH LIST CHALKBOARD,3502
22713,CARD I LOVE LONDON,3501
21172,PARTY METAL SIGN,3490
22714,CARD BIRTHDAY COWBOY,3487
22835,HOT WATER BOTTLE I AM SO POORLY,3474
21984,PACK OF 12 PINK PAISLEY TISSUES,3473
22158,3 HEARTS HANGING DECORATION RUSTIC,3463
23326,HANGING MINI COLOURED BOTTLES,3443
22381,TOY TIDY PINK POLKADOT,3441
22920,HERB MARKER BASIL,3427
22047,EMPIRE GIFT WRAP,3425
22464,HANGING METAL HEART LANTERN,3423
22663,JUMBO BAG DOLLY GIRL DESIGN,3420
48194,DOORMAT HEARTS,3419
23583,LUNCH BAG PAISLEY PARK,3395
21935,SUKI  SHOULDER BAG,3393
22531,MAGIC DRAWING SLATE CIRCUS PARADE,3384
22568,FELTCRAFT CUSHION OWL,3380
16259,PIECE OF CAMO STATIONERY SET,3380
21242,RED RETROSPOT PLATE,3376
22944,CHRISTMAS METAL POSTCARD WITH BELLS,3375
22419,LIPSTICK PEN RED,3347
23198,PANTRY MAGNETIC  SHOPPING LIST,3346
21313,GLASS HEART T-LIGHT HOLDER,3336
16216,LETTER SHAPE PENCIL SHARPENER,3333
84029G,KNITTED UNION FLAG HOT WATER BOTTLE,3323
72232,FENG SHUI PILLAR CANDLE,3317
21481,FAWN BLUE HOT WATER BOTTLE,3313
23232,WRAP VINTAGE PETALS  DESIGN,3300
21519,GIN & TONIC DIET GREETING CARD,3299
22766,PHOTO FRAME CORNICE,3297
23367,SET 12 COLOUR PENCILS SPACEBOY,3285
23546,WRAP PAISLEY PARK,3275
21623,VINTAGE UNION JACK MEMOBOARD,3272
22963,JAM JAR WITH GREEN LID,3267
22734,SET OF 6 RIBBONS VINTAGE CHRISTMAS,3265
22142,CHRISTMAS CRAFT WHITE FAIRY,3250
21523,DOORMAT FANCY FONT HOME SWEET HOME,3246
22174,PHOTO CUBE,3239
21900,"KEY FOB , SHED",3234
84050,PINK HEART SHAPE EGG FRYING PAN,3234
22113,GREY HEART HOT WATER BOTTLE,3231
23349,ROLL WRAP VINTAGE CHRISTMAS,3231
22775,PURPLE DRAWERKNOB ACRYLIC EDWARDIAN,3227
22716,CARD CIRCUS PARADE,3213
47591D,PINK FAIRY CAKE CHILDRENS APRON,3211
21892,TRADITIONAL WOODEN CATCH CUP GAME,3196
22488,NATURAL SLATE RECTANGLE CHALKBOARD,3196
20996,JAZZ HEARTS ADDRESS BOOK,3194
22549,PICTURE DOMINOES,3189
21156,RETROSPOT CHILDRENS APRON,3171
23000,TRAVEL CARD WALLET TRANSPORT,3171
23175,REGENCY MILK JUG PINK,3164
21155,RED RETROSPOT PEG BAG,3157
22296,HEART IVORY TRELLIS LARGE,3156
22915,ASSORTED BOTTLE TOP  MAGNETS,3152
POST,POSTAGE,3150
84536A,ENGLISH ROSE NOTEBOOK A7 SIZE,3138
20675,BLUE POLKADOT BOWL,3121
23165,LARGE CERAMIC TOP STORAGE JAR,3118
16235,RECYCLED PENCIL WITH RABBIT ERASER,3104
22243,5 HOOK HANGER RED MAGIC TOADSTOOL,3099
22352,LUNCH BOX WITH CUTLERY RETROSPOT,3093
22570,FELTCRAFT CUSHION RABBIT,3092
23322,LARGE WHITE HEART OF WICKER,3085
23168,CLASSIC CAFE SUGAR DISPENSER,3076
21746,SMALL RED RETROSPOT WINDMILL,3075
23174,REGENCY SUGAR BOWL GREEN,3057
22028,PENNY FARTHING BIRTHDAY CARD,3054
84987,SET OF 36 TEATIME PAPER DOILIES,3053
23376,PACK OF 12 VINTAGE CHRISTMAS TISSUE,3051
16219,HOUSE SHAPE PENCIL SHARPENER,3048
21430,SET/3 RED GINGHAM ROSE STORAGE BOX,3040
22614,PACK OF 12 SPACEBOY TISSUES,3034
22150,3 STRIPEY MICE FELTCRAFT,3030
21239,PINK  POLKADOT CUP,3018
82552,WASHROOM METAL SIGN,3016
85049A,TRADITIONAL CHRISTMAS RIBBONS,3005
22945,CHRISTMAS METAL TAGS ASSORTED,3003
35961,FOLKART ZINC HEART CHRISTMAS DEC,2999
23313,VINTAGE CHRISTMAS BUNTING,2997
21874,GIN AND TONIC MUG,2981
22507,MEMO BOARD RETROSPOT  DESIGN,2960
84832,ZINC WILLIE WINKIE  CANDLE STICK,2934
22711,WRAP CIRCUS PARADE,2927
22539,MINI JIGSAW DOLLY GIRL,2921
82551,LAUNDRY 15C METAL SIGN,2918
23210,WHITE ROCKING HORSE HAND PAINTED,2902
22667,RECIPE BOX RETROSPOT,2901
16008,SMALL FOLDING SCISSOR(POINTED EDGE),2892
22730,ALARM CLOCK BAKELIKE IVORY,2892
23507,MINI PLAYING CARDS BUFFALO BILL,2884
21135,VICTORIAN  METAL POSTCARD SPRING,2870
10133,COLOURING PENCILS BROWN TUBE,2867
85049E,SCANDINAVIAN REDS RIBBONS,2866
23571,TRADITIONAL NAUGHTS & CROSSES,2859
20717,STRAWBERRY SHOPPER BAG,2857
22196,SMALL HEART MEASURING SPOONS,2853
23328,SET 6 SCHOOL MILK BOTTLES IN CRATE,2845
15056BL,EDWARDIAN PARASOL BLACK,2844
21395,BLUE POLKADOT BEAKER,2844
22563,HAPPY STENCIL CRAFT,2831
22437,SET OF 9 BLACK SKULL BALLOONS,2830
22303,COFFEE MUG APPLES DESIGN,2822
22989,SET 2 PANTRY DESIGN TEA TOWELS,2815
71459,HANGING JAM JAR T-LIGHT HOLDERS,2813
22792,FLUTED ANTIQUE CANDLE HOLDER,2809
22295,HEART FILIGREE DOVE LARGE,2807
22708,WRAP DOLLY GIRL,2800
22141,CHRISTMAS CRAFT TREE TOP ANGEL,2796
21621,VINTAGE UNION JACK BUNTING,2789
22900,SET 2 TEA TOWELS I LOVE LONDON,2789
23570,TRADITIONAL PICK UP STICKS GAME,2782
21078,SET/20 STRAWBERRY PAPER NAPKINS,2780
21754,HOME BUILDING BLOCK WORD,2780
23173,REGENCY TEAPOT ROSES,2770
22435,SET OF 9 HEART SHAPED BALLOONS,2766
22569,FELTCRAFT CUSHION BUTTERFLY,2765
22637,PIGGY BANK RETROSPOT,2764
22597,MUSICAL ZINC HEART DECORATION,2764
47503A,ASS FLORAL PRINT MULTI SCREWDRIVER,2758
22851,SET 20 NAPKINS FAIRY CAKES DESIGN,2749
23506,MINI PLAYING CARDS SPACEBOY,2747
20983,12 PENCILS TALL TUBE RED RETROSPOT,2746
23306,SET OF 36 DOILIES PANTRY DESIGN,2741
23154,SET OF 4 JAM JAR MAGNETS,2732
21833,CAMOUFLAGE LED TORCH,2726
21932,SCANDINAVIAN PAISLEY PICNIC BAG,2724
23350,ROLL WRAP VINTAGE SPOT,2721
22984,CARD GINGHAM ROSE,2717
22082,RIBBON REEL STRIPES DESIGN,2713
51014C,"FEATHER PEN,COAL BLACK",2711
70006,LOVE HEART POCKET WARMER,2703
22564,ALPHABET STENCIL CRAFT,2702
22573,STAR WOODEN CHRISTMAS DECORATION,2689
23445,ICE CREAM BUBBLES,2688
21933,PINK VINTAGE PAISLEY PICNIC BAG,2676
21830,ASSORTED CREEPY CRAWLIES,2669
23320,GIANT 50'S CHRISTMAS CRACKER,2668
85199S,SMALL HANGING IVORY/RED WOOD BIRD,2667
22153,ANGEL DECORATION STARS ON DRESS,2653
22855,FINE WICKER HEART,2644
22815,CARD PSYCHEDELIC APPLES,2640
22817,CARD SUKI BIRTHDAY,2639
23158,SET OF 5 LUCKY CAT MAGNETS,2635
84997B,CHILDRENS CUTLERY RETROSPOT RED,2634
23346,SPACEBOY BEAKER,2632
23508,MINI PLAYING CARDS DOLLY GIRL,2631
22964,3 PIECE SPACEBOY COOKIE CUTTER SET,2628
21084,SET/6 COLLAGE PAPER CUPS,2610
22819,"BIRTHDAY CARD, RETRO SPOT",2608
21035,SET/2 RED RETROSPOT TEA TOWELS,2603
47556B,TEA TIME TEA TOWELS,2600
22421,LIPSTICK PEN FUSCHIA,2598
22997,TRAVEL CARD WALLET UNION JACK,2595
84997C,CHILDRENS CUTLERY POLKADOT BLUE,2583
22398,MAGNETS PACK OF 4 SWALLOWS,2576
37370,RETRO COFFEE MUGS ASSORTED,2571
23157,SET OF 6 NATIVITY MAGNETS,2570
22460,EMBOSSED GLASS TEALIGHT HOLDER,2559
21650,ASSORTED TUTTI FRUTTI BRACELET,2550
17096,ASSORTED LAQUERED INCENSE HOLDERS,2545
37340,MULTICOLOUR SPRING FLOWER MUG,2544
23177,TREASURE ISLAND BOOK BOX,2535
21878,PACK OF 6 SANDCASTLE FLAGS ASSORTED,2524
23510,MINI PLAYING CARDS GYMKHANA,2522
22540,MINI JIGSAW CIRCUS PARADE,2519
85178,VICTORIAN SEWING KIT,2519
23340,VINTAGE CHRISTMAS CAKE FRILL,2512
23121,PACK OF 6 COCKTAIL PARASOL STRAWS,2506
23497,CLASSIC CHROME BICYCLE BELL,2501
21535,RED RETROSPOT SMALL MILK JUG,2497
21508,VINTAGE KID DOLLY CARD,2490
22619,SET OF 6 SOLDIER SKITTLES,2487
22601,CHRISTMAS RETROSPOT ANGEL WOOD,2482
21868,POTTING SHED TEA MUG,2479
22892,SET OF SALT AND PEPPER TOADSTOOLS,2478
85212,MINI PAINTED GARDEN DECORATION,2476
23231,WRAP  VINTAGE DOILY,2474
21819,GLITTER CHRISTMAS STAR,2473
21642,ASSORTED TUTTI FRUTTI PEN,2472
22567,20 DOLLY PEGS RETROSPOT,2470
21818,GLITTER HEART DECORATION,2470
22339,CHRISTMAS TREE PAINTED ZINC,2468
22978,PANTRY ROLLING PIN,2465
22493,PAINT YOUR OWN CANVAS SET,2463
47599A,PINK PARTY BAGS,2456
23374,RED SPOT PAPER GIFT BAG,2456
23345,DOLLY GIRL BEAKER,2455
22155,STAR DECORATION RUSTIC,2454
22173,METAL 4 HOOK HANGER FRENCH CHATEAU,2446
22571,ROCKING HORSE RED CHRISTMAS,2441
23290,SPACEBOY CHILDRENS BOWL,2437
21218,RED SPOTTY BISCUIT TIN,2433
22971,QUEENS GUARD COFFEE MUG,2431
22024,RAINY LADIES BIRTHDAY CARD,2430
17021,NAMASTE SWAGAT INCENSE,2427
22898,CHILDRENS APRON APPLES DESIGN,2426
21934,SKULL SHOULDER BAG,2421
21090,SET/6 COLLAGE PAPER PLATES,2421
84929,ASSTD FRUIT+FLOWERS FRIDGE MAGNETS,2412
21989,PACK OF 20 SKULL PAPER NAPKINS,2412
22152,PLACE SETTING WHITE STAR,2408
82483,WOOD 2 DRAWER CABINET WHITE FINISH,2403
21803,CHRISTMAS TREE STAR DECORATION,2390
23311,VINTAGE CHRISTMAS STOCKING,2390
22995,TRAVEL CARD WALLET SUKI,2389
22335,HEART DECORATION PAINTED ZINC,2386
23356,LOVE HOT WATER BOTTLE,2386
22336,DOVE DECORATION PAINTED ZINC,2383
47566B,TEA TIME PARTY BUNTING,2382
23368,SET 12 COLOUR PENCILS DOLLY GIRL,2382
22749,FELTCRAFT PRINCESS CHARLOTTE DOLL,2375
21907,I'M ON HOLIDAY METAL SIGN,2373
22938,CUPCAKE LACE PAPER SET 6,2367
22980,PANTRY SCRUBBING BRUSH,2366
22645,CERAMIC HEART FAIRY CAKE MONEY BANK,2363
23240,SET OF 4 KNICK KNACK TINS DOILY,2360
23089,GLASS BON BON JAR,2355
22227,HANGING HEART MIRROR DECORATION,2341
23187,FRENCH STYLE STORAGE JAR BONBONS,2338
22574,HEART WOODEN CHRISTMAS DECORATION,2336
23082,SET 6 PAPER TABLE LANTERN HEARTS,2333
23211,RED ROCKING HORSE HAND PAINTED,2331
22302,COFFEE MUG PEARS  DESIGN,2330
47590B,PINK HAPPY BIRTHDAY BUNTING,2327
22729,ALARM CLOCK BAKELIKE ORANGE,2326
21988,PACK OF 6 SKULL PAPER PLATES,2321
23159,SET OF 5 PANCAKE DAY MAGNETS,2321
21983,PACK OF 12 BLUE PAISLEY TISSUES,2301
22378,WALL TIDY RETROSPOT,2288
23212,HEART WREATH DECORATION WITH BELL,2288
23119,PACK OF 6 LARGE FRUIT STRAWS,2283
21244,BLUE POLKADOT PLATE,2282
22774,RED DRAWER KNOB ACRYLIC EDWARDIAN,2278
22130,PARTY CONE CHRISTMAS DECORATION,2277
22986,WRAP GINGHAM ROSE,2276
23380,PACK OF 12 VINTAGE DOILY TISSUES,2272
23334,IVORY WICKER HEART SMALL,2271
22593,CHRISTMAS GINGHAM STAR,2265
22804,CANDLEHOLDER PINK HANGING HEART,2262
22066,LOVE HEART TRINKET POT,2255
23122,PARTY CHARMS 50 PIECES,2253
22046,TEA PARTY  WRAPPING PAPER,2250
23090,VINTAGE GLASS T-LIGHT HOLDER,2238
23155,KNICKERBOCKERGLORY MAGNET ASSORTED,2233
10135,COLOURING PENCILS BROWN TUBE,2231
22301,COFFEE MUG CAT + BIRD DESIGN,2225
22644,CERAMIC CHERRY CAKE MONEY BANK,2223
23108,SET OF 10 LED DOLLY LIGHTS,2221
22383,LUNCH BAG SUKI  DESIGN,2220
21974,SET OF 36 PAISLEY FLOWER DOILIES,2219
21507,"ELEPHANT, BIRTHDAY CARD,",2210
22617,BAKING SET SPACEBOY DESIGN,2209
23247,BISCUIT TIN 50'S CHRISTMAS,2206
23366,SET 12 COLOURING PENCILS DOILY,2204
22156,HEART DECORATION WITH PEARLS,2198
22994,TRAVEL CARD WALLET RETROSPOT,2197
22668,PINK BABY BUNTING,2190
22738,RIBBON REEL SNOWY VILLAGE,2189
23241,TREASURE TIN GYMKHANA DESIGN,2184
85015,SET OF 12  VINTAGE POSTCARD SET,2182
23035,DRAWER KNOB CERAMIC IVORY,2173
22094,RED RETROSPOT TISSUE BOX,2172
23100,SILVER BELLS TABLE DECORATION,2169
22813,PACK 3 BOXES BIRD PANNETONE,2168
21380,WOODEN HAPPY BIRTHDAY GARLAND,2168
23176,ABC TREASURE BOOK BOX,2167
22651,GENTLEMAN SHIRT REPAIR KIT,2166
85061W,WHITE JEWELLED HEART DECORATION,2164
21592,RETROSPOT CIGAR BOX MATCHES,2162
23032,DRAWER KNOB CRACKLE GLAZE IVORY,2162
23191,BUNDLE OF 3 RETRO NOTE BOOKS,2158
20982,12 PENCILS TALL TUBE SKULLS,2156
22436,12 COLOURED PARTY BALLOONS,2155
23002,TRAVEL CARD WALLET SKULLS,2145
22814,CARD PARTY GAMES,2141
21558,SKULL LUNCH BOX WITH CUTLERY,2138
21216,"SET 3 RETROSPOT TEA,COFFEE,SUGAR",2133
22900,SET 2 TEA TOWELS I LOVE LONDON,2130
22748,POPPY'S PLAYHOUSE KITCHEN,2125
21802,CHRISTMAS TREE HEART DECORATION,2125
21987,PACK OF 6 SKULL PAPER CUPS,2113
22427,ENAMEL FLOWER JUG CREAM,2110
23333,IVORY WICKER HEART MEDIUM,2110
23434,3 RAFFIA RIBBONS 50'S CHRISTMAS,2105
22546,MINI JIGSAW PURDEY,2104
84536B,FAIRY CAKES NOTEBOOK A7 SIZE,2102
22584,PACK OF 6 PANNETONE GIFT BOXES,2100
23545,WRAP RED VINTAGE DOILY,2100
72351B,SET/6 PINK  BUTTERFLY T-LIGHTS,2098
23148,MINIATURE ANTIQUE ROSE HOOK IVORY,2096
22466,FAIRY TALE COTTAGE NIGHTLIGHT,2093
15039,SANDALWOOD FAN,2091
22499,WOODEN UNION JACK BUNTING,2091
22773,GREEN DRAWER KNOB ACRYLIC EDWARDIAN,2087
17091J,VANILLA INCENSE IN TIN,2084
47559B,TEA TIME OVEN GLOVE,2080
23256,CHILDRENS CUTLERY SPACEBOY,2079
22602,RETROSPOT WOODEN HEART DECORATION,2078
23332,IVORY WICKER HEART LARGE,2076
22615,PACK OF 12 CIRCUS PARADE TISSUES,2075
51014L,"FEATHER PEN,LIGHT PINK",2071
22899,CHILDREN'S APRON DOLLY GIRL,2070
21399,BLUE POLKADOT COFFEE MUG,2066
21243,PINK  POLKADOT PLATE,2065
48188,DOORMAT WELCOME PUPPIES,2065
23266,SET OF 3 WOODEN STOCKING DECORATION,2064
22895,SET OF 2 TEA TOWELS APPLE AND PEARS,2063
22465,HANGING METAL STAR LANTERN,2060
22431,WATERING CAN BLUE ELEPHANT,2060
82578,KITCHEN METAL SIGN,2060
23145,ZINC T-LIGHT HOLDER STAR LARGE,2060
21928,JUMBO BAG SCANDINAVIAN PAISLEY,2059
22706,WRAP COWBOYS,2057
21875,KINGS CHOICE MUG,2055
22956,36 FOIL HEART CAKE CASES,2055
85204,HANGING WOOD AND FELT FLOWER,2055
23292,SPACEBOY CHILDRENS CUP,2051
22131,FOOD CONTAINER SET 3 LOVE HEART,2039
48184,DOORMAT ENGLISH ROSE,2038
23101,SILVER STARS TABLE DECORATION,2037
21755,LOVE BUILDING BLOCK WORD,2034
22745,POPPY'S PLAYHOUSE BEDROOM,2029
22750,FELTCRAFT PRINCESS LOLA DOLL,2020
47504K,ENGLISH ROSE GARDEN SECATEURS,2019
84406B,CREAM CUPID HEARTS COAT HANGER,2016
21843,RED RETROSPOT CAKE STAND,2013
23004,TRAVEL CARD WALLET PANTRY,2011
22594,CHRISTMAS GINGHAM TREE,2006
22098,BOUDOIR SQUARE TISSUE BOX,1994
47590A,BLUE HAPPY BIRTHDAY BUNTING,1992
22091,EMPIRE TISSUE BOX,1991
47593B,SCOTTIE DOGS BABY BIB,1987
22725,ALARM CLOCK BAKELIKE CHOCOLATE,1984
23186,FRENCH STYLE STORAGE JAR CAFE,1982
22195,LARGE HEART MEASURING SPOONS,1979
22241,GARLAND WOODEN HAPPY EASTER,1978
22343,PARTY PIZZA DISH RED RETROSPOT,1977
22548,HEADS AND TAILS SPORTING FUN,1977
20981,12 PENCILS TALL TUBE WOODLAND,1976
21544,SKULLS  WATER TRANSFER TATTOOS,1975
21902,"KEY FOB , FRONT  DOOR",1975
84598,BOYS ALPHABET IRON ON PATCHES,1975
21809,CHRISTMAS HANGING TREE WITH BELL,1966
23264,SET OF 3 WOODEN SLEIGH DECORATIONS,1966
21749,LARGE RED RETROSPOT WINDMILL,1963
20969,RED FLORAL FELTCRAFT SHOULDER BAG,1962
22754,SMALL RED BABUSHKA NOTEBOOK,1953
22599,CHRISTMAS MUSICAL ZINC STAR,1953
22985,"WRAP, BILLBOARD FONTS DESIGN",1951
21069,VINTAGE BILLBOARD TEA MUG,1950
22917,HERB MARKER ROSEMARY,1944
21993,FLORAL FOLK STATIONERY SET,1943
21179,NO JUNK MAIL METAL SIGN,1942
21786,POLKADOT RAIN HAT,1940
22148,EASTER CRAFT 4 CHICKS,1939
21034,REX CASH+CARRY JUMBO SHOPPER,1939
21494,ROTATING LEAVES T-LIGHT HOLDER,1934
23504,PLAYING CARDS JUBILEE UNION JACK,1934
21033,JUMBO BAG CHARLIE AND LOLA TOYS,1933
23083,SET 6 PAPER TABLE LANTERN STARS,1933
85078,SCANDINAVIAN 3 HEARTS NAPKIN RING,1932
22537,MAGIC DRAWING SLATE DINOSAUR,1931
22940,FELTCRAFT CHRISTMAS FAIRY,1930
23193,BUFFALO BILL TREASURE BOOK BOX,1930
23399,HOME SWEET HOME HANGING HEART,1922
21824,PAINTED METAL STAR WITH HOLLY BELLS,1917
85014B,RED RETROSPOT UMBRELLA,1915
21504,SKULLS GREETING CARD,1915
23437,50'S CHRISTMAS GIFT BAG LARGE,1915
21992,VINTAGE PAISLEY STATIONERY SET,1913
22079,RIBBON REEL HEARTS DESIGN,1911
22916,HERB MARKER THYME,1908
22705,WRAP GREEN PEARS,1908
21845,DAIRY MAID STRIPE MUG,1907
22805,BLUE DRAWER KNOB ACRYLIC EDWARDIAN,1904
22439,6 ROCKET BALLOONS,1904
21899,"KEY FOB , GARAGE DESIGN",1904
21880,RED RETROSPOT TAPE,1903
22624,IVORY KITCHEN SCALES,1901
22088,PAPER BUNTING COLOURED LACE,1893
23287,RED VINTAGE SPOT BEAKER,1891
22266,EASTER DECORATION HANGING BUNNY,1888
22670,FRENCH WC SIGN BLUE METAL,1883
21484,CHICK GREY HOT WATER BOTTLE,1881
71053,WHITE METAL LANTERN,1880
22502,PICNIC BASKET WICKER SMALL,1879
22653,BUTTON BOX,1877
23382,BOX OF 6 CHRISTMAS CAKE DECORATIONS,1875
22918,HERB MARKER PARSLEY,1874
22893,MINI CAKE STAND T-LIGHT HOLDER,1872
23147,SINGLE ANTIQUE ROSE HOOK IVORY,1870
23280,FOLDING BUTTERFLY MIRROR HOT PINK,1868
23552,BICYCLE PUNCTURE REPAIR KIT,1864
35471D,SET OF 3 BIRD LIGHT PINK FEATHER,1862
23238,SET OF 4 KNICK KNACK TINS LONDON,1862
23365,SET 12 COLOUR PENCILS LOVE LONDON,1859
84596G,SMALL CHOCOLATES PINK BOWL,1857
21403,BLUE EGG  SPOON,1857
23550,WRAP ALPHABET POSTER,1855
21844,RED RETROSPOT MUG,1848
22025,RING OF ROSES BIRTHDAY CARD,1847
22694,WICKER STAR,1846
72818,CHRISTMAS DECOUPAGE CANDLE,1845
23188,VINTAGE  2 METER FOLDING RULER,1845
23551,PACK OF 12 PAISLEY PARK TISSUES,1843
22331,WOODLAND PARTY BAG + STICKER SET,1840
22904,CALENDAR PAPER CUT DESIGN,1838
22093,MOTORING TISSUE BOX,1835
22739,RIBBON REEL CHRISTMAS SOCK BAUBLE,1835
21901,"KEY FOB , BACK DOOR",1832
23163,REGENCY SUGAR TONGS,1832
22985,WRAP BILLBOARD FONTS DESIGN,1831
23436,VINTAGE CHRISTMAS GIFT BAG LARGE,1831
22986,GINGHAM ROSE WRAP,1829
23501,KEY RING BASEBALL BOOT UNION JACK,1823
23240,SET OF 4 KNICK KNACK TINS DOILEY,1820
21381,MINI WOODEN HAPPY BIRTHDAY GARLAND,1815
23229,VINTAGE DONKEY TAIL GAME,1815
22171,3 HOOK PHOTO SHELF ANTIQUE WHITE,1811
23330,DECORATIVE WICKER HEART MEDIUM,1804
23352,ROLL WRAP 50'S RED CHRISTMAS,1803
48173C,DOORMAT BLACK FLOCK,1802
22075,6 RIBBONS ELEGANT CHRISTMAS,1800
23480,MINI LIGHTS WOODLAND MUSHROOMS,1800
20978,36 PENCILS TUBE SKULLS,1799
22798,ANTIQUE GLASS DRESSING TABLE POT,1799
85066,CREAM SWEETHEART MINI CHEST,1793
22059,CERAMIC STRAWBERRY DESIGN MUG,1790
21912,VINTAGE SNAKES & LADDERS,1790
22752,SET 7 BABUSHKA NESTING BOXES,1790
21287,SCENTED VELVET LOUNGE CANDLE,1790
22533,MAGIC DRAWING SLATE BAKE A CAKE,1787
84971S,SMALL HEART FLOWERS HOOK,1786
23265,SET OF 3 WOODEN TREE DECORATIONS,1784
22957,SET 3 PAPER VINTAGE CHICK PAPER EGG,1778
23329,DECORATIVE WICKER HEART LARGE,1778
22972,CHILDREN'S SPACEBOY MUG,1774
16011,ANIMAL STICKERS,1773
20749,ASSORTED COLOUR MINI CASES,1770
21164,HOME SWEET HOME METAL SIGN,1768
22535,MAGIC DRAWING SLATE BUNNIES,1766
23109,PACK OF SIX LED TEA LIGHTS,1766
23006,TRAVEL CARD WALLET FLOWER MEADOW,1764
22128,PARTY CONES CANDY ASSORTED,1762
21524,DOORMAT SPOTTY HOME SWEET HOME,1757
22919,HERB MARKER MINT,1757
20750,RED RETROSPOT MINI CASES,1748
21429,RED GINGHAM ROSE JEWELLERY BOX,1744
20977,36 PENCILS TUBE WOODLAND,1741
22906,12 MESSAGE CARDS WITH ENVELOPES,1740
22064,PINK DOUGHNUT TRINKET POT,1734
23327,HANGING CLEAR MINI BOTTLE,1734
22456,NATURAL SLATE CHALKBOARD LARGE,1731
84997A,CHILDRENS CUTLERY POLKADOT GREEN,1728
23438,RED SPOT GIFT BAG LARGE,1727
21700,BIG DOUGHNUT FRIDGE MAGNETS,1726
23234,BISCUIT TIN VINTAGE CHRISTMAS,1725
22402,MAGNETS PACK OF 4 VINTAGE COLLAGE,1723
22921,HERB MARKER CHIVES,1721
22432,WATERING CAN PINK BUNNY,1720
23194,GYMKHANA TREASURE BOOK BOX,1719
23271,CHRISTMAS TABLE SILVER CANDLE SPIKE,1718
23120,PACK OF 6 SMALL FRUIT STRAWS,1716
23161,REGENCY CAKE FORK,1715
23371,SET 36 COLOUR PENCILS SPACEBOY,1712
20679,EDWARDIAN PARASOL RED,1710
23196,VINTAGE LEAF MAGNETIC NOTEPAD,1710
21937,STRAWBERRY   PICNIC BAG,1708
22271,FELTCRAFT DOLL ROSIE,1706
22244,3 HOOK HANGER MAGIC GARDEN,1705
23190,BUNDLE OF 3 SCHOOL EXERCISE BOOKS,1702
85053,FRENCH ENAMEL CANDLEHOLDER,1701
23251,VINTAGE RED ENAMEL TRIM MUG,1701
22600,CHRISTMAS RETROSPOT STAR WOOD,1700
22755,SMALL PURPLE BABUSHKA NOTEBOOK,1690
21888,BINGO SET,1690
23213,STAR WREATH DECORATION WITH BELL,1683
21990,MODERN FLORAL STATIONERY SET,1679
21088,SET/6 FRUIT SALAD PAPER CUPS,1678
23254,CHILDRENS CUTLERY DOLLY GIRL,1674
79164,BLACK WINE GLASS,1672
22941,CHRISTMAS LIGHTS 10 REINDEER,1672
23156,SET OF 5 MINI GROCERY MAGNETS,1672
21714,CITRONELLA CANDLE GARDEN POT,1657
22718,CARD CAT AND TREE,1657
22026,BANQUET BIRTHDAY  CARD,1656
21883,STARS GIFT TAPE,1653
22812,PACK 3 BOXES CHRISTMAS PANNETONE,1650
22095,LADS ONLY TISSUE BOX,1650
22732,3D VINTAGE CHRISTMAS STICKERS,1645
23498,CLASSIC BICYCLE CLIPS,1644
22109,FULL ENGLISH BREAKFAST PLATE,1642
23227,FILIGREE HEART BUTTERFLY WHITE,1642
21770,OPEN CLOSED METAL SIGN,1641
21068,VINTAGE BILLBOARD LOVE/HATE MUG,1638
23291,DOLLY GIRL CHILDRENS CUP,1635
84508A,CAMOUFLAGE DESIGN TEDDY,1631
23500,KEY RING BASEBALL BOOT ASSORTED,1631
23188,VINTAGE  2 METRE FOLDING RULER,1628
22625,RED KITCHEN SCALES,1627
22102,MIRROR MOSAIC T-LIGHT HOLDER,1622
23289,DOLLY GIRL CHILDRENS BOWL,1622
22690,DOORMAT HOME SWEET HOME BLUE,1621
21873,IF YOU CAN'T STAND THE HEAT MUG,1621
21294,ETCHED GLASS COASTER,1618
85049G,CHOCOLATE BOX RIBBONS,1615
11001,ASSTD DESIGN RACING CAR PEN,1615
22212,FOUR HOOK  WHITE LOVEBIRDS,1615
22097,SWALLOW SQUARE TISSUE BOX,1610
23373,VINTAGE CHRISTMAS PAPER GIFT BAG,1608
22974,CHILDRENS DOLLY GIRL MUG,1607
21422,PORCELAIN ROSE SMALL,1607
22501,PICNIC BASKET WICKER LARGE,1604
22329,ROUND CONTAINER SET OF 5 RETROSPOT,1604
22948,METAL DECORATION NAUGHTY CHILDREN,1601
22508,DOORSTOP RETROSPOT HEART,1599
23331,DECORATIVE WICKER HEART SMALL,1596
22922,FRIDGE MAGNETS US DINER ASSORTED,1587
22733,3D TRADITIONAL CHRISTMAS STICKERS,1583
84997B,RED 3 PIECE RETROSPOT CUTLERY SET,1580
37327,ASSTD MULTICOLOUR CIRCLES MUG,1579
23681,LUNCH BAG RED VINTAGE DOILY,1577
20674,GREEN POLKADOT BOWL,1576
23547,WRAP FLOWER SHOP,1575
22581,WOOD STOCKING CHRISTMAS SCANDISPOT,1571
37342,POLKADOT COFFEE CUP & SAUCER PINK,1570
22751,FELTCRAFT PRINCESS OLIVIA DOLL,1566
22264,FELT FARM ANIMAL WHITE BUNNY,1563
46000S,POLYESTER FILLER PAD 40x40cm,1556
22115,METAL SIGN EMPIRE TEA,1549
22999,TRAVEL CARD WALLET RETRO PETALS,1545
23302,KNEELING MAT HOUSEWORK  DESIGN,1544
22715,CARD WEDDING DAY,1543
22478,BIRDHOUSE GARDEN MARKER,1543
22300,COFFEE MUG DOG + BALL DESIGN,1542
23135,SMALL ZINC HEART WALL ORGANISER,1541
22779,WOODEN OWLS LIGHT GARLAND,1540
22576,SWALLOW WOODEN CHRISTMAS DECORATION,1539
22613,PACK OF 20 SPACEBOY NAPKINS,1538
23221,REINDEER HEART DECORATION SILVER,1537
21398,RED POLKADOT COFFEE  MUG,1532
79163,BLACK CHAMPAGNE GLASS,1529
17038,PORCELAIN BUDAH INCENSE HOLDER,1525
22692,DOORMAT WELCOME TO OUR HOME,1524
85132C,CHARLIE AND LOLA FIGURES TINS,1520
21531,RED RETROSPOT SUGAR JAM BOWL,1520
22665,RECIPE BOX BLUE SKETCHBOOK DESIGN,1517
22208,WOOD STAMP SET THANK YOU,1515
22185,SLATE TILE NATURAL HANGING,1510
23381,PACK OF 12 VINTAGE LEAF TISSUES,1509
84030E,ENGLISH ROSE HOT WATER BOTTLE,1506
21588,RETROSPOT GIANT TUBE MATCHES,1497
21718,RED METAL BEACH SPADE,1494
48116,DOORMAT MULTICOLOUR STRIPE,1492
22896,PEG BAG APPLES DESIGN,1492
23228,FILIGREE HEART BIRD WHITE,1492
23370,SET 36 COLOURING PENCILS DOILY,1490
85227,SET OF 6 3D KIT CARDS FOR KIDS,1488
21015,DARK BIRD HOUSE TREE DECORATION,1485
85184C,S/4 VALENTINE DECOUPAGE HEART BOX,1484
47599B,BLUE PARTY BAGS,1480
22268,DECORATION SITTING BUNNY,1480
22672,FRENCH BATHROOM SIGN BLUE METAL,1476
23242,TREASURE TIN BUFFALO BILL,1476
85062,PEARL CRYSTAL PUMPKIN T-LIGHT HLDR,1474
21158,MOODY GIRL DOOR HANGER,1474
23323,WHITE WICKER STAR,1473
21162,TOXIC AREA  DOOR HANGER,1465
22035,VINTAGE CARAVAN GREETING CARD,1464
23160,REGENCY TEA SPOON,1462
16048,TEATIME ROUND PENCIL SHARPENER,1461
22505,MEMO BOARD COTTAGE DESIGN,1461
21705,BAG 500g SWIRLY MARBLES,1459
20754,RETROSPOT RED WASHING UP GLOVES,1458
37448,CERAMIC CAKE DESIGN SPOTTED MUG,1456
23197,SKETCHBOOK MAGNETIC SHOPPING LIST,1456
22543,MINI JIGSAW BAKE A CAKE,1455
23431,NATURAL HANGING QUILTED HEARTS,1454
22191,IVORY DINER WALL CLOCK,1452
22746,POPPY'S PLAYHOUSE LIVINGROOM,1451
23268,SET OF 2 CERAMIC CHRISTMAS REINDEER,1448
22099,CARAVAN SQUARE TISSUE BOX,1446
21716,BOYS VINTAGE TIN SEASIDE BUCKET,1441
23169,CLASSIC GLASS COOKIE JAR,1439
22101,MIRROR MOSAIC VOTIVE HOLDER,1438
16236,KITTY PENCIL ERASERS,1438
84997D,PINK 3 PIECE POLKADOT CUTLERY SET,1437
21167,WHITE SAGE INCENSE,1432
21439,BASKET OF TOADSTOOLS,1430
84818,DANISH ROSE PHOTO FRAME,1424
22089,PAPER BUNTING VINTAGE PAISLEY,1424
23312,VINTAGE CHRISTMAS GIFT SACK,1424
22562,MONSTERS STENCIL CRAFT,1421
85111,SILVER GLITTER FLOWER VOTIVE HOLDER,1421
21870,I CAN ONLY PLEASE ONE PERSON MUG,1415
22999,TRAVEL CARD WALLET VINTAGE LEAF,1415
22654,DELUXE SEWING KIT,1412
23162,REGENCY TEA STRAINER,1412
22340,NOEL GARLAND PAINTED ZINC,1411
22350,ILLUSTRATED CAT BOWL,1410
82486,WOOD S/3 CABINET ANT WHITE FINISH,1408
22193,RED DINER WALL CLOCK,1403
22074,6 RIBBONS SHIMMERING PINKS,1403
22400,MAGNETS PACK OF 4 HOME SWEET HOME,1400
16238,PARTY TIME PENCIL ERASERS,1398
72802C,VANILLA SCENT CANDLE JEWELLED BOX,1396
21563,RED HEART SHAPE LOVE BUCKET,1395
22433,WATERING CAN GREEN DINOSAUR,1394
22572,ROCKING HORSE GREEN CHRISTMAS,1393
23372,SET 36 COLOUR PENCILS DOLLY GIRL,1391
22603,CHRISTMAS RETROSPOT TREE WOOD,1389
22737,RIBBON REEL CHRISTMAS PRESENT,1389
21014,SWISS CHALET TREE DECORATION,1385
22078,RIBBON REEL LACE DESIGN,1381
22299,PIG KEYRING WITH LIGHT & SOUND,1379
21591,COSY HOUR CIGAR BOX MATCHES,1378
22055,MINI CAKE STAND  HANGING STRAWBERY,1377
22477,WATERING CAN GARDEN MARKER,1374
22096,PINK PAISLEY SQUARE TISSUE BOX,1373
21823,PAINTED METAL HEART WITH HOLLY BELL,1373
22923,FRIDGE MAGNETS LES ENFANTS ASSORTED,1372
21232,STRAWBERRY CERAMIC TRINKET POT,1371
21402,RED  EGG  SPOON,1369
22349,DOG BOWL CHASING BALL DESIGN,1368
21114,LAVENDER SCENTED FABRIC HEART,1366
22702,BLACK AND WHITE CAT BOWL,1363
21533,RETROSPOT LARGE MILK JUG,1361
37446,MINI CAKE STAND WITH HANGING CAKES,1361
22943,CHRISTMAS LIGHTS 10 VINTAGE BAUBLES,1361
85048,15CM CHRISTMAS GLASS BALL 20 LIGHTS,1359
23225,CHERUB HEART DECORATION SILVER,1356
23377,PACK OF 12 DOLLY GIRL TISSUES,1354
22897,OVEN MITT APPLES DESIGN,1352
23375,50'S CHRISTMAS PAPER GIFT BAG,1352
22674,FRENCH TOILET SIGN BLUE METAL,1350
22274,FELTCRAFT DOLL EMILY,1347
22319,HAIRCLIPS FORTIES FABRIC ASSORTED,1346
85172,HYACINTH BULB T-LIGHT CANDLES,1346
22780,LIGHT GARLAND BUTTERFILES PINK,1346
21328,BALLOONS  WRITING SET,1342
22622,BOX OF VINTAGE ALPHABET BLOCKS,1342
23029,DRAWER KNOB CRACKLE GLAZE GREEN,1340
23483,HANGING  BUTTERFLY T-LIGHT HOLDER,1340
20963,APPLE BATH SPONGE,1338
22207,FRYING PAN UNION FLAG,1334
22420,LIPSTICK PEN BABY PINK,1334
84535B,FAIRY CAKES NOTEBOOK A6 SIZE,1332
22607,WOODEN ROUNDERS GARDEN SET,1331
21715,GIRLS VINTAGE TIN SEASIDE BUCKET,1330
22377,BOTTLE BAG RETROSPOT,1330
22709,WRAP WEDDING DAY,1325
22403,MAGNETS PACK OF 4 VINTAGE LABELS,1323
22117,METAL SIGN HER DINNER IS SERVED,1320
35923,CANDY HEART HANGING DECORATION,1318
22291,HANGING CHICK CREAM DECORATION,1317
22380,TOY TIDY SPACEBOY,1316
20829,GLITTER HANGING BUTTERFLY STRING,1315
23499,SET 12 VINTAGE DOILY CHALK,1315
22580,ADVENT CALENDAR GINGHAM SACK,1313
22924,FRIDGE MAGNETS LA VIE EN ROSE,1313
23217,LAUREL HEART ANTIQUE SILVER,1309
23549,WRAP BIRD GARDEN,1305
85071B,RED CHARLIE+LOLA PERSONAL DOORSIGN,1301
21788,KIDS RAIN MAC BLUE,1297
10125,MINI FUNKY DESIGN TAPES,1296
22902,TOTE BAG I LOVE LONDON,1296
21872,GLAMOROUS  MUG,1296
82001S,VINYL RECORD FRAME SILVER,1295
35954,SMALL FOLKART STAR CHRISTMAS DEC,1293
21206,STRAWBERRY HONEYCOMB  GARLAND,1290
85230B,CINNAMON SCENTED VOTIVE CANDLE,1288
23102,SILVER HEARTS TABLE DECORATION,1288
23236,STORAGE TIN VINTAGE DOILY,1288
23031,DRAWER KNOB CRACKLE GLAZE PINK,1284
22784,LANTERN CREAM GAZEBO,1281
21561,DINOSAUR LUNCH BOX WITH CUTLERY,1281
72351A,SET/6 TURQUOISE BUTTERFLY T-LIGHTS,1278
23432,PRETTY HANGING QUILTED HEARTS,1278
23426,METAL SIGN DROP YOUR PANTS,1277
22422,TOOTHPASTE TUBE PEN,1274
16016,LARGE CHINESE STYLE SCISSOR,1273
22429,ENAMEL MEASURING JUG CREAM,1272
79030G,TUMBLER NEW ENGLAND,1267
22187,GREEN CHRISTMAS TREE CARD HOLDER,1266
84012,MAGIC SHEEP WOOL GROWING FROM PAPER,1265
17084N,FAIRY DREAMS INCENSE,1264
22245,"HOOK, 1 HANGER ,MAGIC GARDEN",1263
23281,FOLDING BUTTERFLY MIRROR RED,1262
22973,CHILDREN'S CIRCUS PARADE MUG,1261
22076,6 RIBBONS EMPIRE,1260
22103,MIRROR MOSAIC T-LIGHT HOLDER ROUND,1260
21096,SET/6 FRUIT SALAD  PAPER PLATES,1259
23433,HANGING QUILTED PATCHWORK APPLES,1258
22707,WRAP MONSTER FUN,1257
84596L,BISCUITS SMALL BOWL LIGHT BLUE,1255
22809,SET OF 6 T-LIGHTS SANTA,1254
22604,SET OF 4 NAPKIN CHARMS CUTLERY,1253
21801,CHRISTMAS TREE DECORATION WITH BELL,1251
23189,SET OF 12 FORK CANDLES,1249
23226,FILIGREE HEART DAISY WHITE,1247
16012,FOOD/DRINK SPONGE STICKERS,1244
22675,FRENCH KITCHEN SIGN BLUE METAL,1243
20682,RED RETROSPOT CHILDRENS UMBRELLA,1241
21201,TROPICAL  HONEYCOMB PAPER GARLAND,1240
22043,CHRISTMAS CARD SCREEN PRINT,1238
20733,GOLD MINI TAPE MEASURE,1236
20961,STRAWBERRY BATH SPONGE,1235
22736,RIBBON REEL MAKING SNOWMEN,1233
22396,MAGNETS PACK OF 4 RETRO PHOTO,1232
21955,DOORMAT UNION JACK GUNS AND ROSES,1230
22717,CARD DOG AND BALL,1229
22344,PARTY PIZZA DISH PINK POLKADOT,1228
22050,PINK PAISLEY ROSE GIFT WRAP,1225
82600,N0 SINGING METAL SIGN,1225
21209,MULTICOLOUR HONEYCOMB FAN,1224
22080,RIBBON REEL POLKADOTS,1221
23086,ZINC  STAR T-LIGHT HOLDER,1220
23379,PACK OF 12 RED APPLE TISSUES,1220
22023,EMPIRE BIRTHDAY CARD,1218
85049C,ROMANTIC PINKS RIBBONS,1217
23028,DRAWER KNOB CRACKLE GLAZE BLUE,1213
72817,SET OF 2 CHRISTMAS DECOUPAGE CANDLE,1212
22795,SWEETHEART RECIPE BOOK STAND,1212
22965,3 TRADITIONAl BISCUIT CUTTERS  SET,1211
22859,EASTER TIN BUNNY BOUQUET,1209
21428,SET3 BOOK BOX GREEN GINGHAM FLOWER,1208
23505,PLAYING CARDS I LOVE LONDON,1207
22975,SPACEBOY CHILDRENS EGG CUP,1204
23267,SET OF 4 SANTA PLACE SETTINGS,1202
84997C,BLUE 3 PIECE POLKADOT CUTLERY SET,1201
21163,DO NOT TOUCH MY STUFF DOOR HANGER,1201
84510A,SET OF 4 ENGLISH ROSE COASTERS,1201
22700,BLACK AND WHITE DOG BOWL,1198
22169,FAMILY ALBUM WHITE PICTURE FRAME,1198
22758,LARGE PURPLE BABUSHKA NOTEBOOK,1197
85194S,HANGING SPRING FLOWER EGG SMALL,1197
21259,VICTORIAN SEWING BOX SMALL,1184
20985,HEART CALCULATOR,1183
22821,GIFT BAG PSYCHEDELIC APPLES,1183
23270,SET OF 2 CERAMIC PAINTED HEARTS,1183
23274,STAR T-LIGHT HOLDER WILLIE WINKIE,1183
21879,HEARTS GIFT TAPE,1178
22327,ROUND SNACK BOXES SET OF 4 SKULLS,1178
48111,DOORMAT 3 SMILEY CATS,1175
22306,SILVER MUG BONE CHINA TREE OF LIFE,1174
22110,BIRD HOUSE HOT WATER BOTTLE,1173
22967,SET 3 SONG BIRD PAPER EGGS ASSORTED,1173
22731,3D CHRISTMAS STAMPS STICKERS,1172
21012,ANTIQUE ALL GLASS CANDLESTICK,1171
21773,DECORATIVE ROSE BATHROOM BOTTLE,1170
22723,SET OF 6 HERB TINS SKETCHBOOK,1169
22837,HOT WATER BOTTLE BABUSHKA,1166
16054,POPART RECT PENCIL SHARPENER ASST,1166
21884,CAKES AND BOWS GIFT  TAPE,1166
84826,ASSTD DESIGN 3D PAPER STICKERS,1165
85014A,BLACK/BLUE POLKADOT UMBRELLA,1164
22550,HOLIDAY FUN LUDO,1162
21903,MAN FLU METAL SIGN,1162
21260,FIRST AID TIN,1161
22857,ASSORTED EASTER GIFT TAGS,1159
21058,PARTY INVITES WOODLAND,1157
22676,FRENCH BLUE METAL DOOR SIGN 1,1157
22982,PANTRY PASTRY BRUSH,1155
23250,VINTAGE RED TRIM ENAMEL BOWL,1155
23113,PANTRY CHOPPING BOARD,1154
21641,ASSORTED TUTTI FRUTTI KEYRING BALL,1153
22399,MAGNETS PACK OF 4 CHILDHOOD MEMORY,1152
21890,S/6 WOODEN SKITTLES IN COTTON BAG,1152
85035C,ROSE 3 WICK MORRIS BOX CANDLE,1152
21382,SET/4 SPRING FLOWER DECORATION,1148
21123,SET/10 IVORY POLKADOT PARTY CANDLES,1145
22545,MINI JIGSAW BUNNIES,1143
21679,SKULLS  STICKERS,1140
22479,DAISY GARDEN MARKER,1139
22292,HANGING CHICK  YELLOW DECORATION,1139
22311,OFFICE MUG WARMER BLACK+SILVER,1137
85034C,3 ROSE MORRIS BOXED CANDLES,1133
20828,GLITTER BUTTERFLY CLIPS,1130
22858,EASTER TIN KEEPSAKE,1129
22669,RED BABY BUNTING,1128
21159,MOODY BOY  DOOR HANGER,1127
23691,WRAP KEEP CALM BIRTHDAY,1125
21507,ELEPHANT BIRTHDAY CARD,1122
22345,PARTY PIZZA DISH BLUE POLKADOT,1120
21200,MULTICOLOUR HONEYCOMB PAPER GARLAND,1119
20970,PINK FLORAL FELTCRAFT SHOULDER BAG,1117
21389,IVORY HANGING DECORATION  BIRD,1116
22930,BAKING MOULD HEART MILK CHOCOLATE,1109
23389,SPACEBOY MINI BACKPACK,1109
21070,VINTAGE BILLBOARD MUG,1107
21110,LARGE CAKE TOWEL PINK SPOTS,1106
79191C,RETRO PLASTIC ELEPHANT TRAY,1105
23369,SET 36 COLOUR PENCILS LOVE LONDON,1105
21881,CUTE CATS TAPE,1102
85230E,STRAWBRY SCENTED VOTIVE CANDLE,1101
22757,LARGE RED BABUSHKA NOTEBOOK,1097
21774,DECORATIVE CATS BATHROOM BOTTLE,1095
23236,DOILEY STORAGE TIN,1094
21192,WHITE BELL HONEYCOMB PAPER,1093
20832,RED FLOCK LOVE HEART PHOTO FRAME,1091
22371,AIRLINE BAG VINTAGE TOKYO 78,1091
22976,CIRCUS PARADE CHILDRENS EGG CUP,1091
22494,EMERGENCY FIRST AID TIN,1089
21217,RED RETROSPOT ROUND CAKE TINS,1089
21215,IVORY PAPER CUP CAKE CASES,1089
21391,FRENCH LAVENDER SCENT HEART,1079
23080,RED METAL BOX TOP SECRET,1079
21245,GREEN POLKADOT PLATE,1078
85017B,ENVELOPE 50 BLOSSOM IMAGES,1077
21397,BLUE POLKADOT EGG CUP,1075
22049,WRAP CHRISTMAS SCREEN PRINT,1075
23548,WRAP MAGIC FOREST,1075
23012,GLASS APOTHECARY BOTTLE PERFUME,1074
22532,MAGIC DRAWING SLATE LEAP FROG,1072
21207,SKULL AND CROSSBONES  GARLAND,1068
22170,PICTURE FRAME WOOD TRIPLE PORTRAIT,1068
21584,RETROSPOT SMALL TUBE MATCHES,1066
85038,6 CHOCOLATE LOVE HEART T-LIGHTS,1065
23134,LARGE ZINC HEART WALL ORGANISER,1065
23360,SET 8 CANDLES VINTAGE DOILY,1065
23509,MINI PLAYING CARDS FUN FAIR,1065
22582,PACK OF 6 SWEETIE GIFT BOXES,1061
22222,CAKE PLATE LOVEBIRD WHITE,1057
23530,WALL ART ONLY ONE PERSON,1056
21401,BLUE PUDDING SPOON,1052
22441,GROW YOUR OWN BASIL IN ENAMEL MUG,1051
22955,36 FOIL STAR CAKE CASES,1048
22230,JIGSAW TREE WITH WATERING CAN,1048
23096,PETIT TRAY CHIC,1047
21564,PINK  HEART SHAPE LOVE BUCKET,1042
85071A,BLUE CHARLIE+LOLA PERSONAL DOORSIGN,1041
22132,RED LOVE HEART SHAPE CUP,1038
22346,PARTY PIZZA DISH GREEN POLKADOT,1037
23132,SMALL IVORY HEART WALL ORGANISER,1034
22332,SKULLS PARTY BAG + STICKER SET,1033
85230G,ORANGE VOTIVE CANDLE,1032
22801,ANTIQUE GLASS PEDESTAL BOWL,1030
21198,WHITE HEART CONFETTI IN TUBE,1029
72802B,OCEAN SCENT CANDLE IN JEWELLED BOX,1028
22262,FELT EGG COSY CHICKEN,1027
22198,LARGE POPCORN HOLDER,1025
22721,SET OF 3 CAKE TINS SKETCHBOOK,1022
22438,BALLOON ART MAKE YOUR OWN FLOWERS,1022
46000M,POLYESTER FILLER PAD 45x45cm,1021
22210,WOOD STAMP SET BEST WISHES,1019
22360,GLASS JAR ENGLISH CONFECTIONERY,1016
23255,CHILDRENS CUTLERY CIRCUS PARADE,1015
20801,LARGE PINK GLASS SUNDAE DISH,1013
71477,COLOURED GLASS STAR T-LIGHT HOLDER,1013
23126,FELTCRAFT GIRL AMELIE KIT,1012
23299,FOOD COVER WITH BEADS SET 2,1012
22753,SMALL YELLOW BABUSHKA NOTEBOOK,1011
23404,HOME SWEET HOME BLACKBOARD,1011
22211,WOOD STAMP SET FLOWERS,1009
90057,DIAMANTE RING ASSORTED IN BOX.,1008
22844,VINTAGE CREAM DOG FOOD CONTAINER,1006
84032A,CHARLIE+LOLA PINK HOT WATER BOTTLE,1005
20751,FUNKY WASHING UP GLOVES ASSORTED,1003
22228,BUNNY WOODEN PAINTED WITH BIRD,1001
22677,FRENCH BLUE METAL DOOR SIGN 2,1001
22051,BLUE SCANDINAVIAN PAISLEY WRAP,1000
22231,JIGSAW TREE WITH BIRDHOUSE,1000
47421,ASSORTED COLOUR LIZARD SUCTION HOOK,999
21383,PACK OF 12 STICKY BUNNIES,998
22342,HOME GARLAND PAINTED ZINC,997
85131A,BEADED PEARL HEART WHITE ON STICK,996
85183B,CHARLIE & LOLA WASTEPAPER BIN FLORA,996
21071,VINTAGE BILLBOARD DRINK ME MUG,995
22598,CHRISTMAS MUSICAL ZINC TREE,994
23220,REINDEER HEART DECORATION GOLD,994
22686,FRENCH BLUE METAL DOOR SIGN No,993
84926E,FLOWERS TILE COASTER,992
23034,DRAWER KNOB CERAMIC BLACK,991
21654,RIDGED GLASS FINGER BOWL,986
21896,POTTING SHED TWINE,983
35648,VINTAGE BEAD PINK PURSE,981
23531,WALL ART BIG LOVE,979
47504H,ENGLISH ROSE SPIRIT LEVEL,978
21340,CLASSIC METAL BIRDCAGE PLANT HOLDER,978
21619,4 VANILLA BOTANICAL CANDLES,978
85199L,LARGE HANGING IVORY & RED WOOD BIRD,977
21556,CERAMIC STRAWBERRY MONEY BOX,977
22466,FAIRY TALE COTTAGE NIGHT LIGHT,977
85206A,CREAM FELT EASTER EGG BASKET,976
21634,ASSORTED MINI MADRAS NOTEBOOK,976
22048,BIRTHDAY BANQUET GIFT WRAP,975
23061,VINTAGE EMBOSSED HEART,973
21539,RED RETROSPOT BUTTER DISH,972
21447,12 IVORY ROSE PEG PLACE SETTINGS,969
23273,HEART T-LIGHT HOLDER WILLIE WINKIE,969
23543,WALL ART KEEP CALM,968
22628,PICNIC BOXES SET OF 3 RETROSPOT,966
21199,PINK  HEART CONFETTI IN TUBE,966
22671,FRENCH LAUNDRY SIGN BLUE METAL,963
23056,FLOWERS CHANDELIER T-LIGHT HOLDER,963
84828,JUNGLE POPSICLES ICE LOLLY MOULDS,962
23569,TRADTIONAL ALPHABET STAMP SET,961
21832,CHOCOLATE CALCULATOR,960
22776,SWEETHEART CAKESTAND 3 TIER,959
22747,POPPY'S PLAYHOUSE BATHROOM,957
22284,HEN HOUSE DECORATION,954
22192,BLUE DINER WALL CLOCK,954
22810,SET OF 6 T-LIGHTS SNOWMEN,952
22977,DOLLY GIRL CHILDRENS EGG CUP,951
84817,DANISH ROSE DECORATIVE PLATE,951
22209,WOOD STAMP SET HAPPY BIRTHDAY,950
22937,BAKING MOULD CHOCOLATE CUPCAKES,950
23129,HEART SHAPED HOLLY WREATH,950
85034B,3 WHITE CHOC MORRIS BOXED CANDLES,949
22070,SMALL RED RETROSPOT MUG IN BOX,949
85194L,HANGING SPRING FLOWER EGG LARGE,948
84821,DANISH ROSE DELUXE COASTER,947
20803,SMALL PINK GLASS SUNDAE DISH,945
22249,DECORATION WHITE CHICK MAGIC GARDEN,944
21329,DINOSAURS  WRITING SET,944
21291,SMALL POLKADOT CHOCOLATE GIFT BAG,943
85116,BLACK CANDELABRA T-LIGHT HOLDER,941
23093,SMALL PARISIENNE HEART PHOTO FRAME,941
22933,BAKING MOULD EASTER EGG MILK CHOC,940
21208,PASTEL COLOUR HONEYCOMB FAN,940
22820,GIFT BAG BIRTHDAY,940
22623,BOX OF VINTAGE JIGSAW BLOCKS,939
84032B,CHARLIE + LOLA RED HOT WATER BOTTLE,939
21745,GAOLERS KEYS DECORATIVE GARDEN,938
23123,COCKTAIL SWORDS 50 PIECES,936
22565,FELTCRAFT HAIRBANDS PINK AND WHITE,934
22743,MAKE YOUR OWN FLOWERPOWER CARD KIT,934
22269,EGG CUP NATURAL CHICKEN,933
22522,CHILDS GARDEN FORK BLUE,932
23359,SET OF 12 T-LIGHTS VINTAGE DOILY,932
21789,KIDS RAIN MAC PINK,928
21109,LARGE CAKE TOWEL CHOCOLATE SPOTS,926
35095A,BLUE VICTORIAN FABRIC OVAL BOX,925
23013,GLASS APOTHECARY BOTTLE TONIC,925
22949,36 DOILIES DOLLY GIRL,923
22587,FELTCRAFT HAIRBAND RED AND BLUE,921
21041,RED RETROSPOT OVEN GLOVE DOUBLE,921
84006,MAGIC TREE -PAPER FLOWERS,919
21636,MADRAS NOTEBOOK MEDIUM,919
85176,SEWING SUSAN 21 NEEDLE SET,918
22315,200 RED + WHITE BENDY STRAWS,918
22321,BIRD DECORATION RED RETROSPOT,917
22840,ROUND CAKE TIN VINTAGE RED,916
21224,SET/4 SKULL BADGES,914
22412,METAL SIGN NEIGHBOURHOOD WITCH,914
22337,ANGEL DECORATION PAINTED ZINC,912
22258,FELT FARM ANIMAL RABBIT,912
21817,GLITTER CHRISTMAS TREE,912
22293,HANGING CHICK GREEN DECORATION,907
48129,DOORMAT TOPIARY,904
21107,CREAM SLICE FLANNEL PINK SPOT,904
21111,"SWISS ROLL TOWEL, CHOCOLATE  SPOTS",901
22847,BREAD BIN DINER STYLE IVORY,901
21922,UNION STRIPE WITH FRINGE  HAMMOCK,899
21620,SET OF 4 ROSE BOTANICAL CANDLES,897
84509A,SET OF 4 ENGLISH ROSE PLACEMATS,896
85203,HANGING WOOD AND FELT BUTTERFLY,896
72816,SET/3 CHRISTMAS DECOUPAGE CANDLES,893
21615,4 LAVENDER BOTANICAL DINNER CANDLES,892
85040A,S/4 PINK FLOWER CANDLES IN BOWL,890
21211,SET OF 72 SKULL PAPER  DOILIES,884
23138,SINGLE WIRE HOOK IVORY HEART,884
23566,EGG CUP MILKMAID HEIDI,883
23130,MISTLETOE HEART WREATH GREEN,882
21658,GLASS  BEURRE DISH,881
22476,EMPIRE UNION JACK TV DINNER TRAY,881
21400,RED PUDDING SPOON,881
22811,SET OF 6 T-LIGHTS CACTI,881
22804,PINK HANGING HEART T-LIGHT HOLDER,880
22175,PINK OWL SOFT TOY,879
22566,FELTCRAFT HAIRBAND PINK AND PURPLE,879
22932,BAKING MOULD TOFFEE CUP CHOCOLATE,878
22424,ENAMEL BREAD BIN CREAM,875
22163,HEART STRING MEMO HOLDER HANGING,875
23184,BULL DOG BOTTLE OPENER,874
22800,ANTIQUE TALL SWIRLGLASS TRINKET POT,871
22744,MAKE YOUR OWN MONSOON CARD KIT,870
23534,WALL ART STOP FOR TEA,870
85231B,CINAMMON SET OF 9 T-LIGHTS,868
22768,FAMILY PHOTO FRAME CORNICE,868
21680,WOODLAND  STICKERS,868
23087,ZINC  HEART T-LIGHT HOLDER,868
21292,SMALL STRIPES CHOCOLATE GIFT BAG,867
22134,MINI LADLE LOVE HEART RED,866
22523,CHILDS GARDEN FORK PINK,865
21327,SKULLS WRITING SET,864
23244,ROUND STORAGE TIN VINTAGE LEAF,864
23541,WALL ART CLASSIC PUDDINGS,864
35095B,RED VICTORIAN FABRIC OVAL BOX,862
10002,INFLATABLE POLITICAL GLOBE,860
22650,CERAMIC PIRATE CHEST MONEY BANK,860
22789,T-LIGHT HOLDER SWEETHEART HANGING,860
23347,I LOVE LONDON BEAKER,860
23014,GLASS APOTHECARY BOTTLE ELIXIR,858
23461,SWEETHEART BIRD HOUSE,857
22586,FELTCRAFT HAIRBAND PINK AND BLUE,856
22627,MINT KITCHEN SCALES,855
22072,RED RETROSPOT TEA CUP AND SAUCER,854
22529,MAGIC DRAWING SLATE GO TO THE FAIR,853
23239,SET OF 4 KNICK KNACK TINS POPPIES,853
85131D,BEADED CRYSTAL HEART PINK ON STICK,850
23535,WALL ART BICYCLE SAFETY,850
85049H,URBAN BLACK RIBBONS,849
22186,RED STAR CARD HOLDER,848
70007,HI TEC ALPINE HAND WARMER,845
84997A,GREEN 3 PIECE POLKADOT CUTLERY SET,845
22678,FRENCH BLUE METAL DOOR SIGN 3,844
22680,FRENCH BLUE METAL DOOR SIGN 5,844
84660A,WHITE STITCHED WALL CLOCK,843
23249,VINTAGE RED ENAMEL TRIM PLATE,842
85213,MINI  ZINC GARDEN DECORATIONS,841
85230A,OPIUM SCENTED VOTIVE CANDLE,840
22217,T-LIGHT HOLDER HANGING LACE,840
16033,MINI HIGHLIGHTER PENS,840
22444,GROW YOUR OWN PLANT IN A CAN,839
22267,EASTER DECORATION EGG BUNNY,836
22224,WHITE LOVEBIRD LANTERN,835
21677,HEARTS  STICKERS,835
84792,ENCHANTED BIRD COATHANGER 5 HOOK,834
22279,POCKET BAG BLUE PAISLEY RED SPOT,834
85130B,BEADED CRYSTAL HEART GREEN LARGE,834
22286,DECORATION WOBBLY RABBIT METAL,830
21864,UNION JACK FLAG PASSPORT COVER,829
22285,HANGING HEN ON NEST DECORATION,829
47518F,ICON PLACEMAT POP ART ELVIS,827
22481,BLACK TEA TOWEL CLASSIC DESIGN,827
23435,3 RAFFIA RIBBONS VINTAGE CHRISTMAS,827
22807,SET OF 6 T-LIGHTS TOADSTOOLS,825
20956,PORCELAIN T-LIGHT HOLDERS ASSORTED,824
21756,BATH BUILDING BLOCK WORD,823
21616,4 PEAR BOTANICAL DINNER CANDLES,822
40001,WHITE BAMBOO RIBS LAMPSHADE,821
22250,DECORATION  BUTTERFLY  MAGIC GARDEN,821
23489,VINTAGE BELLS GARLAND,821
35924,HANGING FAIRY CAKE DECORATION,820
37447,CERAMIC CAKE DESIGN SPOTTED PLATE,820
22322,BIRD DECORATION GREEN POLKADOT,820
23388,WOODLAND MINI BACKPACK,820
22416,SET OF 36 DOILIES SPACEBOY DESIGN,817
21452,TOADSTOOL MONEY BOX,817
22044,CHRISTMAS CARD STACK OF PRESENTS,816
22133,PINK LOVE HEART SHAPE CUP,816
16225,RATTLE SNAKE EGGS,815
22931,BAKING MOULD HEART WHITE CHOCOLATE,815
85177,BASKET OF FLOWERS SEWING KIT,813
21947,SET OF 6 HEART CHOPSTICKS,813
23118,PARISIENNE JEWELLERY DRAWER,813
23494,VINTAGE DOILY DELUXE SEWING KIT,813
85169A,IVORY LOVE BIRD CANDLE,812
84819,DANISH ROSE ROUND SEWING BOX,811
22547,MINI JIGSAW DINOSAUR,809
23393,HOME SWEET HOME CUSHION COVER,807
85039B,S/4 IVORY MINI ROSE CANDLE IN BOWL,806
22639,SET OF 4 NAPKIN CHARMS HEARTS,806
22778,GLASS CLOCHE SMALL,804
22845,VINTAGE CREAM CAT FOOD CONTAINER,803
23223,CHRISTMAS TREE HANGING SILVER,803
21949,SET OF 6 STRAWBERRY CHOPSTICKS,801
21354,TOAST ITS - BEST MUM,801
23146,TRIPLE HOOK ANTIQUE IVORY ROSE,801
22366,DOORMAT AIRMAIL,800
23222,CHRISTMAS TREE HANGING GOLD,799
22434,BALLOON PUMP WITH 10 BALLOONS,798
22649,STRAWBERRY FAIRY CAKE TEAPOT,798
85032B,BLOSSOM IMAGES GIFT WRAP SET,798
21713,CITRONELLA CANDLE FLOWERPOT,795
21626,VINTAGE UNION JACK PENNANT,795
22968,ROSE COTTAGE KEEPSAKE BOX,795
23088,ZINC HEART FLOWER T-LIGHT HOLDER,795
21355,TOAST ITS - I LOVE YOU,794
22673,FRENCH GARDEN SIGN BLUE METAL,794
23282,FOLDING BUTTERFLY MIRROR IVORY,794
21411,GINGHAM HEART  DOORSTOP RED,793
85032A,ROMANTIC IMAGES GIFT WRAP SET,790
22365,DOORMAT RESPECTABLE HOUSE,790
35964,FOLKART CLIP ON STARS,786
23269,SET OF 2 CERAMIC CHRISTMAS TREES,786
22487,WHITE WOOD GARDEN PLANT LADDER,785
21684,SMALL MEDINA STAMPED METAL BOWL,783
79066K,RETRO MOD TRAY,783
23068,ALUMINIUM STAMPED HEART,783
22605,WOODEN CROQUET GARDEN SET,782
23133,LARGE IVORY HEART WALL ORGANISER,782
23214,JINGLE BELL HEART ANTIQUE GOLD,782
21899,GARAGE KEY FOB,780
15056P,EDWARDIAN PARASOL PINK,778
21530,DAIRY MAID TOASTRACK,777
22767,TRIPLE PHOTO FRAME CORNICE,774
22483,RED GINGHAM TEDDY BEAR,774
22307,GOLD MUG BONE CHINA TREE OF LIFE,770
22304,COFFEE MUG BLUE PAISLEY DESIGN,767
22854,CREAM SWEETHEART EGG HOLDER,767
22634,CHILDS BREAKFAST SET SPACEBOY,766
23695,DOILY THANK YOU CARD,765
21609,SET 12 LAVENDER  BOTANICAL T-LIGHTS,764
21905,MORE BUTTER METAL SIGN,761
23395,BELLE JARDINIERE CUSHION COVER,761
85036C,ROSE 1 WICK MORRIS BOXED CANDLE,758
22100,SKULLS SQUARE TISSUE BOX,757
21866,UNION JACK FLAG LUGGAGE TAG,750
22354,RETROSPOT PADDED SEAT CUSHION,750
23348,CHILDRENS TOY COOKING UTENSIL SET,750
21578,WOODLAND DESIGN  COTTON TOTE BAG,749
47480,HANGING PHOTO CLIP ROPE LADDER,748
23237,SET OF 4 KNICK KNACK TINS LEAF,748
22735,RIBBON REEL SOCKS AND MITTENS,746
22947,WOODEN ADVENT CALENDAR RED,746
22452,MEASURING TAPE BABUSHKA PINK,746
21586,KINGS CHOICE GIANT TUBE MATCHES,743
22426,ENAMEL WASH BOWL CREAM,743
23390,DOLLY GIRL MINI BACKPACK,743
82486,3 DRAWER ANTIQUE WHITE WOOD CABINET,742
22679,FRENCH BLUE METAL DOOR SIGN 4,741
22695,WICKER WREATH SMALL,741
22129,PARTY CONES CANDY TREE DECORATION,740
21822,GLITTER CHRISTMAS TREE WITH BELLS,740
20802,SMALL GLASS SUNDAE DISH CLEAR,739
23224,CHERUB HEART DECORATION GOLD,738
21648,ASSORTED TUTTI FRUTTI SMALL PURSE,737
21386,IVORY HANGING DECORATION  EGG,733
22647,CERAMIC LOVE HEART MONEY BANK,732
22696,WICKER WREATH LARGE,731
72349B,SET/6 PURPLE BUTTERFLY T-LIGHTS,731
22071,SMALL WHITE RETROSPOT MUG IN BOX,730
22361,GLASS JAR DAISY FRESH COTTON WOOL,729
21503,TOYBOX  WRAP,726
22040,BOTANICAL ROSE GIFT WRAP,725
21249,WOODLAND  HEIGHT CHART STICKERS,724
72807C,SET/3 VANILLA SCENTED CANDLE IN BOX,721
84459B,YELLOW METAL CHICKEN HEART,721
22863,SOAP DISH BROCANTE,721
21577,SAVE THE PLANET COTTON TOTE BAG,720
23033,DRAWER KNOB CERAMIC RED,720
20966,SANDWICH BATH SPONGE,719
22520,CHILDS GARDEN TROWEL BLUE,719
37450,CERAMIC CAKE BOWL + HANGING CAKES,717
20846,ZINC HEART LATTICE T-LIGHT HOLDER,717
84459A,PINK METAL CHICKEN HEART,717
23235,STORAGE TIN VINTAGE LEAF,715
22251,BIRDHOUSE DECORATION MAGIC GARDEN,714
22664,TOY TIDY DOLLY GIRL DESIGN,713
82567,"AIRLINE LOUNGE,METAL SIGN",713
84944,SET OF 6 KASHMIR FOLKART BAUBLES,711
22681,FRENCH BLUE METAL DOOR SIGN 6,710
84660B,BLACK STITCHED WALL CLOCK,709
84926D,LA PALMIERA TILE COASTER,709
85093,CANDY SPOT EGG WARMER HARE,708
22334,DINOSAUR PARTY BAG + STICKER SET,707
79190B,RETRO PLASTIC POLKA TRAY,707
DOT,DOTCOM POSTAGE,706
21112,SWISS ROLL TOWEL PINK  SPOTS,706
22831,WHITE BROCANTE SOAP DISH,706
21882,SKULLS TAPE,706
85039A,SET/4 RED MINI ROSE CANDLE IN BOWL,706
22688,DOORMAT PEACE ON EARTH BLUE,705
21066,VINTAGE RED MUG,703
37413,ICON MUG REVOLUTIONARY,703
23110,PARISIENNE KEY CABINET,702
23502,PLAYING CARDS VINTAGE DOILY,701
22358,KINGS CHOICE TEA CADDY,700
16161G,WRAP BAD HAIR DAY,700
18097C,WHITE TALL PORCELAIN T-LIGHT HOLDER,699
44234,ASSORTED CIRCULAR MOBILE,698
23057,BEADED CHANDELIER T-LIGHT HOLDER,698
82613D,METAL SIGN CUPCAKE SINGLE HOOK,697
21318,GLASS CHALICE BLUE SMALL,696
21116,OWL DOORSTOP,695
22305,COFFEE MUG PINK PAISLEY DESIGN,693
72586,SET OF 6 HALLOWEEN GHOST T-LIGHTS,693
21195,PINK  HONEYCOMB PAPER BALL,693
22935,BAKING MOULD ROSE MILK CHOCOLATE,690
22232,JIGSAW TOADSTOOLS 3 PIECE,690
21257,VICTORIAN SEWING BOX MEDIUM,689
22838,3 TIER CAKE TIN RED AND CREAM,689
35957,SMALLFOLKART BAUBLE CHRISTMAS DEC,688
22588,CARD HOLDER GINGHAM HEART,687
85032D,YULETIDE IMAGES GIFT WRAP SET,687
85032C,CURIOUS IMAGES GIFT WRAP SET,685
35598D,PINK/WHITE CHRISTMAS TREE 60CM,684
85071C,"\"CHARLIE+LOLA\"\"EXTREMELY BUSY\"\" SIGN\"",683
22635,CHILDS BREAKFAST SET DOLLY GIRL,682
23473,WOODLAND SMALL RED FELT HEART,679
22682,FRENCH BLUE METAL DOOR SIGN 7,677
22190,LOCAL CAFE MUG,676
85202,HANGING WOOD AND FELT HEART,676
22689,DOORMAT MERRY CHRISTMAS RED,673
22092,BLUE PAISLEY TISSUE BOX,672
22247,BUNNY DECORATION MAGIC GARDEN,670
23127,FELTCRAFT GIRL NICOLE KIT,669
22310,IVORY KNITTED MUG COSY,668
85183A,CHARLIE & LOLA WASTEPAPER BIN BLUE,667
23392,SPACEBOY ROCKET LOLLY MAKERS,667
22846,BREAD BIN DINER STYLE RED,665
16015,MEDIUM CHINESE STYLE SCISSOR,662
21640,ASSORTED TUTTI FRUTTI  FOB NOTEBOOK,662
84660C,PINK STITCHED WALL CLOCK,661
22316,200 BENDY SKULL STRAWS,661
16169M,WRAP DAISY CARPET,660
21125,SET 6 FOOTBALL CELEBRATION CANDLES,660
22592,CARDHOLDER HOLLY WREATH METAL,658
23055,IVORY CHANDELIER T-LIGHT HOLDER,658
20986,BLUE CALCULATOR RULER,657
22254,FELT TOADSTOOL LARGE,657
22081,RIBBON REEL FLORA + FAUNA,654
23052,RECYCLED ACAPULCO MAT TURQUOISE,654
21112,"SWISS ROLL TOWEL, PINK  SPOTS",653
47422,ASSORTED MONKEY SUCTION CUP HOOK,653
23559,WOODLAND BUNNIES LOLLY MAKERS,652
85106,CUT GLASS HEXAGON T-LIGHT HOLDER,651
21463,MIRRORED DISCO BALL,651
22252,BIRDCAGE DECORATION TEALIGHT HOLDER,650
22052,VINTAGE CARAVAN GIFT WRAP,650
22595,CHRISTMAS GINGHAM HEART,649
22312,OFFICE MUG WARMER POLKADOT,649
85114A,BLACK ENCHANTED FOREST PLACEMAT,649
84341B,SMALL PINK MAGIC CHRISTMAS TREE,645
15044D,RED PAPER PARASOL,645
22683,FRENCH BLUE METAL DOOR SIGN 8,644
79337,BLUE FLOCK GLASS CANDLEHOLDER,644
23564,EGG CUP MILKMAID INGRID,644
21356,TOAST ITS - FAIRY FLOWER,643
22742,MAKE YOUR OWN PLAYTIME CARD KIT,643
22524,CHILDRENS GARDEN GLOVES BLUE,642
85094,CANDY SPOT EGG WARMER RABBIT,641
21948,SET OF 6 CAKE CHOPSTICKS,641
21471,STRAWBERRY RAFFIA FOOD COVER,641
22242,5 HOOK HANGER MAGIC TOADSTOOL,640
22575,METAL MERRY CHRISTMAS WREATH,639
22990,COTTON APRON PANTRY DESIGN,638
21991,BOHEMIAN COLLAGE STATIONERY SET,635
23109,LED TEA LIGHTS,635
35810A,ENAMEL PINK COFFEE CONTAINER,634
21675,BUTTERFLIES STICKERS,634
22480,RED TEA TOWEL CLASSIC DESIGN,631
23568,EGG CUP HENRIETTA HEN CREAM,630
22255,FELT TOADSTOOL  SMALL,629
23403,LETTER HOLDER HOME SWEET HOME,626
23131,MISTLETOE HEART WREATH CREAM,625
72225C,LAVENDER SCENT CAKE CANDLE,624
20735,BLACK MINI TAPE MEASURE,623
21927,BLUE/CREAM STRIPE CUSHION COVER,623
85131B,BEADED CRYSTAL HEART GREEN ON STICK,623
85159B,"WHITE TEA,COFFEE,SUGAR JARS",622
22781,GUMBALL MAGAZINE RACK,622
22430,ENAMEL WATERING CAN CREAM,622
85035B,CHOCOLATE 3 WICK MORRIS BOX CANDLE,620
22719,GUMBALL MONOCHROME COAT RACK,620
35646,VINTAGE BEAD PINK EVENING BAG,619
22364,GLASS JAR DIGESTIVE BISCUITS,619
22521,CHILDS GARDEN TROWEL PINK,618
85174,S/4 CACTI CANDLES,617
85186A,EASTER BUNNY GARLAND OF FLOWERS,615
21455,PAINTED YELLOW WOODEN DAISY,612
90058B,CRYSTAL STUD EARRINGS ASSORTED COL,612
21059,PARTY INVITES DINOSAURS,611
23398,HANGING HEART BONHEUR,610
47567B,TEA TIME KITCHEN APRON,609
22942,CHRISTMAS LIGHTS 10 SANTAS,609
72598,SET/12 TAPER CANDLES,607
84926A,WAKE UP COCKEREL TILE COASTER,604
23526,WALL ART DOG LICENCE,604
84763,ZINC FINISH 15CM PLANTER POTS,601
22756,LARGE YELLOW BABUSHKA NOTEBOOK,599
23252,VINTAGE RED ENAMEL TRIM JUG,599
20866,BLUE ROSE FABRIC MIRROR,598
22860,EASTER TIN CHICKS PINK DAISY,598
21894,POTTING SHED SEED ENVELOPES,597
22926,IVORY GIANT GARDEN THERMOMETER,597
22233,JIGSAW RABBIT AND BIRDHOUSE,597
22636,CHILDS BREAKFAST SET CIRCUS PARADE,595
23358,HOT STUFF HOT WATER BOTTLE,595
22685,FRENCH BLUE METAL DOOR SIGN 0,594
85231G,ORANGE SCENTED SET/9 T-LIGHTS,594
22107,PIZZA PLATE IN BOX,594
22248,DECORATION  PINK CHICK MAGIC GARDEN,594
21126,SET OF 6 GIRLS CELEBRATION CANDLES,593
79051A,SMOKEY GREY COLOUR D.O.F. GLASS,591
22181,SNOWSTORM PHOTO FRAME FRIDGE MAGNET,591
22063,CERAMIC BOWL WITH STRAWBERRY DESIGN,590
22687,DOORMAT CHRISTMAS VILLAGE,590
22842,BISCUIT TIN VINTAGE RED,589
85054,FRENCH ENAMEL POT W LID,589
22934,BAKING MOULD EASTER EGG WHITE CHOC,589
17129F,BLUE GLASS GEMS IN BAG,588
22216,T-LIGHT HOLDER WHITE LACE,588
22062,CERAMIC BOWL WITH LOVE HEART DESIGN,588
22261,FELT EGG COSY WHITE RABBIT,585
22796,PHOTO FRAME 3 CLASSIC HANGING,584
22057,CERAMIC PLATE STRAWBERRY DESIGN,584
82613B,"METAL SIGN,CUPCAKE SINGLE HOOK",584
22061,LARGE CAKE STAND  HANGING STRAWBERY,583
47021G,SET/6 BEAD COASTERS GAUZE BAG GOLD,582
22905,CALENDAR IN SEASON DESIGN,582
21906,PHARMACIE FIRST AID TIN,581
23048,SET OF 10 LANTERNS FAIRY LIGHT STAR,581
23515,EMBROIDERED RIBBON REEL DAISY,579
23164,REGENCY CAKE SLICE,578
35004B,SET OF 3 BLACK FLYING DUCKS,577
22116,METAL SIGN HIS DINNER IS SERVED,575
20839,FRENCH PAISLEY CUSHION COVER,575
22105,MIRROR MOSAIC GOBLET CANDLE HOLDER,574
22583,PACK OF 6 HANDBAG GIFT BOXES,574
21454,PAINTED PINK RABBIT,573
23511,EMBROIDERED RIBBON REEL EMILY,573
22314,OFFICE MUG WARMER CHOC+BLUE,571
22856,ASSORTED EASTER DECORATIONS  BELLS,569
23553,LANDMARK FRAME CAMDEN TOWN,569
84596J,MIXED NUTS LIGHT GREEN BOWL,568
22229,BUNNY WOODEN PAINTED WITH FLOWER,568
21289,LARGE STRIPES CHOCOLATE GIFT BAG,567
23091,ZINC HERB GARDEN CONTAINER,567
23124,18PC WOODEN CUTLERY SET DISPOSABLE,567
21115,ROSE CARAVAN DOORSTOP,566
84422,PINK/BLUE DISC/MIRROR STRING,566
23513,EMBROIDERED RIBBON REEL SUSIE,566
23396,LE JARDIN BOTANIQUE CUSHION COVER,566
85130D,BEADED CRYSTAL HEART PINK LARGE,565
84596E,SMALL LICORICE DES PINK BOWL,565
22313,OFFICE MUG WARMER PINK,565
37449,CERAMIC CAKE STAND + HANGING CAKES,564
21065,BOOM BOX SPEAKER GIRLS,564
23283,DOORMAT VINTAGE LEAF,564
85016,SET OF 6 VINTAGE NOTELETS KIT,563
21191,LARGE WHITE HONEYCOMB PAPER BELL,562
22287,DECORATION WOBBLY CHICKEN,560
35598B,BLACK CHRISTMAS TREE 60CM,558
84969,BOX OF 6 ASSORTED COLOUR TEASPOONS,558
84754,S/15 SILVER GLASS BAUBLES IN BAG,558
23152,IVORY SWEETHEART WIRE LETTER RACK,558
23418,LAVENDER TOILETTE BOTTLE,558
23026,DRAWER KNOB VINTAGE GLASS STAR,557
84520B,PACK 20 ENGLISH ROSE PAPER NAPKINS,554
21272,SALLE DE BAIN HOOK,553
22260,FELT EGG COSY BLUE RABBIT,552
21557,SET OF 6 FUNKY BEAKERS,551
21643,ASSORTED TUTTI FRUTTI MIRROR,550
22701,PINK DOG BOWL,549
21813,GARLAND WITH STARS AND BELLS,549
85049D,BRIGHT BLUES RIBBONS,549
47574A,ENGLISH ROSE SCENTED HANGING FLOWER,549
22374,AIRLINE BAG VINTAGE JET SET RED,549
22085,PAPER CHAIN KIT SKULLS,548
23490,T-LIGHT HOLDER HANGING LOVE BIRD,548
85132A,CHARLIE + LOLA BISCUITS TINS,547
23112,PARISIENNE CURIO CABINET,547
23003,TRAVEL CARD WALLET VINTAGE ROSE,542
72800E,4 IVORY DINNER CANDLES SILVER FLOCK,541
22265,EASTER DECORATION NATURAL CHICK,540
21062,PARTY INVITES SPACEMAN,539
82613C,"METAL SIGN,CUPCAKE SINGLE HOOK",538
22445,PENCIL CASE LIFE IS BEAUTIFUL,537
17013D,ORIGAMI ROSE INCENSE IN TUBE,535
22684,FRENCH BLUE METAL DOOR SIGN 9,533
20840,FRENCH FLORAL CUSHION COVER,533
21258,VICTORIAN SEWING BOX LARGE,532
22068,BLACK PIRATE TREASURE CHEST,531
21744,SNOWFLAKE PORTABLE TABLE LIGHT,531
72803A,ROSE SCENT CANDLE JEWELLED DRAWER,531
22268,EASTER DECORATION SITTING BUNNY,531
79030D,TUMBLER BAROQUE,531
22841,ROUND CAKE TIN VINTAGE GREEN,530
85132B,CHARLIE AND LOLA TABLE TINS,529
22135,MINI LADLE LOVE HEART PINK,529
21063,PARTY INVITES JAZZ HEARTS,528
21617,4 LILY  BOTANICAL DINNER CANDLES,528
85186C,BUNNY EGG GARLAND,528
22485,SET OF 2 WOODEN MARKET CRATES,526
22120,WELCOME  WOODEN BLOCK LETTERS,526
17012B,ORIGAMI JASMINE INCENSE/CANDLE SET,525
23092,LARGE ANTIQUE WHITE PHOTO FRAME,525
23216,LAUREL HEART ANTIQUE GOLD,525
22458,CAST IRON HOOK GARDEN FORK,523
21039,RED RETROSPOT SHOPPING BAG,523
21794,CLASSIC FRENCH STYLE BASKET NATURAL,522
22626,BLACK KITCHEN SCALES,520
51008,AFGHAN SLIPPER SOCK PAIR,519
21730,GLASS STAR FROSTED T-LIGHT HOLDER,518
23452,HEART MINI PORTRAIT FRAME,518
23534,STOP FOR TEA WALL ART,518
84509G,SET OF 4 FAIRY CAKE PLACEMATS,517
22468,BABUSHKA LIGHTS STRING OF 10,517
85114C,RED ENCHANTED FOREST PLACEMAT,516
21775,DECORATIVE FLORE BATHROOM BOTTLE,515
22176,BLUE OWL SOFT TOY,513
84519A,TOMATO CHARLIE+LOLA COASTER SET,512
22393,PAPERWEIGHT VINTAGE COLLAGE,512
84976,RECTANGULAR SHAPED MIRROR,512
85019B,BLOSSOM  IMAGES NOTEBOOK SET,512
21373,MIRRORED WALL ART SNOWFLAKES,512
84827,ASS DES PHONE SPONGE CRAFT STICKER,511
22123,PING MICROWAVE APRON,509
82599,FANNY'S REST STOPMETAL SIGN,508
37482P,CUBIC MUG PINK POLKADOT,506
22179,SET 10 NIGHT OWL LIGHTS,506
22559,SEASIDE FLYING DISC,505
21520,BOOZE & WOMEN GREETING CARD,504
22541,MINI JIGSAW LEAP FROG,504
84313C,ORANGE TV TRAY TABLE,504
22031,BOTANICAL LAVENDER BIRTHDAY CARD,504
16049,TEATIME GEL PENS ASST,504
22473,TV DINNER TRAY VINTAGE PAISLEY,503
85180A,RED HEARTS LIGHT CHAIN,503
85034A,3 GARDENIA MORRIS BOXED CANDLES,501
23512,EMBROIDERED RIBBON REEL ROSIE,501
21204,DAISIES  HONEYCOMB GARLAND,499
21194,PINK  HONEYCOMB PAPER FAN,499
23007,SPACEBOY BABY GIFT SET,499
21175,GIN AND TONIC DIET METAL SIGN,498
23050,RECYCLED ACAPULCO MAT GREEN,497
21306,SET/4 DAISY MIRROR MAGNETS,495
84849D,HOT BATHS SOAP HOLDER,494
21043,APRON MODERN VINTAGE COTTON,494
21898,POTTING SHED ROSE CANDLE,493
22449,SILK PURSE BABUSHKA PINK,492
75131,METAL TUBE CHIME ON BAMBOO,490
23058,CHRISTMAS HANGING SNOWFLAKE,490
22525,CHILDRENS GARDEN GLOVES PINK,489
23397,FOOT STOOL HOME SWEET HOME,489
21061,PARTY INVITES FOOTBALL,488
20886,BOX OF 9 PEBBLE CANDLES,486
21747,SMALL SKULL WINDMILL,485
35967,FOLK ART METAL STAR T-LIGHT HOLDER,485
21311,SET/4 BIRD MIRROR MAGNETS,485
85130C,BEADED CRYSTAL HEART BLUE  LARGE,483
22259,FELT FARM ANIMAL HEN,481
22363,GLASS JAR MARMALADE,481
21527,RED RETROSPOT TRADITIONAL TEAPOT,481
85173,SET/6 FROG PRINCE T-LIGHT CANDLES,479
16052,TEATIME PUSH DOWN RUBBER,479
22953,BIRTHDAY PARTY CORDON BARRIER TAPE,478
84625A,PINK NEW BAROQUECANDLESTICK CANDLE,478
22482,BLUE TEA TOWEL CLASSIC DESIGN,478
85114B,IVORY ENCHANTED FOREST PLACEMAT,478
23514,EMBROIDERED RIBBON REEL SALLY,478
84951A,SET OF 4 PISTACHIO LOVEBIRD COASTER,476
22288,HANGING METAL RABBIT DECORATION,475
21202,DOLLY HONEYCOMB GARLAND,475
22038,BOTANICAL LAVENDER GIFT WRAP,475
44235,ASS COL CIRCLE MOBILE,474
23419,HOME SWEET HOME BOTTLE,474
47469,ASSORTED SHAPES PHOTO CLIP SILVER,473
16258A,SWIRLY CIRCULAR RUBBERS IN BAG,472
22853,CAT BOWL VINTAGE CREAM,472
84519B,CARROT CHARLIE+LOLA COASTER SET,472
22981,PANTRY APPLE CORER,472
22280,POCKET BAG PINK PAISELY BROWN SPOT,469
22914,BLUE COAT RACK PARIS FASHION,468
22357,KINGS CHOICE BISCUIT TIN,468
84569D,PACK 6 HEART/ICE-CREAM PATCHES,468
23081,GREEN METAL BOX ARMY SUPPLIES,468
22199,FRYING PAN RED RETROSPOT,467
23424,GINGHAM RECIPE BOOK BOX,466
15044A,PINK PAPER PARASOL,464
22911,PAPER CHAIN KIT LONDON,464
20707,CRAZY DAISY HEART DECORATION,464
17012D,ORIGAMI ROSE INCENSE/CANDLE SET,463
22783,SET 3 WICKER OVAL BASKETS W LIDS,463
22318,FIVE HEART HANGING DECORATION,462
35971,ROSE FOLKART HEART DECORATIONS,462
20665,RED RETROSPOT PURSE,461
22179,SET 10 LIGHTS NIGHT OWL,461
23400,SHELF WITH 4 HOOKS HOME SWEET HOME,461
22425,ENAMEL COLANDER CREAM,460
75178,ASSTD COL BUTTERFLY/CRYSTAL W/CHIME,459
23125,6PC WOOD PLATE SET DISPOSABLE,459
23401,RUSTIC MIRROR WITH LACE HEART,459
20868,SILVER FABRIC MIRROR,458
23535,BICYCLE SAFTEY WALL ART,458
21446,12 RED ROSE PEG PLACE SETTINGS,457
23406,HOME SWEET HOME KEY HOLDER,457
23049,RECYCLED ACAPULCO MAT RED,456
23697,A PRETTY THANK YOU CARD,456
23075,PARLOUR CERAMIC WALL HOOK,455
22946,WOODEN ADVENT CALENDAR CREAM,454
22129,PARTY CONES CANDY DECORATION,454
22341,LOVE GARLAND PAINTED ZINC,453
85159A,"BLACK TEA,COFFEE,SUGAR JARS",453
23357,HOT WATER BOTTLE SEX BOMB,453
72799E,IVORY PILLAR CANDLE SILVER FLOCK,452
85170D,SET/6 PINK BIRD T-LIGHT CANDLES,451
22843,BISCUIT TIN VINTAGE GREEN,451
15060B,FAIRY CAKE DESIGN UMBRELLA,451
35651,VINTAGE BEAD PINK SCARF,451
84951B,SET OF 4 BLACK LOVEBIRD COASTERS,451
22925,BLUE GIANT GARDEN THERMOMETER,450
84625C,BLUE NEW BAROQUE CANDLESTICK CANDLE,449
17012F,ORIGAMI SANDLEWOOD INCENSE/CAND SET,448
21219,SET/4 BADGES BALLOON GIRL,448
22839,3 TIER CAKE TIN GREEN AND CREAM,447
79160,HEART SHAPE WIRELESS DOORBELL,447
22453,MEASURING TAPE BABUSHKA BLUE,444
22223,CAKE PLATE LOVEBIRD PINK,441
21442,GREEN BIRDHOUSE DECORATION,440
37495,FAIRY CAKE BIRTHDAY CANDLE SET,440
22446,PIN CUSHION BABUSHKA PINK,439
21807,WHITE CHRISTMAS STAR DECORATION,439
23556,LANDMARK FRAME COVENT GARDEN,439
21171,BATHROOM METAL SIGN,438
23394,POSTE FRANCE CUSHION COVER,438
23008,DOLLY GIRL BABY GIFT SET,435
22822,CREAM WALL PLANTER HEART SHAPED,434
20658,RED RETROSPOT LUGGAGE TAG,434
84031A,CHARLIE+LOLA RED HOT WATER BOTTLE,431
23338,EGG FRYING PAN RED,431
22927,GREEN GIANT GARDEN THERMOMETER,430
84926F,PSYCHEDELIC TILE COASTER,430
23219,LAUREL STAR ANTIQUE SILVER,430
23283,DOORMAT VINTAGE LEAVES DESIGN,430
85169C,EAU DE NIL LOVE BIRD CANDLE,429
23598,PAPER BUNTING VINTAGE PARTY,428
22032,BOTANICAL LILY GREETING CARD,427
23325,RUSTIC STRAWBERRY JAM POT SMALL,426
84356,POMPOM CURTAIN,424
21846,PINK DIAMANTE PEN IN GIFT BOX,424
22891,TEA FOR ONE POLKADOT,424
23555,LANDMARK FRAME NOTTING HILL,424
23554,LANDMARK FRAME OXFORD STREET,424
17084P,DRAGONS BLOOD INCENSE,423
23022,SMALL BONNE JAM JAR  T-LIGHT HOLDER,422
17012C,ORIGAMI LAVENDER INCENSE/CANDL SET,421
21441,BLUE BIRDHOUSE DECORATION,421
35809A,ENAMEL PINK TEA CONTAINER,421
22471,TV DINNER TRAY AIR HOSTESS,420
22246,MAGIC GARDEN FELT GARLAND,419
23482,PEARLISED IVORY HEART LARGE,418
23558,LANDMARK FRAME LONDON BRIDGE,418
22277,COSMETIC BAG VINTAGE ROSE PAISLEY,417
22069,BROWN  PIRATE TREASURE CHEST,416
22165,"DIAMANTE HEART SHAPED WALL MIRROR,",415
84078A,SET/4 WHITE RETRO STORAGE CUBES,415
23139,SINGLE WIRE HOOK PINK HEART,415
85019A,ROMANTIC IMAGES NOTEBOOK SET,414
20752,BLUE POLKADOT WASHING UP GLOVES,414
21926,RED/CREAM STRIPE CUSHION COVER,414
22591,CARDHOLDER GINGHAM CHRISTMAS TREE,413
21666,RIDGED GLASS T-LIGHT HOLDER,412
21785,RAIN PONCHO,412
22067,CHOC TRUFFLE GOLD TRINKET POT,412
21358,TOAST ITS - HAPPY BIRTHDAY,412
22042,CHRISTMAS CARD SINGING ANGEL,411
22519,CHILDS GARDEN BRUSH PINK,411
21625,VINTAGE UNION JACK APRON,411
85059,FRENCH ENAMEL WATER BASIN,411
72760B,VINTAGE CREAM 3 BASKET CAKE STAND,410
23565,EGG CUP MILKMAID HELGA,410
23314,VINTAGE CHRISTMAS TABLECLOTH,409
21717,EASTER TIN BUCKET,408
21724,PANDA AND BUNNIES STICKER SHEET,408
22362,GLASS JAR PEACOCK BATH SALTS,408
23526,DOG LICENCE WALL ART,408
22278,OVERNIGHT BAG VINTAGE ROSE PAISLEY,406
21618,4 WILDFLOWER BOTANICAL CANDLES,406
21897,POTTING SHED CANDLE CITRONELLA,405
21060,PARTY INVITES BALLOON GIRL,405
22127,PARTY CONES CARNIVAL ASSORTED,404
21284,RETROSPOT CANDLE  SMALL,404
17136A,BLUE STONES ON WIRE FOR CANDLE,404
85071D,CHARLIE+LOLA MY ROOM DOOR SIGN,403
21925,UNION STRIPE CUSHION COVER,403
22538,MINI JIGSAW GO TO THE FAIR,403
22203,MILK PAN RED RETROSPOT,403
21723,ALPHABET HEARTS STICKER SHEET,401
20716,PARTY FOOD SHOPPER BAG,400
23205,CHARLOTTE BAG ALPHABET  DESIGN,400
84535A,ENGLISH ROSE NOTEBOOK A6 SIZE,399
22200,FRYING PAN PINK POLKADOT,398
21913,VINTAGE SEASIDE JIGSAW PUZZLES,398
72807B,SET/3 OCEAN SCENT CANDLE JEWEL BOX,397
84559A,3D SHEET OF DOG STICKERS,397
35004C,SET OF 3 COLOURED  FLYING DUCKS,394
72807A,SET/3 ROSE CANDLE IN JEWELLED BOX,394
21812,GARLAND WITH HEARTS AND BELLS,394
22890,NOVELTY BISCUITS CAKE STAND 3 TIER,391
22852,DOG BOWL VINTAGE CREAM,390
47580,TEA TIME DES TEA COSY,390
84580,MOUSE TOY WITH PINK T-SHIRT,390
23391,I LOVE LONDON MINI BACKPACK,389
77101A,UNION FLAG WINDSOCK,388
22459,CAST IRON HOOK GARDEN TROWEL,386
21622,VINTAGE UNION JACK CUSHION COVER,386
23536,VILLAGE SHOW WALL ART,386
20838,FRENCH LATTICE CUSHION COVER,385
79190A,RETRO PLASTIC 70'S TRAY,384
21470,FLOWER VINE RAFFIA FOOD COVER,383
23085,ANTIQUE SILVER BAUBLE LAMP,381
84279P,CHERRY BLOSSOM  DECORATIVE FLASK,380
37500,TEA TIME TEAPOT IN GIFT BOX,380
23545,WRAP RED DOILEY,380
22589,CARDHOLDER GINGHAM STAR,379
22136,LOVE HEART SOCK HANGER,379
23218,LAUREL STAR ANTIQUE GOLD,379
85049F,BABY BOOM RIBBONS,378
21352,EUCALYPTUS & PINECONE  WREATH,378
23335,EGG FRYING PAN IVORY,378
21534,DAIRY MAID LARGE MILK JUG,376
23694,PAISLEY PARK CARD,376
16156L,WRAP CAROUSEL,375
22182,CAKE STAND VICTORIAN FILIGREE SMALL,374
22405,MONEY BOX POCKET MONEY DESIGN,374
22257,FELT FARM ANIMAL SHEEP,373
21693,SMALL HAMMERED SILVER CANDLEPOT,373
23342,MINT DINER WALL CLOCK,373
22691,DOORMAT WELCOME SUNRISE,372
21187,WHITE BELL HONEYCOMB PAPER GARLAND,371
16168M,FUNKY MONKEY GIFT BAG MEDIUM,371
23128,FELTCRAFT BOY JEAN-PAUL KIT,371
79302M,"ART LIGHTS,FUNK MONKEY",370
22309,TEA COSY RED  STRIPE,370
85036B,CHOCOLATE 1 WICK MORRIS BOX CANDLE,369
81952V,ROUND PURPLE CLOCK WITH SUCKER,367
35965,FOLKART HEART NAPKIN RINGS,366
21285,RETROSPOT CANDLE  MEDIUM,365
22021,BLUE FELT EASTER EGG BASKET,365
23051,RECYCLED ACAPULCO MAT BLUE,365
23053,RECYCLED ACAPULCO MAT PINK,365
22660,DOORMAT I LOVE LONDON,364
23272,TREE T-LIGHT HOLDER WILLIE WINKIE,364
22518,CHILDS GARDEN BRUSH BLUE,363
21365,MIRRORED WALL ART STARS,363
23518,EMBROIDERED RIBBON REEL RACHEL,362
22703,PINK CAT BOWL,360
84800L,LARGE WHITE/PINK ROSE ART FLOWER,360
21288,STRIPEY CHOCOLATE NESTING BOXES,358
21945,STRAWBERRIES  DESIGN FLANNEL,358
23412,HEART MIRROR ANTIQUE WHITE,358
84247G,"DECOUPAGE,GREETING CARD,",357
23542,WALL ART 70'S ALPHABET,356
21189,WHITE HONEYCOMB PAPER GARLAND,355
22121,NOEL WOODEN BLOCK LETTERS,353
21867,PINK UNION JACK  LUGGAGE TAG,353
22913,RED COAT RACK PARIS FASHION,352
22119,PEACE WOODEN BLOCK LETTERS,351
85169D,PINK LOVE BIRD CANDLE,351
22777,GLASS CLOCHE LARGE,350
23025,DRAWER KNOB VINTAGE GLASS BALL,350
23557,LANDMARK FRAME BAKER STREET,350
21448,12 DAISY PEGS IN WOOD BOX,349
22106,MIRROR MOSAIC HURRICANE LAMP,349
22375,AIRLINE BAG VINTAGE JET SET BROWN,349
23046,PAPER LANTERN 9 POINT DELUXE STAR,349
21688,SILVER PLATE CANDLE BOWL SMALL,348
71101E,STANDING FAIRY POLE SUPPORT,348
21220,SET/4 BADGES DOGS,348
21706,FOLDING UMBRELLA RED/WHITE POLKADOT,347
22406,MONEY BOX KINGS CHOICE DESIGN,346
21424,WOODLAND STORAGE BOX LARGE,346
21719,LOVELY BONBON STICKER SHEET,345
22808,SET OF 6 T-LIGHTS EASTER CHICKS,345
82616B,FRAPPUCINO SCARF KNITTING KIT,344
21792,CLASSIC FRENCH STYLE BASKET GREEN,344
22215,CAKE STAND WHITE TWO TIER LACE,343
84993A,75 GREEN PETIT FOUR CASES,343
23107,WHITE HEARTS WIRE PLANT POT HOLDER,343
21417,COCKLE SHELL DISH,340
85087,CANDY SPOT CUSHION COVER,339
22389,PAPERWEIGHT SAVE THE PLANET,338
85230F,JASMINE VOTIVE CANDLE,338
22033,BOTANICAL ROSE GREETING CARD,337
85187,S/12 MINI RABBIT EASTER,337
21944,KITTENS DESIGN FLANNEL,337
22073,RED RETROSPOT STORAGE JAR,336
84558A,3D DOG PICTURE PLAYING CARDS,336
21972,SET OF 36 DINOSAUR PAPER DOILIES,335
85170C,SET/6 EAU DE NIL BIRD T-LIGHTS,335
21042,RED RETROSPOT APRON,335
21262,WHITE GOOSE FEATHER CHRISTMAS TREE,335
23525,WALL ART BUFFALO BILL,335
22498,WOODEN REGATTA BUNTING,334
22180,RETROSPOT LAMP,334
23072,MARIE ANTOINETTE TRINKET BOX SILVER,334
23517,EMBROIDERED RIBBON REEL REBECCA,334
21537,RED RETROSPOT PUDDING BOWL,333
21828,EIGHT PIECE SNAKE  SET,333
21820,GLITTER HEART GARLAND WITH BELLS,332
23469,CARD HOLDER LOVE BIRD SMALL,332
23538,WALL ART VINTAGE HEART,332
20867,PINK ROSE FABRIC MIRROR,331
85025B,EAU DE NILE HEART SHAPE PHOTO FRAME,331
23178,JAM CLOCK MAGNET,330
85169B,BLACK LOVE BIRD CANDLE,329
21143,ANTIQUE GLASS HEART DECORATION,328
23415,HOME SWEET HOME HOOK,328
22263,FELT EGG COSY LADYBIRD,327
22794,SWEETHEART WIRE MAGAZINE RACK,326
21188,3D HEARTS  HONEYCOMB PAPER GARLAND,326
72122,COFFEE SCENT PILLAR CANDLE,325
51020A,SUMMER FUN DESIGN SHOWER CAP,325
22848,BREAD BIN DINER STYLE PINK,324
84912B,GREEN ROSE WASHBAG,324
82616C,MIDNIGHT GLAMOUR SCARF KNITTING KIT,324
21562,HAWAIIAN GRASS SKIRT,324
72802A,ROSE SCENT CANDLE IN JEWELLED BOX,324
23179,CLOCK MAGNET MUM'S KITCHEN,324
90058A,CRYSTAL STUD EARRINGS CLEAR DISPLAY,324
23453,OVAL  MINI PORTRAIT FRAME,324
17012A,ORIGAMI VANILLA INCENSE/CANDLE SET,323
23185,FRENCH STYLE STORAGE JAR JAM,323
85025C,PINK HEART SHAPE PHOTO FRAME,322
22472,TV DINNER TRAY DOLLY GIRL,322
22183,CAKE STAND VICTORIAN FILIGREE MED,322
15044B,BLUE PAPER PARASOL,321
22849,BREAD BIN DINER STYLE MINT,321
21067,VINTAGE RED TEATIME MUG,319
22286,"DECORATION , WOBBLY RABBIT , METAL",319
85188A,GREEN METAL SWINGING BUNNY,319
35911A,MULTICOLOUR RABBIT EGG WARMER,319
23529,WALL ART DOLLY GIRL,319
21518,BANK ACCOUNT  GREETING  CARD,318
23071,MARIE ANTOINETTE TRINKET BOX GOLD,318
23529,DOLLY GIRL WALL ART,318
84968C,SET OF 16 VINTAGE PISTACHIO CUTLERY,317
22475,SKULL DESIGN TV DINNER TRAY,316
23010,CIRCUS PARADE BABY GIFT SET,316
22606,WOODEN SKITTLES GARDEN SET,315
35915C,PEACH KNITTED HEN,315
84880,WHITE WIRE EGG HOLDER,314
15044C,PURPLE PAPER PARASOL,314
23111,PARISIENNE SEWING BOX,312
23474,WOODLAND SMALL BLUE FELT HEART,312
21683,MEDIUM MEDINA STAMPED METAL BOWL,310
23408,PHOTO FRAME LINEN AND LACE SMALL,310
20615,BLUE POLKADOT PASSPORT COVER,309
22236,CAKE STAND 3 TIER MAGIC GARDEN,308
84806B,WHITE CANDYSTUFT ARTIFICIAL FLOWER,308
23341,PINK DINER WALL CLOCK,308
21694,SMALL REGAL  SILVER CANDLEPOT,307
20755,BLUE PAISLEY POCKET BOOK,307
23237,SET OF 4 KNICK KNACK TINS LEAVES,306
23528,SPACEBOY WALL ART,306
23660,HENRIETTA HEN MUG,306
85039C,S/4 BLACK MINI ROSE CANDLE IN BOWL,305
22861,EASTER TIN CHICKS IN GARDEN,305
22894,TABLECLOTH RED APPLES DESIGN,305
21466,RED FLOWER CROCHET FOOD COVER,304
21793,CLASSIC FRENCH STYLE BASKET BROWN,304
84031B,CHARLIE LOLA BLUE HOT WATER BOTTLE,304
21374,MIRRORED WALL ART SKULLS,304
20669,RED HEART LUGGAGE TAG,304
22474,SPACEBOY TV DINNER TRAY,303
22514,CHILDS GARDEN SPADE BLUE,303
10080,GROOVY CACTUS INFLATABLE,303
21725,SWEETIES  STICKERS,301
21064,BOOM BOX SPEAKER BOYS,301
22283,6 EGG HOUSE PAINTED WOOD,301
84884A,ANT WHITE WIRE HEART SPIRAL,301
22638,SET OF 4 NAPKIN CHARMS CROWNS,300
21743,STAR PORTABLE TABLE LIGHT,300
20931,BLUE POT PLANT CANDLE,299
84927F,PSYCHEDELIC TILE HOOK,299
21421,PORCELAIN ROSE LARGE,299
23054,RECYCLED ACAPULCO MAT LAVENDER,297
23067,HANGING ENGRAVED METAL HEART,297
23516,EMBROIDERED RIBBON REEL SOPHIE,297
22442,GROW YOUR OWN FLOWERS SET OF 3,296
21698,MOCK LOBSTER FRIDGE MAGNET,296
23027,DRAWER KNOB VINTAGE GLASS HEXAGON,295
84569A,PACK 3 IRON ON DOG PATCHES,294
47471,RAINBOW PEGS PHOTO CLIP STRING,292
85123a,WHITE HANGING HEART T-LIGHT HOLDER,292
22256,FELT FARM ANIMAL CHICKEN,291
21695,SMALL SILVER FLOWER CANDLE POT,290
21469,POLKA DOT RAFFIA FOOD COVER,290
22454,MEASURING TAPE BABUSHKA RED,290
21407,BROWN CHECK CAT DOORSTOP,290
22276,WASH BAG VINTAGE ROSE PAISLEY,290
21408,SPOTTY PINK DUCK DOORSTOP,289
22104,MIRROR MOSAIC CANDLE PLATE,288
20914,SET/5 RED SPOTTY LID GLASS BOWLS,288
22928,YELLOW GIANT GARDEN THERMOMETER,288
22912,YELLOW COAT RACK PARIS FASHION,287
21942,SKULLS DESIGN FLANNEL,287
21371,MIRRORED WALL ART POPPIES,287
22317,FIVE CATS HANGING DECORATION,287
22939,APRON APPLE DELIGHT,287
82001S,SILVER RECORD COVER FRAME,287
21246,RED RETROSPOT BIG BOWL,286
47563A,RETRO LONGBOARD IRONING BOARD COVER,286
22324,BLUE POLKADOT KIDS BAG,286
23023,RIDGED BONNE JAM JAR T-LIGHT HOLDER,286
23475,WOODLAND SMALL PINK FELT HEART,286
21264,WHITE GOOSE FEATHER TREE 60CM,285
84997d,CHILDRENS CUTLERY POLKADOT PINK,285
23478,WOODLAND LARGE PINK FELT HEART,285
21197,MULTICOLOUR  CONFETTI IN TUBE,284
22776,SWEETHEART 3 TIER CAKE STAND,284
22495,SET OF 2 ROUND TINS CAMEMBERT,283
84228,HEN HOUSE W CHICK STANDING,283
23106,ZINC HEARTS PLANT POT HOLDER,283
84051,ASS COLOUR GLOWING TIARAS,282
84659A,WHITE TRAVEL ALARM CLOCK,280
22936,BAKING MOULD ROSE WHITE CHOCOLATE,279
85035A,GARDENIA 3 WICK MORRIS BOXED CANDLE,279
22372,AIRLINE BAG VINTAGE WORLD CHAMPION,279
22414,DOORMAT NEIGHBOURHOOD WITCH,279
23324,RUSTIC STRAWBERRY JAM POT LARGE,279
23451,SQUARE MINI PORTRAIT FRAME,278
20826,SILVER APERITIF GLASS,276
22760,"TRAY, BREAKFAST IN BED",275
85232B,SET OF 3 BABUSHKA STACKING TINS,275
23425,STORAGE TIN HOME SWEET HOME,275
23486,ANTIQUE HEART SHELF UNIT,275
21865,PINK UNION JACK  PASSPORT COVER,274
84913A,SOFT PINK ROSE TOWEL,273
21286,RETROSPOT CANDLE  LARGE,273
84997b,CHILDRENS CUTLERY RETROSPOT RED,273
84663A,GRASS HOPPER WOODEN WALL CLOCK,272
23402,HOME SWEET HOME 3 PEG HANGER,272
85180B,PINK HEARTS LIGHT CHAIN,271
21635,MADRAS NOTEBOOK LARGE,271
20686,DOLLY MIXTURE CHILDREN'S UMBRELLA,270
84251G,"GREETING CARD, OVERCROWDED POOL.",270
21818,GLITTER CHRISTMAS HEART,270
35819B,"ACRYLIC HANGING JEWEL,BLUE",270
23523,TREASURE AHOY WALL ART,270
23521,CAT AND BIRD WALL ART,270
22642,SET OF 4 NAPKIN CHARMS STARS,269
21222,SET/4 BADGES BEETLES,269
20893,HANGING BAUBLE T-LIGHT HOLDER SMALL,269
23543,KEEP CALM WALL ART,269
22390,PAPERWEIGHT CHILDHOOD MEMORIES,268
20652,BLUE POLKADOT LUGGAGE TAG,268
84968A,SET OF 16 VINTAGE ROSE CUTLERY,267
23407,SET OF 2 TRAYS HOME SWEET HOME,267
23527,ANIMALS AND NATURE WALL ART,267
35818P,"ACRYLIC JEWEL ICICLE, PINK",266
22515,CHILDS GARDEN SPADE PINK,266
20967,GREY FLORAL FELTCRAFT SHOULDER BAG,266
84849B,FAIRY SOAP SOAP HOLDER,266
79190D,RETRO PLASTIC DAISY TRAY,265
84997c,CHILDRENS CUTLERY POLKADOT BLUE,265
21467,CHERRY CROCHET FOOD COVER,264
47585A,PINK FAIRY CAKE CUSHION COVER,264
82494l,WOODEN FRAME ANTIQUE WHITE,264
22162,HEART GARLAND RUSTIC PADDED,264
23065,LARGE DECO JEWELLERY STAND,264
90209C,PINK ENAMEL+GLASS HAIR COMB,263
23009,I LOVE LONDON BABY GIFT SET,263
23153,ZINC SWEETHEART WIRE LETTER RACK,263
20619,TROPICAL PASSPORT COVER,262
85185B,PINK HORSE SOCK PUPPET,262
23485,BOTANICAL GARDENS WALL CLOCK,262
84820,DANISH ROSE TRINKET TRAYS,261
21221,SET/4 BADGES CUTE CREATURES,261
22806,SET OF 6 T-LIGHTS WEDDING CAKE,260
85088,CANDY SPOT HAND BAG,259
21026,SPACE OWL,258
47310M,SMALL POP BOX FUNKY MONKEY,258
21676,FLOWERS  STICKERS,257
21426,WOODLAND STORAGE BOX SMALL,256
84796B,BLUE SAVANNAH PICNIC HAMPER FOR 2,256
21739,COSY SLIPPER SHOES SMALL GREEN,256
23524,HORSE & PONY WALL ART,256
23024,LARGE BONNE JAM JAR  T-LIGHT HOLDER,255
22376,AIRLINE BAG VINTAGE JET SET WHITE,254
22496,SET OF 2 ROUND TINS DUTCH CHEESE,254
23253,16 PIECE CUTLERY SET PANTRY DESIGN,254
23405,HOME SWEET HOME 2 DRAWER CABINET,254
21205,MULTICOLOUR 3D BALLS GARLAND,253
22500,SET OF 2 TINS JARDIN DE PROVENCE,253
20767,BLUE PAISLEY JOURNAL,253
23562,SET OF 6 RIBBONS PERFECTLY PRETTY,253
21581,SKULLS  DESIGN  COTTON TOTE BAG,252
21576,LETS GO SHOPPING COTTON TOTE BAG,252
35912B,WHITE/PINK CHICK DECORATION,252
23103,BELL HEART DECORATION,252
23522,DOG AND BALL WALL ART,252
22511,RETROSPOT BABUSHKA DOORSTOP,251
21821,GLITTER STAR GARLAND WITH BELLS,251
85107,CUT GLASS T-LIGHT HOLDER OCTAGON,251
23079,TOADSTOOL BEDSIDE LIGHT,251
23316,RED REFECTORY CLOCK,251
23597,PAPER BUNTING PAISLEY PARK,251
22308,TEA COSY BLUE STRIPE,250
22325,MOBILE VINTAGE HEARTS,250
22039,BOTANICAL LILY GIFT WRAP,250
23074,EMBOSSED HEART TRINKET BOX,250
21638,ASSORTED TUTTI FRUTTI NOTEBOOK,249
21464,DISCO BALL ROTATOR BATTERY OPERATED,249
23060,HEART BEADED TRELLIS DECORATION,249
23525,BUFFALO BILL WALL ART,248
20772,GARDEN PATH JOURNAL,247
22504,CABIN BAG VINTAGE RETROSPOT,247
22428,ENAMEL FIRE BUCKET CREAM,246
23041,PAPER LANTERN 9 POINT SNOW STAR,246
21363,HOME SMALL WOOD LETTERS,245
84251B,"GREETING CARD, STICKY GORDON",245
20854,BLUE PATCH PURSE PINK HEART,244
22270,HAPPY EASTER HANGING DECORATION,244
85049a,TRADITIONAL CHRISTMAS RIBBONS,244
23066,SMALL DECO JEWELLERY STAND,243
84691,PACK 20 DOLLY PEGS,242
22782,SET 3 WICKER STORAGE BASKETS,241
23040,PAPER LANTERN 9 POINT SNOW STAR,241
22643,SET OF 4 NAPKIN CHARMS LEAVES,240
15058C,ICE CREAM DESIGN GARDEN PARASOL,240
23131,MISELTOE HEART WREATH CREAM,240
79051A,SMOKEY GREY COLOUR GLASS,240
23536,WALL ART VILLAGE SHOW,240
71270,PHOTO CLIP LINE,239
71038,WHITE HANGING BEADS CANDLE HOLDER,239
22461,SAVOY ART DECO CLOCK,239
23539,WALL ART LOVES' SECRET,239
22640,SET OF 4 NAPKIN CHARMS 3 KEYS,238
84970s,HANGING HEART ZINC T-LIGHT HOLDER,238
23427,STOOL HOME SWEET HOME,238
21106,CREAM SLICE FLANNEL CHOCOLATE SPOT,237
21726,MULTI HEARTS  STICKERS,237
84559B,3D SHEET OF CAT STICKERS,237
22410,MONEY BOX HOUSEKEEPING DESIGN,237
22167,OVAL WALL MIRROR DIAMANTE,237
21465,PINK FLOWER CROCHET FOOD COVER,237
22287,"DECORATION , WOBBLY CHICKEN, METAL",236
79063C,"RETRO PILL BOX KEY CHAIN,THE KING",235
21811,CHRISTMAS HANGING HEART WITH BELL,234
22060,LARGE CAKE STAND HANGING HEARTS,233
21089,SET/6 GREEN SPRING PAPER CUPS,233
22584,PACK OF 6 PANETTONE GIFT BOXES,233
46118,FUNKY MONKEY CUSHION COVER,232
22220,CAKE STAND LOVEBIRD 2 TIER WHITE,232
22118,JOY WOODEN BLOCK LETTERS,232
23470,CARD HOLDER LOVE BIRD LARGE,232
21696,SMALL SILVER TRELLIS CANDLEPOT,230
22829,SWEETHEART WIRE WALL TIDY,229
22409,MONEY BOX BISCUITS DESIGN,228
15058B,PINK POLKADOT GARDEN PARASOL,228
23491,VINTAGE JINGLE BELLS HEART,228
23481,PEARLISED IVORY HEART SMALL,228
21613,S/12 VANILLA  BOTANICAL T-LIGHTS,227
23411,TRELLIS COAT RACK,227
35933,PINK STOCKING CHRISTMAS DECORATION,226
47481,50CM METAL STRING WITH  7 CLIPS,226
23183,MOTHER'S KITCHEN SPOON REST,226
23336,EGG FRYING PAN PINK,226
17084J,LOVE POTION MASALA INCENSE,225
72819,CUPID DESIGN SCENTED CANDLES,225
21804,WHITE CHRISTMAS GARLAND STARS TREES,225
22497,SET OF 2 TINS VINTAGE BATHROOM,225
22611,VINTAGE UNION JACK SHOPPING BAG,225
23495,SET OF 3 PANTRY WOODEN SPOONS,225
23524,WALL ART HORSE & PONY,225
84799,SPRIG LAVENDER ARTIFICIAL FLOWER,224
85208,SET/12 FUNKY FELT FLOWER PEG IN BAG,224
23519,EMBROIDERED RIBBON REEL CLAIRE,224
21415,CLAM SHELL SMALL,223
22451,SILK PURSE BABUSHKA RED,223
85036A,GARDENIA 1 WICK MORRIS BOXED CANDLE,223
85215,ASSORTED CHEESE FRIDGE MAGNETS,223
84916,HAND TOWEL PALE BLUE W FLOWERS,223
84086C,PINK/PURPLE RETRO RADIO,222
85144,JARDIN ETCHED GLASS CHEESE DISH,221
23064,CINDERELLA CHANDELIER,221
35915B,BLUE KNITTED HEN,220
22788,BROCANTE COAT RACK,220
84876B,GREEN HEART COMPACT MIRROR,220
21243,PINK POLKADOT PLATE,220
21656,RIDGED GLASS POSY VASE,219
47578A,ENGLISH ROSE SMALL SCENTED FLOWER,219
72130,COLUMBIAN CANDLE ROUND,219
23423,PANTRY 3 HOOK ROLLING PIN HANGER,219
23661,MILK MAIDS MUG,219
21528,DAIRY MAID TRADITIONAL TEAPOT,218
21624,VINTAGE UNION JACK DOORSTOP,217
35599B,BLACK CHRISTMAS TREE 120CM,217
84915,HAND TOWEL PINK FLOWER AND DAISY,217
84509B,SET OF 4 FAIRY CAKE PLACEMATS,217
20704,MR ROBOT SOFT TOY,216
20856,DENIM PATCH PURSE PINK BUTTERFLY,216
20831,GOLD PHOTO FRAME,216
23168,CLASSIC SUGAR DISPENSER,216
85170B,SET/6 BLACK BIRD T-LIGHT CANDLES,215
21644,ASSORTED TUTTI FRUTTI HEART BOX,215
85064,CREAM SWEETHEART LETTER RACK,215
23409,PHOTO FRAME LINEN AND LACE LARGE,215
23533,WALL ART GARDEN HAVEN,215
21445,12 PINK ROSE PEG PLACE SETTINGS,214
18098C,PORCELAIN BUTTERFLY OIL BURNER,213
23315,IVORY REFECTORY CLOCK,213
23422,PANTRY HOOK BALLOON WHISK,213
21735,TWO DOOR CURIO CABINET,212
22157,ANGEL DECORATION WITH LACE PADDED,212
22510,GINGHAM BABUSHKA DOORSTOP,211
22509,SEWING BOX RETROSPOT DESIGN,211
23567,EGG CUP HENRIETTA HEN PINK,211
46776F,WOVEN ROSE GARDEN CUSHION COVER,210
23532,WALL ART WORK REST AND PLAY,210
47591B,SCOTTIES CHILDRENS APRON,209
85129D,BEADED CRYSTAL HEART PINK SMALL,208
84748,FOLK FELT HANGING MULTICOL GARLAND,208
22799,SWEETHEART WIRE FRUIT BOWL,208
22166,WALL MIRROR RECTANGLE DIAMANTE PINK,207
22763,KEY CABINET MA CAMPAGNE,207
22516,CHILDS GARDEN RAKE BLUE,207
22517,CHILDS GARDEN RAKE PINK,206
21248,DOOR HANGER  MUM + DADS ROOM,205
23476,WOODLAND LARGE RED FELT HEART,205
20932,PINK POT PLANT CANDLE,204
22813,PACK 3 BOXES BIRD PANETTONE,204
21147,JINGLE BELLS TREE DECORATION,203
22954,HEN PARTY CORDON BARRIER TAPE,202
47420,ASSORTED COLOUR SUCTION CUP HOOK,202
85104,SILVER GLASS T-LIGHT SET,201
35599D,PINK AND WHITE CHRISTMAS TREE 120CM,201
84970l,SINGLE HEART ZINC T-LIGHT HOLDER,201
22448,PIN CUSHION BABUSHKA RED,201
23181,BULL DOG BOTTLE TOP WALL CLOCK,201
15058A,BLUE POLKADOT GARDEN PARASOL,200
16169K,WRAP FOLK ART,200
20725,LUNCH BAG RED SPOTTY,200
17084A,TRANQUILITY MASALA INCENSE,200
81952B,ROUND BLUE CLOCK WITH SUCKER,200
47566b,TEA TIME PARTY BUNTING,199
35001G,HAND OPEN SHAPE GOLD,199
78124,MAGAZINE RACK GEBRA ASSORTED,199
23039,T-LIGHT HOLDER SILVER HEART HANDLE,199
21462,"NURSERY A,B,C PAINTED LETTERS",198
23576,SNACK TRAY RED VINTAGE DOILY,198
21320,GLASS CHALICE GREEN  LARGE,197
51020B,STRIPY DESIGN SHOWER CAP,197
20655,QUEEN OF SKIES LUGGAGE TAG,197
22204,MILK PAN BLUE POLKADOT,197
21587,COSY HOUR GIANT TUBE MATCHES,197
84913B,MINT GREEN ROSE TOWEL,196
22272,FELTCRAFT DOLL MARIA,196
35914,PINK CHICK EGG WARMER + EGG CUP,196
23037,CANDLE HOLDER SILVER MADELINE,196
22450,SILK PURSE BABUSHKA BLUE,195
21742,LARGE ROUND WICKER PLATTER,195
21721,CANDY SHOP  STICKER SHEET,195
84279B,CHERRY BLOSSOM DECORATIVE FLASK,195
20616,CHERRY BLOSSOM PASSPORT COVER,194
85232D,SET/3 DECOUPAGE STACKING TINS,194
84683,CLASSICAL ROSE CANDLESTAND,194
84674,FLYING PIG WATERING CAN,194
85179A,GREEN BITTY LIGHT CHAIN,193
22201,FRYING PAN BLUE POLKADOT,193
22903,CALENDAR FAMILY FAVOURITES,193
72128,COLUMBIAN CANDLE ROUND,193
10120,DOGGY RUBBER,193
85131C,BEADED CRYSTAL HEART BLUE ON STICK,193
22214,CANDLE PLATE LACE WHITE,193
85024B,EAU DE NILE JEWELLED PHOTOFRAME,193
18094C,WHITE AND BLUE CERAMIC OIL BURNER,192
21051,RIBBONS PURSE,192
21708,FOLDING UMBRELLA CREAM POLKADOT,191
79063D,"RETRO PILL BOX , REVOLUTIONARY",190
84581,DOG TOY WITH PINK CROCHET SKIRT,189
22320,BIRDS MOBILE VINTAGE DESIGN,189
21028,NINJA RABBIT BLACK,187
84789,ENCHANTED BIRD PLANT CAGE,187
85127,SMALL SQUARE CUT GLASS CANDLESTICK,187
21261,GREEN GOOSE FEATHER CHRISTMAS TREE,187
84952B,BLACK LOVE BIRD T-LIGHT HOLDER,186
84858C,PINK RIVIERA HANDBAG,186
20770,ABSTRACT CIRCLE JOURNAL,185
90209B,GREEN ENAMEL+GLASS HAIR COMB,185
20998,ROSE DU SUD OVEN GLOVE,185
47570B,TEA TIME TABLE CLOTH,185
23036,T-LIGHT HOLDER SILVER PETIT FOUR,185
22939,ADULT APRON APPLE DELIGHT,185
22359,GLASS JAR KINGS CHOICE,184
21056,DOCTOR'S BAG SOFT TOY,184
21379,CAMPHOR WOOD PORTOBELLO MUSHROOM,184
84917,WHITE HAND TOWEL WITH BUTTERFLY,184
85200,BUNNY EGG BOX,183
21682,LARGE MEDINA STAMPED METAL BOWL,182
21251,DINOSAUR HEIGHT CHART STICKER SET,182
21458,2 PICTURE BOOK EGGS EASTER BUNNY,182
85019C,CURIOUS  IMAGES NOTEBOOK SET,182
23140,TRIPLE WIRE HOOK IVORY HEART,182
21808,"CHRISTMAS GARLAND STARS,TREES",181
79144B,PAINTED LIGHTBULB STAR+ MOON,181
21580,RABBIT  DESIGN  COTTON TOTE BAG,181
21055,TOOL BOX SOFT TOY,180
20869,GOLD FABRIC MIRROR,180
84849A,HELLO SAILOR BLUE SOAP HOLDER,180
84931B,BLUE SCOTTIE DOG W FLOWER PATTERN,180
23032,DOORKNOB CRACKED GLAZE IVORY,180
23337,EGG FRYING PAN MINT,180
84673B,BLUE FLY SWAT,179
23575,SNACK TRAY PAISLEY PARK,179
21579,LOLITA  DESIGN  COTTON TOTE BAG,178
20768,GREEN FERN JOURNAL,177
84968F,SET OF 16 VINTAGE SKY BLUE CUTLERY,177
84795B,SUNSET CHECK HAMMOCK,176
71279,PINK GLASS CANDLEHOLDER,176
90200D,PINK SWEETHEART BRACELET,176
37479P,CUBIC MUG FLOCK PINK ON BROWN,175
21849,SILVER DIAMANTE PEN IN GIFT BOX,175
22862,LOVE HEART NAPKIN BOX,175
23339,EGG FRYING PAN BLUE,175
84249A,"GREETING CARD,SQUARE, DOUGHNUTS",174
21025,SPACE FROG,174
23317,BLUE REFECTORY CLOCK,174
22889,NUMBER TILE VINTAGE FONT No,173
22785,SQUARECUSHION COVER PINK UNION JACK,173
23528,WALL ART SPACEBOY,173
23560,SET OF 6 RIBBONS COUNTRY STYLE,173
75011,BLUE DAISY MOBILE,172
79067,CORONA MEXICAN TRAY,172
84843,WHITE SOAP RACK WITH 2 BOTTLES,172
17091A,LAVENDER INCENSE IN TIN,172
85184C,SET 4 VALENTINE DECOUPAGE HEART BOX,172
21263,GREEN GOOSE FEATHER TREE 60CM,171
21367,MIRRORED WALL ART GENTS,171
21456,2 PICTURE BOOK EGGS EASTER CHICKS,171
22762,CUPBOARD 3 DRAWER MA CAMPAGNE,171
23579,SNACK TRAY I LOVE LONDON,171
47594B,SCOTTIES DESIGN WASHBAG,170
35637A,IVORY STRING CURTAIN WITH POLE,170
20836,FRENCH PAISLEY CUSHION COVER,170
23561,SET OF 6 RIBBONS PARTY,170
21781,MA CAMPAGNE CUTLERY BOX,169
21027,NINJA RABBIT PINK,169
21631,HIPPY CHIC DECORATIVE PARASOL,169
72127,COLUMBIAN CANDLE ROUND,169
20777,CHRYSANTHEMUM NOTEBOOK,169
23020,GLASS  SONGBIRD STORAGE JAR,169
21190,PINK HEARTS PAPER GARLAND,168
22394,PAPERWEIGHT KINGS CHOICE,168
20823,GOLD WINE GOBLET,168
23520,EMBROIDERED RIBBON REEL RUBY,168
90114,SUMMER DAISIES BAG CHARM,167
20757,RED DAISY POCKET BOOK,167
84813,SET OF 4 DIAMOND NAPKIN RINGS,166
22443,GROW YOUR OWN HERBS SET OF 3,165
23420,PANTRY HOOK TEA STRAINER,165
23455,SMALL PARLOUR PICTURE FRAME,165
85214,TUB 24 PINK FLOWER PEGS,164
21368,MIRRORED WALL ART LADIES,164
23544,WALL ART MID CENTURY MODERN,164
23440,PAINT YOUR OWN EGGS IN CRATE,164
85125,SMALL ROUND CUT GLASS CANDLESTICK,163
35968,FOLK ART METAL HEART T-LIGHT HOLDER,163
22797,CHEST OF DRAWERS GINGHAM HEART,163
71495B,CD WALL TIDY RED FLOWERS,163
84923,PINK BUTTERFLY HANDBAG W BOBBLES,162
20758,ABSTRACT CIRCLES POCKET BOOK,162
85114c,RED ENCHANTED FOREST PLACEMAT,162
22832,BROCANTE SHELF WITH HOOKS,162
22965,3 TRADITIONAL COOKIE CUTTERS  SET,162
35815P,"ACRYLIC JEWEL SNOWFLAKE, PINK",162
23028,DOORKNOB CRACKED GLAZE BLUE,162
23421,PANTRY HOOK SPATULA,162
46776B,WOVEN BERRIES CUSHION COVER,161
21319,GLASS CHALICE GREEN  SMALL,161
71143,SILVER BOOK MARK WITH BEADS,161
21707,FOLDING UMBRELLA BLACKBLUE POLKADOT,160
21316,SMALL CHUNKY GLASS ROMAN  BOWL,160
23070,EDWARDIAN HEART PHOTO FRAME,160
72349b,SET/6 PURPLE BUTTERFLY T-LIGHTS,159
79191B,RETRO PLASTIC POLKA TRAY,159
37467,PIG MUG IN TWO COLOUR DESIGNS,159
21815,STAR  T-LIGHT HOLDER,159
47343A,FUSCHIA FLOWER PURSE WITH BEADS,159
21973,SET OF 36 MUSHROOM PAPER DOILIES,159
20659,ECONOMY LUGGAGE TAG,159
20734,SILVER MINI TAPE MEASURE,158
22391,PAPERWEIGHT HOME SWEET HOME,158
23447,PINK BUNNY EASTER EGG BASKET,158
84968D,SET OF 16 VINTAGE RED CUTLERY,157
23446,BLUE BUNNY EASTER EGG BASKET,157
84912A,PINK ROSE WASHBAG,156
84531B,BLUE KNITTED EGG COSY,156
23280,FOLDING MIRROR HOT PINK,156
40003,WHITE BAMBOO RIBS LAMPSHADE,155
17014A,ORIGAMI VANILLA INCENSE CONES,155
46776A,WOVEN BUBBLE GUM CUSHION COVER,155
23115,RED APPLES CHOPPING BOARD,155
23527,WALL ART ANIMALS AND NATURE,154
22513,DOORSTOP FOOTBALL DESIGN,153
79144C,PAINTED LIGHTBULB RAINBOW DESIGN,153
22289,HANGING METAL CHICKEN DECORATION,152
22108,PING! MICROWAVE PLATE,152
35810B,ENAMEL BLUE RIM COFFEE CONTAINER,152
22395,PAPERWEIGHT VINTAGE PAISLEY,152
47310M,"SMALL POP BOX,FUNKY MONKEY",152
20654,FIRST CLASS LUGGAGE TAG,152
23094,LE GRAND TRAY CHIC SET,152
35653,VINTAGE BEAD NOTEBOOK,150
22124,SET OF 2 TEA TOWELS PING MICROWAVE,150
85095,THREE CANVAS LUGGAGE TAGS,150
23542,70'S ALPHABET WALL ART,150
22282,12 EGG HOUSE PAINTED WOOD,149
85211,S/4 GROOVY CAT MAGNETS,149
23114,VINTAGE LEAF CHOPPING BOARD,149
20618,QUEEN OF THE SKIES PASSPORT COVER,148
21468,BUTTERFLY CROCHET FOOD COVER,148
23150,IVORY SWEETHEART SOAP DISH,148
23436,GIFT BAG LARGE VINTAGE CHRISTMAS,148
23540,WALL ART THE MAGIC FOREST,148
84531A,PINK KNITTED EGG COSY,147
21741,COSY SLIPPER SHOES LARGE GREEN,147
23454,THREE MINI HANGING FRAMES,147
22408,MONEY BOX CONFECTIONERY DESIGN,146
84766,SILVER ROCOCO CANDLE STICK,146
85086A,CANDY SPOT HEART DECORATION,146
85118,HEART T-LIGHT HOLDER,146
23298,"BUNTING , SPOTTY",146
23417,BATHROOM HOOK,146
72799F,IVORY PILLAR CANDLE GOLD FLOCK,145
72801C,4 ROSE PINK DINNER CANDLES,145
84952C,MIRROR LOVE BIRD T-LIGHT HOLDER,144
72800B,4 PURPLE FLOCK DINNER CANDLES,144
21161,KEEP OUT BOYS DOOR HANGER,144
20764,ABSTRACT CIRCLES SKETCHBOOK,144
84584,PINK GINGHAM CAT WITH SCARF,144
84877B,GREEN ROUND COMPACT MIRROR,144
79406,FROSTED WHITE BASE,144
23073,GEORGIAN TRINKET BOX,144
23203,JUMBO BAG VINTAGE DOILEY,144
22168,ORGANISER WOOD ANTIQUE WHITE,143
85103,SILVER T-LIGHT SETTING,143
20705,MRS ROBOT SOFT TOY,143
20622,VIPPASSPORT COVER,143
15030,FAN BLACK FRAME,143
23521,WALL ART CAT AND BIRD,143
C2,CARRIAGE,142
21378,SMALL TALL CAMPHOR WOOD TOADSTOOL,142
79030G,"TUMBLER, NEW ENGLAND",142
84678,CLASSICAL ROSE SMALL VASE,142
21030,SPACE CADET RED,141
84828,JUNGLE POPSICLES ICE LOLLY HOLDERS,141
21851,LILAC DIAMANTE PEN IN GIFT BOX,141
20837,FRENCH FLORAL CUSHION COVER,141
21087,SET/6 POSIES PAPER CUPS,141
23414,ZINC BOX SIGN HOME,141
21348,PINK SPOTS CHOCOLATE NESTING BOXES,140
20681,PINK POLKADOT CHILDRENS UMBRELLA,140
22602,CHRISTMAS RETROSPOT HEART WOOD,139
84199,GLOW IN DARK DOLPHINS,139
22641,SET OF 4 NAPKIN CHARMS INSTRUMENT,139
71406C,BLACK ORANGE SQUEEZER,138
72131,COLUMBIAN CANDLE RECTANGLE,137
72780,BLACK SILOUETTE CANDLE PLATE,137
21555,CERAMIC STRAWBERRY TRINKET TRAY,137
85040B,SET/4 BLUE FLOWER CANDLES IN BOWL,137
84806A,PINK CANDYSTUFT ARTIFICIAL FLOWER,137
22447,PIN CUSHION BABUSHKA BLUE,137
23099,FRENCH CARRIAGE LANTERN,137
20830,SILVER PHOTO FRAME,136
23456,MEDIUM PARLOUR PICTURE FRAME,136
20702,PINK PADDED MOBILE,135
20775,DAISY NOTEBOOK,135
84931A,PINK SCOTTIE DOG W FLOWER PATTERN,135
21253,SET OF PICTURE FRAME  STICKERS,135
23136,IVORY WIRE SWEETHEART LETTER TRAY,135
84510C,SET OF 4 POLKADOT COASTERS,134
47591d,PINK FAIRY CAKE CHILDRENS APRON,134
21651,HANGING GLASS ETCHED TEALIGHT,133
21709,FOLDING UMBRELLA CHOCOLATE POLKADOT,133
37501,TEA TIME TEA SET IN GIFT BOX,133
22281,EASTER TREE YELLOW BIRDS,132
72800C,4 PINK DINNER CANDLE SILVER FLOCK,132
84968E,SET OF 16 VINTAGE BLACK CUTLERY,132
23416,CHAMBRE HOOK,132
21265,PINK GOOSE FEATHER TREE 60CM,131
84875B,GREEN SQUARE COMPACT MIRROR,131
72051S,BAG OF SILVER STONES,131
37479B,CUBIC MUG FLOCK BLUE ON BROWN,131
22221,CAKE STAND LOVEBIRD 2 TIER PINK,131
84509C,SET OF 4 POLKADOT PLACEMATS,131
22830,UTILTY CABINET WITH HOOKS,131
23292,SPACE BOY CHILDRENS CUP,131
21359,RELAX LARGE WOOD LETTERS,130
90214A,"\"LETTER \"\"A\"\" BLING KEY RING\"",130
21850,BLUE  DIAMANTE PEN IN GIFT BOX,130
84876D,BLUE HEART COMPACT MIRROR,129
84859A,SILVER DISCO HANDBAG,129
23484,HEART TRELLIS TRIPLE T-LIGHT HOLDER,129
84247L,FAWN AND MUSHROOM GREETING CARD,128
84313B,BLUE TV TRAY TABLE,127
15056n,EDWARDIAN PARASOL NATURAL,127
84251C,"GREETING CARD, TWO SISTERS.",127
84457,SET/3 RABBITS FLOWER SKIPPPING ROPE,127
35004G,SET OF 3 GOLD FLYING DUCKS,127
71496A,A4 WALL TIDY BLUE OFFICE,127
84800M,MEDIUM WHITE/PINK ROSE ART FLOWER,127
21826,EIGHT PIECE DINOSAUR SET,126
21002,ROSE DU SUD DRAWSTRING BAG,125
22526,WHEELBARROW FOR CHILDREN,125
21633,SUNFLOWER DECORATIVE PARASOL,125
21095,SET/6 POSIES PAPER PLATES,125
21678,PAISLEY PATTERN  STICKERS,125
85141,JARDIN ETCHED GLASS FRUITBOWL,124
21457,2 PICTURE BOOK EGGS EASTER DUCKS,124
20766,GARDEN PATH SKETCHBOOK,124
22512,DOORSTOP RACING CAR DESIGN,123
21472,LADYBIRD + BEE RAFFIA FOOD COVER,123
84218,BOX/12 CHICK & EGG IN BASKET,123
20761,BLUE PAISLEY SKETCHBOOK,123
22786,CUSHION COVER PINK UNION JACK,123
85205B,PINK FELT EASTER RABBIT GARLAND,122
21145,ANTIQUE GLASS PLACE SETTING,122
90030B,RED KUKUI COCONUT SEED NECKLACE,122
23180,MUM'S KITCHEN CLOCK,122
23360,SET 8 CANDLES VINTAGE DOILEY,122
21377,SMALL CAMPHOR WOOD FIELD  MUSHROOM,121
23142,IVORY WIRE KITCHEN ORGANISER,121
23021,GLASS BONNE JAM JAR,121
22632,HAND WARMER RED POLKA DOT,120
23194,GYMKHANNA TREASURE BOOK BOX,120
23236,DOILEY BISCUIT TIN,120
23324,RUSTIC STRAWBERRY JAMPOT LARGE,120
85129B,BEADED CRYSTAL HEART GREEN SMALL,119
35911B,PINK/FLOWER RABBIT EGG WARMER,119
21943,CAKES AND RABBITS DESIGN FLANNEL,119
23169,CLASSIC GLASS SWEET JAR,119
21647,ASSORTED TUTTI FRUTTI LARGE PURSE,118
46776C,WOVEN FROST CUSHION COVER,117
84920,PINK FLOWER FABRIC PONY,117
81950B,FLOWER BLUE CLOCK WITH SUCKER,117
23580,SNACK TRAY HAPPY FOREST,117
84637,KITCHEN FLOWER POTS WALL PLAQUE,116
21293,MIRRORED DOVE WALL DECORATION,116
23104,IVORY CAFE HANGING LAMP,116
21117,BLOND DOLL DOORSTOP,115
84661B,BLACK SQUARE TABLE CLOCK,115
90125A,PINK BERTIE GLASS BEAD BAG CHARM,115
84192,ASSORTED COLOUR METAL CAT,115
21911,GARDEN METAL SIGN,114
23479,WIRE EGG BASKET,114
84800S,SMALL WHITE/PINK ROSE ART FLOWER,113
85049g,CHOCOLATE BOX RIBBONS,113
84823,DANISH ROSE FOLDING CHAIR,112
21317,GLASS SPHERE CANDLE STAND MEDIUM,112
47367B,PAIR PADDED HANGERS PINK CHECK,112
20902,VINTAGE KEEPSAKE BOX PARIS DAYS,112
23496,PANTRY KITCHEN THERMOMETER,112
84744,S/6 SEW ON CROCHET FLOWERS,110
23413,VINTAGE COFFEE GRINDER BOX,110
85049e,SCANDINAVIAN REDS RIBBONS,109
17090A,LAVENDER INCENSE 40 CONES IN TIN,109
21637,ASSORTED SANSKRIT MINI NOTEBOOK,109
84231,EASTER BUNNY WITH BASKET ON BACK,108
47594A,CAROUSEL DESIGN WASHBAG,108
84030e,ENGLISH ROSE HOT WATER BOTTLE,108
22882,NUMBER TILE VINTAGE FONT 3,108
21196,ROUND WHITE CONFETTI IN TUBE,108
23045,PAPER LANTERN 5 POINT STAR MOON,108
84247E,PACK OF 12 CHRISTMAS FUN CARDS,108
23460,SWEETHEART WALL TIDY,108
20897,VINTAGE NOTEBOOK PARIS DAYS,107
21710,FOLDING UMBRELLA PINKWHITE POLKADOT,107
46000U,POLYESTER FILLER PAD 30CMx30CM,107
90210D,PURPLE ACRYLIC FACETED BANGLE,107
90087,CRYSTAL SEA HORSE PHONE CHARM,107
20762,GREEN FERN SKETCHBOOK,106
85179C,PINK BITTY LIGHT CHAIN,106
21361,LOVE LARGE WOOD LETTERS,106
62096A,PINK/YELLOW FLOWERS HANDBAG,106
35916C,PINK FELT HANGING HEART W FLOWER,106
21131,GOLD STANDING GNOME,106
85135C,RED DRAGONFLY HELICOPTER,106
85160B,BLACK BIRD GARDEN DESIGN MUG,106
23196,RETRO LEAVES MAGNETIC NOTEPAD,106
84665,SQUARE CHERRY BLOSSOM CABINET,105
72134,COLUMBIAN  CUBE CANDLE,105
85023B,EAU DE NILE JEWELLED PHOTOFRAME,105
17107D,"FLOWER FAIRY,5 SUMMER B'DRAW LINERS",105
84661A,WHITE SQUARE TABLE CLOCK,104
21351,CINAMMON & ORANGE WREATH,104
20765,CHRYSANTHEMUM SKETCHBOOK,104
21711,FOLDING UMBRELLA WHITE/RED POLKADOT,104
84509a,SET OF 4 ENGLISH ROSE PLACEMATS,104
35241,ENAMEL BLUE RIM BISCUIT BIN,103
47559b,TEA TIME OVEN GLOVE,103
71495A,CD WALL TIDY BLUE OFFICE,103
46000R,POLYESTER FILLER PAD 45x30cm,103
90200E,GREEN SWEETHEART BRACELET,103
20771,CHRYSANTHEMUM  JOURNAL,103
23042,PAPER LANTERN 7 POINT SNOW STAR,103
90086,CRYSTAL FROG PHONE CHARM,102
22881,NUMBER TILE VINTAGE FONT 2,102
22987,WRAP SUMMER ROSE DESIGN,102
23522,WALL ART DOG AND BALL,102
21369,MIRRORED WALL ART SPLODGES,101
47503H,ASS FLORAL PRINT SPIRIT LEVEL,101
84997a,CHILDRENS CUTLERY POLKADOT GREEN,101
22896,PEG BAG APPLE DESIGN,100
16156L,"WRAP, CAROUSEL",100
20936,FORKED CACTUS CANDLE,100
22883,NUMBER TILE VINTAGE FONT 4,100
23231,WRAP  VINTAGE DOILEY,100
21664,RIDGED GLASS STORAGE JAR CREAM LID,99
20794,BLUE  TILE HOOK,99
22880,NUMBER TILE VINTAGE FONT 1,99
22503,CABIN BAG VINTAGE PAISLEY,99
22884,NUMBER TILE VINTAGE FONT 5,99
90210C,RED   ACRYLIC FACETED BANGLE,99
23149,ANTIQUE IVORY WIRE BOWL SMALL,99
84804B,BLUE DELPHINIUM ARTIFICIAL FLOWER,99
23537,WALL ART I LOVE LONDON,99
21032,SPACE CADET WHITE,98
21722,SWEET PUDDING STICKER SHEET,98
84563B,BLUE & WHITE BREAKFAST TRAY,98
84857C,PINK MONTE CARLO HANDBAG,98
16043,POP ART PUSH DOWN RUBBER,98
21000,ROSE DU SUD COSMETICS BAG,97
47348A,FUSCHIA VOILE POINTY SHOE DEC,97
20699,MOUSEY LONG LEGS SOFT TOY,97
84877D,BLUE ROUND COMPACT MIRROR,97
21427,SKULLS STORAGE BOX SMALL,96
84563A,PINK & WHITE BREAKFAST TRAY,96
35972,DAISY FOLKART HEART DECORATION,96
22885,NUMBER TILE VINTAGE FONT 6,96
22869,NUMBER TILE COTTAGE GARDEN 1,96
35607B,BLACK FEATHER CHRISTMAS DECORATION,96
23438,GIFT BAG LARGE SPOT,96
84707A,SILVER JEWELLED MIRROR TRINKET TRAY,95
90125D,PURPLE BERTIE GLASS BEAD BAG CHARM,95
21689,SILVER VANILLA  FLOWER CANDLE POT,95
79403,FROSTED WHITE BASE,95
21250,SET OF SKULL WALL STICKERS,95
35819P,"ACRYLIC HANGING JEWEL,PINK",95
21226,POCKET MIRROR WOODLAND,94
85124C,GREEN JUICY FRUIT PHOTO FRAME,94
90214S,"\"LETTER \"\"S\"\" BLING KEY RING\"",94
22870,NUMBER TILE COTTAGE GARDEN 2,94
90214L,"\"LETTER \"\"L\"\" BLING KEY RING\"",94
22770,MIRROR CORNICE,94
85124B,BLUE JUICY FRUIT PHOTO FRAME,93
20617,FIRST CLASS PASSPORT COVER,93
90200B,BLACK SWEETHEART BRACELET,93
84609,TALL ROCOCO CANDLE HOLDER,93
75172,PAINTED SEA SHELL METAL WINDCHIME,93
23117,POPPY FIELDS CHOPPING BOARD,93
20731,POSY CANDY BAG,92
84952A,CLEAR LOVE BIRD T-LIGHT HOLDER,92
35001W,HAND OPEN SHAPE DECO.WHITE,92
84673A,PINK FLY SWAT,92
23489,"GARLAND, VINTAGE BELLS",92
23477,WOODLAND LARGE BLUE FELT HEART,92
84997b,RED 3 PIECE RETROSPOT CUTLERY SET,91
84509E,SET OF 4 CAROUSEL PLACEMATS,91
21750,LARGE SKULL WINDMILL,91
90214C,"\"LETTER \"\"C\"\" BLING KEY RING\"",91
85198,ASSORTED FARMYARD ANIMALS IN BUCKET,90
23069,EDWARDIAN PHOTO FRAME,90
23523,WALL ART TREASURE AHOY,90
21366,MIRRORED WALL ART PHOTO FRAMES,89
46776D,WOVEN SUNSET CUSHION COVER,89
62086A,PINK RETRO BIG FLOWER BAG,88
21632,VINTAGE PINK DECORATIVE PARASOL,88
22802,FAUX FUR CHOCOLATE THROW,88
72800D,4 BLUE DINNER CANDLES SILVER FLOCK,88
21082,SET/20 FRUIT SALAD PAPER NAPKINS,88
20827,GOLD APERITIF GLASS,88
23396,LA JARDIN BOTANIQUE CUSHION COVER,88
15056bl,EDWARDIAN PARASOL BLACK,87
21425,SKULLS STORAGE BOX LARGE,87
35916A,YELLOW FELT HANGING HEART W FLOWER,87
22886,NUMBER TILE VINTAGE FONT 7,87
20774,GREEN FERN NOTEBOOK,86
21946,PARTY TIME DESIGN FLANNEL,86
21662,VINTAGE GLASS COFFEE CADDY,86
90201B,BLACK ENAMEL FLOWER RING,86
84569B,PACK 3 FIRE ENGINE/CAR PATCHES,86
47351B,BLUE  VOILE LAMPSHADE,86
23044,PAPER LANTERN 9 POINT HOLLY STAR S,86
23457,LARGE PARLOUR PICTURE FRAME,86
90170,DAISY HAIR BAND,85
21279,VINTAGE KITCHEN PRINT FRUITS,85
85020,ROUND PINK HEART MIRROR,85
90119,METALIC LEAVES BAG CHARMS,84
85163B,BLACK BAROQUE WALL CLOCK,84
84859C,PINK DISCO HANDBAG,84
16020C,CLEAR STATIONERY BOX SET,84
90209A,PURPLE ENAMEL+GLASS HAIR COMB,84
90161C,ANT COPPER LIME BOUDICCA BRACELET,83
23137,ZINC WIRE SWEETHEART LETTER TRAY,83
22137,BATHROOM SET LOVE HEART DESIGN,82
20903,VINTAGE KEEPSAKE BOX TRAVELOGUE,82
23128,DOLLCRAFT BOY JEAN-PAUL,82
23305,SET 4 PICNIC CUTLERY BLUEBERRY,82
21324,HANGING MEDINA LANTERN SMALL,81
84924A,WAKE UP COCKEREL CALENDAR SIGN,81
20684,STRAWBERRY DREAM CHILDS UMBRELLA,81
17011F,ORIGAMI SANDLEWOOD INCENSE+FLOWER,81
72799C,PINK PILLAR CANDLE SILVER FLOCK,81
84687,BEACH HUT SHELF W 3 DRAWERS,81
23019,SMALL APOTHECARY MEASURING JAR,81
20769,DAISY JOURNAL,80
84925F,PSYCHEDELIC WALL THERMOMETER,80
21736,GOLD SCROLL GLASS T-LIGHT HOLDER,80
85129C,BEADED CRYSTAL HEART BLUE SMALL,80
23130,MISELTOE HEART WREATH,80
23487,SWEET HEART CAKE CARRIER,80
21547,CERAMIC BIRDHOUSE CRESTED TIT SMALL,79
21307,SET/4 BUTTERFLY MIRROR MAGNETS,79
85026B,EAU DE NILE JEWELLED T-LIGHT HOLDER,79
21157,RED RETROSPOT WASHBAG,79
20980,36 PENCILS TUBE POSY,79
23141,TRIPLE WIRE HOOK PINK HEART,79
23444,Next Day Carriage,79
85232A,SET/3 POLKADOT STACKING TINS,78
90200A,PURPLE SWEETHEART BRACELET,78
21003,ROSE DU SUD CUSHION COVER,78
90214K,"\"LETTER \"\"K\"\" BLING KEY RING\"",78
84360,TABLE LAMP WHITE SHADE WOOD BASE,78
85188B,PINK METAL SWINGING BUNNY,78
21814,HEART T-LIGHT HOLDER,78
22164,STRING OF STARS CARD HOLDER,78
84595E,LARGE TORTILLA DESIGN RED BOWL,78
22887,NUMBER TILE VINTAGE FONT 8,78
37423,WHITE WITH BLACK CATS PLATE,78
23057,GEMSTONE CHANDELIER T-LIGHT HOLDER,78
23131,MISELTOE HEART WREATH WHITE,78
35816P,"ACRYLIC JEWEL ANGEL,PINK",78
23462,ROCOCO WALL MIRROR WHITE,78
82001s,SILVER RECORD COVER FRAME,78
23116,VEGETABLE GARDEN CHOPPING BOARD,78
90201D,GREEN ENAMEL FLOWER RING,77
21038,SET/4 MODERN VINTAGE COTTON NAPKINS,77
85130A,BEADED PEARL HEART WHITE LARGE,77
90030C,BROWN KUKUI COCONUT SEED NECKLACE,77
71403,"\"PINK/WHITE \"\"KEEP CLEAN\"\" BULLET BIN\"",77
90125C,TURQUOISE BERTIE GLASS BEAD CHARM,77
23428,IVORY RETRO KITCHEN WALL CLOCK,77
22833,HALL CABINET WITH 3 DRAWERS,76
84592,CROCHET ROSE PURSE WITH SUEDE BACK,76
21847,GREEN  DIAMANTE PEN IN GIFT BOX,76
22888,NUMBER TILE VINTAGE FONT 9,76
21459,YELLOW EASTER EGG HUNT START POST,76
90161B,ANT COPPER TURQ BOUDICCA BRACELET,76
23492,VINTAGE JINGLE BELLS WREATH,76
22812,PACK 3 BOXES CHRISTMAS PANETTONE,76
90198A,VINTAGE ROSE BEAD BRACELET RASPBERR,75
72801d,4 SKY BLUE DINNER CANDLES,75
22878,NUMBER TILE COTTAGE GARDEN No,75
72801D,4 SKY BLUE DINNER CANDLES,75
21372,MIRRORED WALL ART TABLE LAMP,75
23043,PAPER LANTERN 9 POINT HOLLY STAR L,75
35916B,BLUE FELT HANGING HEART WITH FLOWER,75
21001,ROSE DU SUD WASHBAG,74
21418,STARFISH SOAP DISH,74
84452,METAL RABBIT LADDER EASTER,74
21841,BABY MOUSE RED GINGHAM DRESS,74
23016,GLASS TWIST BON BON JAR,74
20700,GREEN CAT FLORAL CUSHION COVER,73
20763,DAISY SKETCHBOOK,73
20653,CHERRY BLOSSOM LUGGAGE TAG,73
22825,DECORATIVE PLANT POT WITH FRIEZE,73
21629,SQUARE FLOOR CUSHION VINTAGE RED,73
20657,TROPICAL LUGGAGE TAG,73
90214E,"\"LETTER \"\"E\"\" BLING KEY RING\"",72
22785,SQUARECUSHION COVER PINK UNION FLAG,72
85136A,YELLOW SHARK HELICOPTER,72
37343,POLKADOT MUG PINK,72
35920,FOUR RABBIT EASTER DECORATIONS,72
82613A,"METAL SIGN,CUPCAKE SINGLE HOOK",72
22872,NUMBER TILE COTTAGE GARDEN 4,72
17001,HEAVENS SCENT FRAGRANCE OILS ASSTD,72
72024U,LILAC VOTIVE CANDLE,72
90030A,SPOTTED WHITE NATURAL SEED NECKLACE,72
23380,PACK OF 12 DOILEY TISSUES,72
22486,PLASMATRONIC LAMP,71
90214J,"\"LETTER \"\"J\"\" BLING KEY RING\"",71
37475,SET/4 COLOURFUL MIXING BOWLS,71
84661C,PINK SQUARE TABLE CLOCK,71
23209,LUNCH BAG VINTAGE DOILEY,71
23304,SET 4 PICNIC CUTLERY CHERRY,71
90108,BLUE BLOSSOM HAIR CLIP,70
85027L,FRENCH CHATEAU LARGE PLATTER,70
22879,NUMBER TILE VINTAGE FONT 0,70
84804A,CREAM DELPHINIUM ARTIFICIAL FLOWER,70
21054,NURSE'S BAG SOFT TOY,70
71053,WHITE MOROCCAN METAL LANTERN,70
20760,GARDEN PATH POCKET BOOK,69
21488,RED WHITE SCARF  HOT WATER BOTTLE,69
21630,FLOOR CUSHION ELEPHANT CARNIVAL,69
22275,WEEKEND BAG VINTAGE ROSE PAISLEY,69
90201A,PURPLE ENAMEL FLOWER RING,69
22618,COOKING SET RETROSPOT,69
17012E,ORIGAMI OPIUM INCENSE/CANDLE SET,68
16046,TEATIME PEN CASE & PENS,68
35921,EASTER BUNNY HANGING GARLAND,68
20934,SET/3 POT PLANT CANDLES,68
21128,GOLD FISHING GNOME,68
90214D,"\"LETTER \"\"D\"\" BLING KEY RING\"",68
23127,DOLLCRAFT GIRL NICOLE,68
82095,HEART BUTTONS JEWELLERY BOX,68
37487B,YELLOW/ORANGE FLOWER DESIGN PLATE,68
46776E,WOVEN CANDY CUSHION COVER,67
20835,FRENCH LATTICE CUSHION COVER,67
22871,NUMBER TILE COTTAGE GARDEN 3,67
23017,APOTHECARY MEASURING JAR,67
23306,SET OF 36 PANTRY PAPER DOILIES,67
90214Y,"\"LETTER \"\"Y\"\" BLING KEY RING\"",66
22194,BLACK DINER WALL CLOCK,66
84507C,BLUE CIRCLES DESIGN MONKEY DOLL,66
85163A,WHITE BAROQUE WALL CLOCK,66
84576,BLUE CAT BISCUIT BARREL PINK HEART,66
23126,DOLLCRAFT GIRL AMELIE KIT,66
23471,SIX DRAWER OFFICE TIDY,66
85135B,BLUE DRAGONFLY HELICOPTER,65
21100,CHARLIE AND LOLA CHARLOTTE BAG,65
37468,HARDMAN MUG 3 ASSORTED,65
22874,NUMBER TILE COTTAGE GARDEN 6,65
21280,VINTAGE KITCHEN PRINT VEGETABLES,65
44235,ASSORTED COLOURED CIRCLE MOBILE,65
23303,SET 4 PICNIC CUTLERY FONDANT,65
22868,NUMBER TILE COTTAGE GARDEN 0,64
90161D,ANT COPPER PINK BOUDICCA BRACELET,64
20941,FROG CANDLE,64
20819,SILVER TEDDY BEAR,64
20759,CHRYSANTHEMUM POCKET BOOK,64
90116,FRUIT SALAD BAG CHARM,64
21628,TRIANGULAR POUFFE VINTAGE,64
22202,MILK PAN PINK POLKADOT,64
23370,SET 36 COLOUR PENCILS DOILEY,64
90201C,RED ENAMEL FLOWER RING,63
20756,GREEN FERN POCKET BOOK,63
22877,NUMBER TILE COTTAGE GARDEN 9,63
21627,ELEPHANT CARNIVAL POUFFE,63
22875,NUMBER TILE COTTAGE GARDEN 7,63
20796,SMALL BLUE PROVENCAL CERAMIC BALL,62
84708B,PINK JEWELLED PHOTO FRAME,62
23151,ZINC SWEETHEART SOAP DISH,62
17109D,FLOWER FAIRY INCENSE BOUQUET,61
84750B,BLACK SMALL GLASS CAKE STAND,61
22876,NUMBER TILE COTTAGE GARDEN 8,61
84796A,PINK HAWAIIAN PICNIC HAMPER FOR 2,61
22353,LUNCH BOX WITH CUTLERY FAIRY CAKES,61
84402B,PURPLE DRESS JEWELLERY STAND,61
22502,PICNIC BASKET WICKER 60 PIECES,61
23359,SET OF 12 T-LIGHTS VINTAGE DOILEY,61
85123A,CREAM HANGING HEART T-LIGHT HOLDER,61
22873,NUMBER TILE COTTAGE GARDEN 5,60
90214G,"\"LETTER \"\"G\"\" BLING KEY RING\"",60
16207A,PINK STRAWBERRY HANDBAG,60
46775D,SUNSET COLOUR CHUNKY KNITTED THROW,60
90214M,"\"LETTER \"\"M\"\" BLING KEY RING\"",60
22655,VINTAGE RED KITCHEN CABINET,60
84741C,CITRUS GARLAND FELT FLOWERS,60
23244,STORAGE TIN VINTAGE LEAF,60
23191,BUNDLE OF 3 RETRO EXERCISE BOOKS,60
23061,VINTAGE ENGRAVED HEART,60
17107D,FLOWER FAIRY 5 DRAWER LINERS,60
23578,SNACK TRAY RED GINGHAM,60
23497,CLASSIC CROME BICYCLE BELL,60
84658,WHITE STITCHED CUSHION COVER,59
84927E,FLOWERS TILE HOOK,59
20997,ROSE DU SUD CUSHION COVER,59
23472,NINE DRAWER OFFICE TIDY,59
22826,LOVE SEAT ANTIQUE WHITE METAL,58
22597,CHRISTMAS MUSICAL ZINC HEART,58
84993B,75 BLACK PETIT FOUR CASES,58
84919,BLUE CUSHION COVER WITH FLOWER,58
84508C,BLUE CIRCLES DESIGN TEDDY,57
21784,SHOE SHINE BOX,57
84508B,STRIPES DESIGN TEDDY,57
84846A,SCENTED CANDLE IN DIGITALIS TIN,57
20748,KENSINGTON COFFEE SET,57
21720,CAKE SHOP  STICKER SHEET,57
90129B,TURQUOISE GLASS TASSLE BAG CHARM,57
72801G,4 BURGUNDY WINE DINNER CANDLES,57
90154,LAZER CUT NECKLACE W PASTEL BEADS,57
35649,VINTAGE BEAD COSMETIC BAG,57
35638B,PINK/BLUE STRING CURTAIN,57
79030D,"TUMBLER, BAROQUE",56
20773,BLUE PAISLEY NOTEBOOK,56
22184,CAKE STAND VICTORIAN FILIGREE LARGE,56
21333,CLASSIC WHITE FRAME,56
23484,HEART TRELLISTRIPLE T-LIGHT HOLDER,56
37444A,YELLOW BREAKFAST CUP AND SAUCER,55
85216,ASSORTED CAKES FRIDGE MAGNETS,55
85006,SET 4 NURSERY DES ROUND BOXES,55
22824,3 TIER SWEETHEART GARDEN SHELF,55
84429A,MEDIUM PINK BUDDHA HEAD,55
84809A,WHITE CHRYSANTHEMUMS ART FLOWER,55
23413,DECORATIVE VINTAGE COFFEE  BOX,55
90115,SUMMER BUTTERFLIES BAG CHARM,54
90160C,TURQ+RED BOUDICCA LARGE BRACELET,54
90134,OLD ROSE COMBO BEAD NECKLACE,54
85049B,LUSH GREENS RIBBONS,54
20782,CAMOUFLAGE EAR MUFF HEADPHONES,54
21420,OYSTER TRINKET BOX,54
22803,IVORY EMBROIDERED QUILT,54
20696,FLORAL SOFT CAR TOY,54
23229,DONKEY TAIL GAME,54
84534B,FAIRY CAKE NOTEBOOK A5 SIZE,53
84510a,SET OF 4 ENGLISH ROSE COASTERS,53
90208,PAIR OF PINK FLOWER CLUSTER SLIDE,53
21031,SPACE CADET BLACK,53
84600,NEW BAROQUE JEWELLERY BOX,53
90149,SILVER FLOWR PINK SHELL NECKLACE,53
72811,SMALL ZINC/GLASS CANDLEHOLDER,53
20847,ZINC HEART LATTICE CHARGER LARGE,52
18098c,PORCELAIN BUTTERFLY OIL BURNER,52
90013A,MIDNIGHT BLUE VINTAGE EARRINGS,52
85136C,RED SHARK HELICOPTER,52
84527,FLAMES SUNGLASSES PINK LENSES,52
21129,SILVER FISHING GNOME,52
90093,CLEAR CRYSTAL STAR PHONE CHARM,52
47013C,WINE BOTTLE DRESSING DARK BLUE,52
79062D,"RETRO TIN ASHTRAY,REVOLUTIONARY",52
44236,PINK/PURPLE CIRCLE CURTAIN,52
46126A,ELVIS WALLHANGING / CURTAIN,52
71510,SQUARE METAL CANDLEHOLDER BASE,52
44242B,PINK FEATHERS CURTAIN,52
82011C,BATHROOM SCALES FOOTPRINTS IN SAND,51
85168B,BLACK BAROQUE CARRIAGE CLOCK,51
22407,MONEY BOX FIRST ADE DESIGN,51
90120C,GREEN MURANO TWIST BRACELET,51
21904,HOUSE WRECKING METAL SIGN,51
84226,HEN HOUSE W FAMILY IN BARN & NEST,51
84875D,BLUE SQUARE COMPACT MIRROR,51
21614,SET OF 12 ROSE BOTANICAL T-LIGHTS,51
23018,LARGE APOTHECARY MEASURING JAR,51
23458,DOLLY CABINET 3 DRAWERS,51
22416,SET OF 36 SPACEBOY PAPER DOILIES,51
40046A,RED DAISY PAPER LAMPSHADE,50
35833P,4 PINK FLOCK CHRISTMAS BALLS,50
84638,SMALL KITCHEN FLOWER POTS PLAQUE,50
16169P,WRAP GREEN RUSSIAN FOLKART,50
90031,BILI NUT AND WOOD NECKLACE,50
85167B,BLACK GRAND BAROQUE PHOTO FRAME,50
85017C,ENVELOPE 50 CURIOUS IMAGES,50
21758,VINTAGE SHELLS PRINT,50
90200C,BLUE SWEETHEART BRACELET,50
84927A,WAKE UP COCKEREL TILE HOOK,50
21270,ANTIQUE CREAM CUTLERY CUPBOARD,50
23047,PAPER LANTERN 5 POINT SEQUIN STAR,50
23691,KEEP CALM BIRTHDAY WRAP,50
23692,WRAP A PRETTY THANK YOU,50
85114a,BLACK ENCHANTED FOREST PLACEMAT,49
20795,LARGE BLUE PROVENCAL CERAMIC BALL,49
84686,BEACH HUT MIRROR,49
16151A,FLOWERS HANDBAG blue and orange,49
90214H,"\"LETTER \"\"H\"\" BLING KEY RING\"",48
21413,PERIWINKLE T-LIGHT HOLDER,48
84927D,LA PALMIERA TILE HOOK,48
21738,COSY SLIPPER SHOES SMALL  RED,48
20780,BLACK EAR MUFF HEADPHONES,48
23148,MINITURE ANTIQUE ROSE HOOK IVORY,48
23366,SET 12 COLOUR PENCILS DOILEY,48
DCGSSGIRL,GIRLS PARTY BAG,47
DCGSSBOY,BOYS PARTY BAG,47
23429,RED RETRO KITCHEN WALL CLOCK,47
84597C,RETRO PINK BALL ASHTRAY,46
84870C,GREEN GEISHA GIRL,46
85099f,JUMBO BAG STRAWBERRY,46
90206C,CRYSTAL DIAMANTE STAR BROOCH,46
84898F,YELLOW FLOWERS FELT HANDBAG KIT,46
84801A,PINK HYDRANGEA ART FLOWER,46
90018A,SILVER M.O.P ORBIT DROP EARRINGS,46
84466,TOP SECRET PEN SET,46
35597D,PINK/WHITE CHRISTMAS TREE 30CM,46
72133,COLUMBIAN CANDLE RECTANGLE,45
90059A,DIAMANTE HAIR GRIP PACK/2 CRYSTAL,45
85055,FRENCH ENAMEL UTENSIL HOLDER,45
85146,JARDIN ETCHED GLASS SMALL BELL JAR,45
90158,ST TROPEZ NECKLACE,45
90096,NECKLACE+BRACELET SET BLUE BLOSSOM,45
90129A,PINK GLASS TASSLE BAG CHARM,45
47341B,BLUE TABLE RUN FLOWER,45
22949,SET OF 36 DOLLY GIRL PAPER DOILIES,45
72709,IVORY SCULPTED RND CANDLE,44
20661,BLUE POLKADOT PURSE,44
90071,RUBY GLASS CLUSTER EARRINGS,44
84870B,BLUE GEISHA GIRL,44
90062,CARNIVAL BRACELET,44
21132,SILVER STANDING GNOME,44
47344B,BLUE FLOWER DES PURSE,44
82001s,VINYL RECORD FRAME SILVER,44
23038,T-LIGHT HOLDER SILVER SAUCER,44
22407,MONEY BOX FIRST AID DESIGN,44
85185B,PINK HORSE SOCK PUPPET KIT,44
21281,VINTAGE KITCHEN PRINT SEAFOOD,43
84509c,SET OF 4 POLKADOT PLACEMATS,43
82011B,BATHROOM SCALES RUBBER DUCKS,43
20694,FLORAL PINK MONSTER,43
84760S,SMALL HANGING GLASS+ZINC LANTERN,43
46138B,BLUE CHENILLE SHAGGY CUSHION COVER,43
21375,LARGE CAMPHOR WOOD FIELD MUSHROOM,43
21278,VINTAGE KITCHEN PRINT PUDDINGS,43
20622,VIP PASSPORT COVER,43
23626,SET 10 CARDS DINKY TREE 17076,43
23466,TUSCAN VILLA DOVECOTE BIRD FEEDER,43
84985A,SET OF 72 GREEN PAPER DOILIES,42
90129E,PURPLE GLASS TASSLE BAG CHARM,42
84989a,75 GREEN FAIRY CAKE CASES,42
85045,GREEN CHRISTMAS TREE STRING 20LIGHT,42
90192,JADE DROP EARRINGS W FILIGREE,42
22285,"DECORATION HEN ON NEST, HANGING",42
23442,12 HANGING EGGS HAND PAINTED,42
23455,SMALL PARLOUR FRAME,42
84874B,BLUE TRAVEL FIRST AID KIT,41
90214N,"\"LETTER \"\"N\"\" BLING KEY RING\"",41
84461,12 PINK HEN+CHICKS IN BASKET,41
84688,BEACH HUT DESIGN BLACKBOARD,41
84631,FRUIT TREE AND BIRDS WALL PLAQUE,41
90214R,"\"LETTER \"\"R\"\" BLING KEY RING\"",41
84597B,RETRO BROWN BALL ASHTRAY,41
84725,FREESTYLE CANVAS ART PICTURE,41
90210B,CLEAR ACRYLIC FACETED BANGLE,41
21476,STEEL SWEETHEART ROUND TABLE CREAM,41
84723,CHERRY BLOSSOM CANVAS ART PICTURE,41
84510c,SET OF 4 POLKADOT COASTERS,40
84974,S/2 ZINC HEART DESIGN PLANTERS,40
90129F,RED GLASS TASSLE BAG CHARM,40
85039a,SET/4 RED MINI ROSE CANDLE IN BOWL,40
90183A,AMBER DROP EARRINGS W LONG BEADS,40
37489D,PINK/GREEN FLOWER DESIGN BIG MUG,40
84877A,PINK ROUND COMPACT MIRROR,40
84872A,TEATIME FUNKY FLOWER BACKPACK FOR 2,40
16254,TRANSPARENT ACRYLIC TAPE DISPENSER,40
23611,SET 10 CARDS RED RIDING HOOD 17214,40
84507B,STRIPES DESIGN MONKEY DOLL,39
22135,LADLE LOVE HEART PINK,39
90101,WHITE FRANGIPANI NECKLACE,39
21360,JOY LARGE WOOD LETTERS,39
72801c,4 ROSE PINK DINNER CANDLES,39
90130B,TURQ STONE/CRYSTAL EARRINGS,39
90013C,GREEN VINTAGE EARRINGS,39
90120B,BLUE MURANO TWIST BRACELET,39
90214P,"\"LETTER \"\"P\"\" BLING KEY RING\"",39
20781,GOLD EAR MUFF HEADPHONES,38
90160D,PINK BOUDICCA LARGE BRACELET,38
84884a,ANT WHITE WIRE HEART SPIRAL,38
90019A,SILVER M.O.P ORBIT BRACELET,38
90160A,PURPLE BOUDICCA LARGE BRACELET,38
90164B,WHITE  ROSEBUD PEARL BRACELET,38
84882,GREEN WIRE STANDING CANDLE HOLDER,38
90174,BUTTERFLY HAIR BAND,38
90214I,"\"LETTER \"\"I\"\" BLING KEY RING\"",38
78033,FLAG OF ST GEORGE CHAIR,38
20898,VINTAGE NOTEBOOK TRAVELOGUE,38
84549,CROCHET WHITE RABBIT KEYRING,38
35638A,PINK AND BLACK STRING CURTAIN,38
85145,JARDIN ETCHED GLASS LARGE BELL JAR,38
84805B,BLUE CLIMBING HYDRANGA ART FLOWER,38
22950,SET OF 36 VINTAGE CHRISTMAS DOILIES,38
35913B,WHITE/PINK CHICK EASTER DECORATION,37
37476,CONDIMENT TRAY 4 BOWLS AND 4 SPOONS,37
90214B,"\"LETTER \"\"B\"\" BLING KEY RING\"",37
21376,LARGE  TALL CAMPHOR WOOD TOADSTOOL,37
90013B,BLACK VINTAGE EARRINGS,36
37462E,"PET MUG, GOLDFISH",36
90198B,VINTAGE ROSE BEAD BRACELET BLACK,36
21910,WAY OUT METAL SIGN,36
22761,CHEST 7 DRAWER MA CAMPAGNE,36
44228,CANNABIS LEAF BEAD CURTAIN,36
20798,CLEAR MILKSHAKE GLASS,36
21655,HANGING RIDGE GLASS T-LIGHT HOLDER,36
21486,PINK HEART DOTS HOT WATER BOTTLE,36
82615,PINK MARSHMALLOW SCARF KNITTING KIT,36
85114b,IVORY ENCHANTED FOREST PLACEMAT,36
23126,DOLLCRAFT GIRL AMELIE,36
23254,KIDS CUTLERY DOLLY GIRL,36
23256,KIDS CUTLERY SPACEBOY,36
23035,DOORKNOB CERAMIC IVORY,36
23196,RETO LEAVES MAGNETIC SHOPPING LIST,36
23197,VEGETABLE MAGNETIC  SHOPPING LIST,36
79336,LIGHT PINK FLOCK GLASS CANDLEHOLDER,36
23325,RUSTIC STRAWBERRY JAMPOT SMALL,36
23410,CURIO CABINET LINEN AND LACE,36
23430,BLUE RETRO KITCHEN WALL CLOCK,36
90129C,GREEN GLASS TASSLE BAG CHARM,35
79191D,RETRO PLASTIC DAISY TRAY,35
22827,RUSTIC  SEVENTEEN DRAWER SIDEBOARD,35
85161,ACRYLIC GEOMETRIC LAMP,35
84247E,PACK/12 XMAS FUN CARD,35
84905,PINK BUTTERFLY CUSHION COVER,35
21686,MEDINA STAMPED METAL STOOL,35
90185D,CRYSTAL DIAMANTE EXPANDABLE RING,35
90197B,BLACK GLASS BRACELET W HEART CHARMS,35
85197,SET OF 12 MINI BUNNIES IN A BUCKET,35
47369B,BLUE GREEN EMBROIDERY COSMETIC BAG,35
23015,CORDIAL GLASS JUG,35
84685,BEACH HUT KEY CABINET,34
84997d,PINK 3 PIECE POLKADOT CUTLERY SET,34
84352,SILVER CHRISTMAS TREE BAUBLE STAND,34
84510E,SET OF 4 GREEN CAROUSEL COASTERS,34
21392,RED POLKADOT PUDDING BOWL,34
90210A,GREY ACRYLIC FACETED BANGLE,34
21816,CHRISTMAS TREE T-LIGHT HOLDER,34
84707B,PINK JEWELLED MIRROR TRINKET TRAY,34
90085,CRYSTAL STILETTO PHONE CHARM,34
72812,LARGE ZINC GLASS CANDLEHOLDER,34
47593A,CAROUSEL PONIES BABY BIB,33
20894,HANGING BAUBLE T-LIGHT HOLDER LARGE,33
90143,SILVER BRACELET W PASTEL FLOWER,33
37489A,YELLOW/PINK FLOWER DESIGN BIG MUG,33
90184B,AMETHYST CHUNKY BEAD BRACELET W STR,33
84358,FLOOR LAMP SHADE WOOD BASE,33
15056p,EDWARDIAN PARASOL PINK,33
47369A,PINK GREEN EMBROIDERY COSMETIC BAG,33
71050,SMALL SINGLE FLAME CANDLE HOLDER,33
23459,DOLLY CABINET 2 DRAWERS,33
84745A,PINK HANGING GINGHAM EASTER HEN,32
20664,TROPICAL HOLIDAY PURSE,32
84745B,BLUE HANGING GINGHAM EASTER HEN,32
20857,BLUE ROSE PATCH PURSE PINK BUTTERFL,32
90173,PAIR BUTTERFLY HAIR CLIPS,32
90003C,MIDNIGHT BLUE PAIR HEART HAIR SLIDE,32
90147,CHUNKY SILVER NECKLACE PASTEL FLOWE,32
90089,PINK CRYSTAL SKULL PHONE CHARM,32
85040a,S/4 PINK FLOWER CANDLES IN BOWL,32
84805A,CREAM CLIMBING HYDRANGA ART FLOWER,32
84993a,75 GREEN PETIT FOUR CASES,32
84859B,BLUE DISCO HANDBAG,32
23454,SET OF 3 MINI HANGING PORTRAITS,32
23467,VINTAGE ZINC PLANTER,32
37489B,BLUE/YELLOW FLOWER DESIGN BIG MUG,31
20662,FIRST CLASS HOLIDAY PURSE,31
90205A,LARGE MINT DIAMANTE HAIRSLIDE,31
90185A,AMBER DIAMANTE EXPANDABLE RING,31
72140E,BEST DAD CANDLE LETTERS,31
35818B,"ACRYLIC JEWEL ICICLE, BLUE",31
90082A,DIAMANTE BOW BROOCH GREEN COLOUR,30
21364,PEACE SMALL WOOD LETTERS,30
16010,FOLDING CAMPING SCISSOR W/KNIF & S,30
21657,MILK BOTTLE WITH GLASS STOPPER,30
72369A,PINK CLEAR GLASS CANDLE PLATE,30
90160B,RED BOUDICCA LARGE BRACELET,30
84712B,PINK JEWELLED PHOTO FRAME,30
90125B,AQUA BERTIE GLASS BEAD BAG CHARM,30
22145,CHRISTMAS CRAFT HEART STOCKING,30
20666,ECONOMY HOLIDAY PURSE,30
90118,PINK DAISY BAG CHARM,30
90003D,CRYSTAL PAIR HEART HAIR SLIDES,30
35637C,PINK STRING CURTAIN WITH POLE,30
23068,ALUMINIUM HEART,30
23143,ZINC WIRE KITCHEN ORGANISER,30
90103,PURPLE FRANGIPANI NECKLACE,29
20960,WATERMELON BATH SPONGE,29
90204,PAIR OF ENAMEL BUTTERFLY HAIRCLIP,29
90205C,LARGE CRYSTAL DIAMANTE HAIRSLIDE,29
21269,ANTIQUE CREAM CUTLERY SHELF,29
17164B,ASS COL SMALL SAND GECKO P'WEIGHT,29
84559a,3D SHEET OF DOG STICKERS,29
16207B,PINK HEART RED HANDBAG,29
17090D,VANILLA INCENSE 40 CONES IN TIN,29
21393,BLUE POLKADOT PUDDING BOWL,29
84865,NEW BAROQUE BLACK PHOTO ALBUM,29
90098,NECKLACE+BRACELET PINK BUTTERFLY,29
84907,PINK YELLOW PATCH CUSHION COVER,29
16202B,PASTEL BLUE PHOTO ALBUM,29
37471,MULTICOLOUR POLKADOT PLATE,29
72132,COLUMBIAN CUBE CANDLE,28
90104,PURPLE FRANGIPANI HAIRCLIP,28
35922,EASTER BUNNY WREATH,28
90145,SILVER HOOP EARRINGS WITH FLOWER,28
84989A,75 GREEN FAIRY CAKE CASES,28
21460,GREEN EASTER EGG HUNT START POST,28
37488A,YELLOW PINK FLOWER DESIGN BIG BOWL,28
81953P,ROUND ARTICULATED PINK CLOCK W/SUCK,28
16162M,THE KING GIFT BAG 25x24x12cm,28
21336,GOLD WASHBAG,27
90099,NECKLACE+BRACELET SET BLUE HIBISCUS,27
90214F,"\"LETTER \"\"F\"\" BLING KEY RING\"",27
48189,DOORMAT FRIENDSHIP,27
90162B,ANT SILVER LIME GREEN BOUDICCA RING,27
90175A,WHITE GLASS CHUNKY CHARM BRACELET,27
90082B,DIAMANTE BOW BROOCH RED COLOUR,27
22765,NEWSPAPER STAND,27
21473,SWEETHEART CREAM STEEL TABLE RECT,27
17165D,ASS COL LARGE SAND FROG P'WEIGHT,27
90073,VINTAGE ENAMEL & CRYSTAL EARRINGS,27
90164A,PINK ROSEBUD PEARL BRACELET,27
47341A,FUSCHIA TABLE RUN FLOWER,27
85092,CANDY SPOT TEA COSY,27
35966,FOLKART CHRISTMAS TREE T-LIGHT HOLD,27
84016,FLAG OF ST GEORGE CAR FLAG,27
23457,LARGE PARLOUR FRAME,27
21277,FRENCH STYLE EMBOSSED HEART CABINET,26
35607A,PINK FLUFFY CHRISTMAS DECORATION,26
22656,VINTAGE BLUE KITCHEN CABINET,26
90185C,BLACK DIAMANTE EXPANDABLE RING,26
90214V,"\"LETTER \"\"V\"\" BLING KEY RING\"",26
84539,KNITTED RABBIT DOLL,26
90177C,DROP DIAMANTE EARRINGS CRYSTAL,26
84872a,TEATIME FUNKY FLOWER BACKPACK FOR 2,26
90191,SILVER LARIAT 40CM,26
84910A,PINK PAISLEY CUSHION COVER,26
79331,PINK FLOCK GLASS CANDLEHOLDER,26
23041,PAPER LANTERN 6 POINT SNOW STAR,26
23614,SET 10 CARDS 12 DAYS WRAP  17058,26
16161M,WRAP  PINK FLOCK,25
84711A,SILVER OVAL SHAPE TRINKET BOX,25
85096,HILDA CANDY SPOT RABBIT,25
85014b,RED RETROSPOT UMBRELLA,25
20701,PINK CAT FLORAL CUSHION COVER,25
90010E,AMBER GLASS/SILVER BRACELET,25
16169N,WRAP BLUE RUSSIAN FOLKART,25
90059E,DIAMANTE HAIR GRIP PACK/2 RUBY,25
20878,SET/9 CHRISTMAS T-LIGHTS SCENTED,25
75013B,"STRING OF 8 BUTTERFLIES,PINK",25
20663,QUEEN OF THE SKIES HOLIDAY PURSE,25
90059D,DIAMANTE HAIR GRIP PACK/2 PERIDOT,25
90177D,DROP DIAMANTE EARRINGS PURPLE,25
35610C,WHITE CHRISTMAS FLOCK DROPLET,25
79026B,"S/4 ICON COASTER,ELVIS LIVES",25
90083,CRYSTAL CZECH CROSS PHONE CHARM,25
23402,HOME SWEEET HOME 3 PEG HANGER,25
23448,CREAM BUNNY EASTER EGG BASKET,25
90022,EDWARDIAN DROP EARRINGS JET BLACK,24
22134,LADLE LOVE HEART RED,24
84388,WISE MAN STAR SHAPE EGG PAN,24
21018,BIRD BOX CHRISTMAS TREE DECORATION,24
90214T,"\"LETTER \"\"T\"\" BLING KEY RING\"",24
22952,72 CAKE CASES VINTAGE CHRISTMAS,24
84666,SQUARE CHERRY BLOSSOM CABINET,24
90122C,TURQUOISE CRYSTAL+GLASS BRACELET,24
22972,CHILDRENS SPACEBOY MUG,24
22823,CHEST NATURAL WOOD 20 DRAWERS,24
90161A,ANT COPPER RED BOUDICCA BRACELET,24
22963,JAM JAR WITH BLUE LID,24
21690,SILVER  CANDLEPOT JARDIN,24
22953,BIRTHDAY BANNER TAPE,24
35610B,BLACK CHRISTMAS FLOCK DROPLET,24
17007B,S/3 POT POURI CUSHIONS BLUE COLOURS,24
85028S,FRENCH CHATEAU SMALL FRUITBOWL,24
84750A,PINK SMALL GLASS CAKE STAND,24
44089C,LILAC GAUZE BUTTERFLY LAMPSHADE,24
23145,ZINC T-LIGHT HOLDER STARS LARGE,24
23091,METAL HERB GERDEN CONTAINER,24
84857B,BLUE MONTE CARLO HANDBAG,24
23235,BISCUIT TIN VINTAGE LEAF,24
23250,ENAMEL BOWL PANTRY,24
23196,LEAVES MAGNETIC  SHOPPING LIST,24
23437,GIFT BAG LARGE 50'S CHRISTMAS,24
23629,SET 10 CARDS DRESSING UP 17077,24
84206A,3 BLACK CATS W HEARTS BLANK CARD,24
84247K,"FOLK ART GREETING CARD,pack/12",23
90185B,AMETHYST DIAMANTE EXPANDABLE RING,23
20933,YELLOW POT PLANT CANDLE,23
37489C,GREEN/BLUE FLOWER DESIGN BIG MUG,23
84559b,3D SHEET OF CAT STICKERS,23
90175D,TIGRIS EYE CHUNKY CHARM BRACELET,23
90003E,GREEN PAIR HEART HAIR SLIDES,23
84033,FLAG OF ST GEORGE,23
37444C,PINK BREAKFAST CUP AND SAUCER,23
84798A,PINK FOXGLOVE ARTIIFCIAL FLOWER,23
84906,PINK BUTTERFLY CUSHION COVER,23
90018B,GOLD M.O.P ORBIT DROP EARRINGS,22
84247N,PACK/12 BLUE FOLKART CARDS,22
21040,MODERN VINTAGE COTTON SHOPPING BAG,22
90202D,PINK ENAMEL FLOWER HAIR TIE,22
90214Z,"\"LETTER \"\"Z\"\" BLING KEY RING\"",22
90122A,PINK CRYSTAL+GLASS BRACELET,22
90186B,CRYSTAL HOOP EARRING FLORAL LEAF,22
90016B,GOLD/M.O.P PENDANT ORBIT NECKLACE,22
90202A,PURPLE ENAMEL FLOWER HAIR TIE,22
84801B,WHITE HYDRANGEA ART FLOWER,22
44092C,PURPLE/COPPER HANGING LAMPSHADE,22
84548,CROCHET BEAR RED/BLUE  KEYRING,22
23075,DOUBLE CERAMIC PARLOUR HOOK,22
84732B,CUTE BIRD CEATURE SCREEN,22
23456,MEDIUM PARLOUR FRAME,22
23441,HAND PAINTED HANGING EASTER EGG,22
90166,PINK & WHITE ROSEBUD RING,21
47586A,PINK FAIRY CAKE CUSHION COVER,21
20848,ZINC HEART LATTICE CHARGER SMALL,21
90039D,FIRE POLISHED GLASS BRACELET GREEN,21
90072,RUBY DROP CHANDELIER EARRINGS,21
90183B,AMETHYST DROP EARRINGS W LONG BEADS,21
20697,LITTLE GREEN MONSTER SOFT TOY,21
90032,IVORY SHELL HEART NECKLACE,21
84847,FLORAL BATHROOM SET,21
90184C,BLACK CHUNKY BEAD BRACELET W STRAP,21
90000D,COPPER/OLIVE GREEN FLOWER NECKLACE,21
37333,"\"RETRO \"\"TEA FOR ONE\"\" \"",21
90059F,DIAMANTE HAIR GRIP PACK/2 LT ROSE,21
23535,WALL ART BICYCLE SAFTEY,21
90081C,LILY BROOCH OLIVE COLOUR,20
90190C,SILVER/AMETHYST DROP EARRINGS LEAF,20
90199C,5 STRAND GLASS NECKLACE CRYSTAL,20
90070,RUBY GLASS CLUSTER BRACELET,20
84711B,PINK OVAL SHAPE TRINKET BOX,20
84522,PINK PARTY SUNGLASSES,20
16162L,THE KING GIFT BAG,20
35910A,MULTICOLOUR EASTER RABBIT,20
84709B,PINK OVAL JEWELLED MIRROR,20
21011,GLITTER SNOW PEAR TREE DECORATION,20
85084,HOLLY TOP CHRISTMAS STOCKING,20
90202C,GREEN ENAMEL FLOWER HAIR TIE,20
79071B,ENGLISH ROSE METAL WASTE BIN,20
84629,WHITE 3 FRAME BIRDS AND TREE,20
20901,VINTAGE KEEPSAKE BOX PINK FLOWER,20
20667,CHERRY BLOSSOM PURSE,20
23603,SET 10 CARD KRAFT REINDEER 17084,20
90133,TEAL/FUSCHIA COL BEAD NECKLACE,19
84997c,BLUE 3 PIECE POLKADOT CUTLERY SET,19
84751B,BLACK MEDIUM GLASS CAKE STAND,19
85135A,YELLOW DRAGONFLY HELICOPTER,19
21332,MOROCCAN BEATEN METAL MIRROR,19
90195A,PURPLE GEMSTONE BRACELET,19
90165B,WHITE ROSEBUD  PEARL EARRINGS,19
21357,TOAST ITS - DINOSAUR,19
20845,ZINC HEART LATTICE 2 WALL PLANTER,19
62094B,TURQ ICE CREAM BUM BAG,19
35271S,GOLD PRINT PAPER BAG,19
90169,DAISY HAIR COMB,19
22929,SCHOOL DESK AND CHAIR,19
22415,WHITE TISSUE REAM,19
84984A,GREEN PEONY CUSHION COVER,19
23468,TUSCAN VILLA BIRD TABLE,19
82011A,"BATHROOM SCALES, TROPICAL BEACH",18
46000P,POLYESTER FILLER PAD 65CMx65CM,18
21349,IVY HEART WREATH,18
90019B,GOLD M.O.P ORBIT BRACELET,18
90144,SILVER DROP EARRINGS WITH FLOWER,18
90040B,MURANO STYLE GLASS BRACELET BLACK,18
84660c,PINK STITCHED WALL CLOCK,18
90010A,MIDNIGHT BLUE GLASS/SILVER BRACELET,18
85014a,BLACK/BLUE POLKADOT UMBRELLA,18
90168,2 DAISIES HAIR COMB,18
79149B,SILICON STAR BULB  BLUE,18
84809B,PINK CHRYSANTHEMUMS ART FLOWER,18
23281,FOLDING MIRROR RED,18
23282,FOLDING MIRROR IVORY,18
23044,PAPER LANTERN 9 POINT HOLLY STAR 23,18
23464,VINTAGE ZINC WATERING CAN SMALL,18
84270,ASSTD DESIGN BUBBLE GUM RING,17
84796a,PINK HAWAIIAN PICNIC HAMPER FOR 2,17
90202B,WHITE ENAMEL FLOWER HAIR TIE,17
10124G,ARMY CAMO BOOKCOVER TAPE,17
90016A,SILVER/M.O.P PENDANT ORBIT NECKLACE,17
21692,SILVER LATTICE VANILLA CANDLE POT,17
79066k,RETRO MOD TRAY,17
20698,LITTLE PINK MONSTER SOFT TOY,17
90146,FINE SILVER NECKLACE W PASTEL FLOWE,17
90180A,BLACK+WHITE NECKLACE W TASSEL,17
35265,COLOURFUL FLOWER FRUIT BOWL,17
84803B,WHITE ALLIUM  ARTIFICIAL FLOWER,17
20821,GOLDIE LOOKING MIRROR,17
62043B,BLUE CHECK BAG W HANDLE 34X20CM,17
84984B,RED PEONY CUSHION COVER,17
71143,ANTIQUE SILVER BOOK MARK WITH BEADS,17
23465,TUSCAN VILLA BIRD FEEDER,17
85031A,ROMANTIC IMAGES SCRAP BOOK SET,16
90190A,SILVER/CRYSTAL DROP EARRINGS W LEAF,16
90014A,SILVER/MOP ORBIT NECKLACE,16
21370,MIRRORED WALL ART FOXY,16
90059B,DIAMANTE HAIR GRIP PACK/2 BLACK DIA,16
35916B,BLUE FELT HANGING HEART W FLOWER,16
10124A,SPOTS ON RED BOOKCOVER TAPE,16
90214W,"\"LETTER \"\"W\"\" BLING KEY RING\"",16
90214O,"\"LETTER \"\"O\"\" BLING KEY RING\"",16
85017A,ENVELOPE 50 ROMANTIC IMAGES,16
90194,SILVER LARIAT BLACK STONE EARRINGS,16
90165A,PINK ROSEBUD PEARL EARRINGS,16
84795b,SUNSET CHECK HAMMOCK,16
90028,NEW BAROQUE LARGE NECKLACE BLK/WHIT,16
84715,SET OF 6 ICE CREAM SKITTLES,16
84596f,SMALL MARSHMALLOWS PINK BOWL,16
62074B,ELEPHANT CLIP W SUCTION CUP,16
84086B,YELLOW/BLUE RETRO RADIO,16
23107,WHITE WIRE PLANT POT HOLDER,16
23066,SMALL JEWELLERY STAND,16
23081,GREEN METAL BOX TOP SECRET,16
84706F,RED PEONY TABLE CLOCK,16
23271,CHRISTMAS TABLE CANDLE SILVER SPIKE,16
81950V,FLOWER PURPLE CLOCK WITH SUCKER,16
72783,BLACK SIL'T SQU CANDLE PLATE,16
90038A,GLASS AND PAINTED BEADS BRACELET TO,15
90081A,LILY BROOCH AMETHYST COLOUR,15
20818,GOLD TEDDY BEAR,15
90059C,DIAMANTE HAIR GRIP PACK/2 MONTANA,15
21344,MOROCCAN BEATEN METAL DISH,15
90181B,AMETHYST GLASS/SHELL/PEARL NECKLACE,15
90014B,GOLD M PEARL  ORBIT NECKLACE,15
72351a,SET/6 TURQUOISE BUTTERFLY T-LIGHTS,15
20778,GARDEN PATH NOTEBOOK,15
90003B,ROSE COLOUR PAIR HEART HAIR SLIDES,15
84925D,LA PALMIERA WALL THERMOMETER,15
48173c,DOORMAT BLACK FLOCK,15
90123A,PINK HEART OF GLASS BRACELET,15
85185D,FROG SOCK PUPPET,15
90040C,MURANO STYLE GLASS BRACELET GOLD,15
44089A,PINK GAUZE BUTTERFLY LAMPSHADE,15
16202E,BLACK PHOTO ALBUM,15
85030,FRENCH CHATEAU OVAL PLATTER,15
23632,SET 10 CARDS CHEERFUL ROBIN 17065,15
20785,FUSCHIA RETRO BAR STOOL,14
85089,CANDY SPOT BUNNY,14
90182C,BLACK 3 BEAD DROP EARRINGS,14
90130C,GREEN STONE/CRYSTAL EARRINGS,14
90129D,AMBER GLASS TASSLE BAG CHARM,14
90123C,GREEN HEART OF GLASS BRACELET,14
90162C,ANT SILVER FUSCHIA BOUDICCA RING,14
84616,SILVER ROCCOCO CHANDELIER,14
90177E,DROP DIAMANTE EARRINGS GREEN,14
90094,NECKLACE+BRACELET SET FRUIT SALAD,14
85206B,PINK FELT EASTER EGG BASKET,14
90040A,MURANO STYLE GLASS BRACELET RED,14
90177B,DROP DIAMANTE EARRINGS BLACK DIAMON,14
84575A,PINK DOG CANNISTER,14
82605,OLD DOC RUSSEL METAL SIGN,14
90067A,PINK VINTAGE VICTORIAN EARRINGS,14
90005A,JADE GREEN ENAMEL HAIR COMB,14
20670,VIP HOLIDAY PURSE,14
90036E,"\"FLOWER GLASS GARLD NECKL36\"\"AMETHYST\"",14
44092B,BLUE WHITE PLASTIC RINGS LAMPSHADE,14
84536a,ENGLISH ROSE NOTEBOOK A7 SIZE,14
90177A,CLASSIC DIAMANTE EARRINGS JET,14
84842,HELLO SAILOR BATHROOM SET,14
47013A,WINE BOTTLE DRESSING LT.BLUE,14
84228,HEN HOUSE WITH CHICK STANDING,14
84746,PINK EASTER HENS+FLOWER,14
23574,PACKING CHARGE,14
90184A,AMBER CHUNKY BEAD BRACELET W STRAP,13
90019C,SILVER BLACK ORBIT BRACELET,13
90023,FILIGREE DIAMANTE EARRINGS,13
47589,CONGRATULATIONS BUNTING,13
21275,ZINC TOP  2 DOOR WOODEN SHELF,13
35647,VINTAGE BEAD PINK SHADE,13
84497,BUTTONS AND STRIPES NOTEBOOK,13
90038B,GLASS AND PAINTED BEADS BRACELET OL,13
90012B,BLACK DROP CRYSTAL NECKLACE,13
90002D,FLOWER BURST SILVER RING CRYSTAL,13
85008,SET OF 3 CONEY ISLAND OVAL BOXES,13
22125,UNION JACK HOT WATER BOTTLE,13
84816,DANISH ROSE BEDSIDE CABINET,13
90190B,GOLD/AMBER DROP EARRINGS W LEAF,13
22351,DOTCOMGIFTSHOP TEA TOWEL,13
71496B,A4 WALL TIDY RED FLOWERS,13
35910B,PINK FLOWERS RABBIT EASTER,13
90000A,RASPBERRY ANT COPPER FLOWER NECKLAC,13
16248B,BLUE HOLE PUNCH,13
84984D,ORIENTAL RED CUSHION COVER,13
84551,CROCHET DOG KEYRING,13
84201B,HAPPY BIRTHDAY CARD STRIPEY TEDDY,13
23502,PLAYING CARDS VINTAGE DOILEY,13
23389,SPACEBOY MINI RUCKSACK,13
23463,VINTAGE ZINC WATERING CAN,13
90187B,GREEN DROP EARRINGS W BEAD CLUSTER,12
22937,BAKING MOULD CUPCAKE CHOCOLATE,12
47590b,PINK HAPPY BIRTHDAY BUNTING,12
BANK CHARGES,Bank Charges,12
90186A,AMETHYST HOOP EARRING FLORAL LEAF,12
90011B,BLACK CRYSTAL DROP EARRINGS,12
90036D,"\"FLOWER GLASS GARLAND NECKL.36\"\"BLACK\"",12
84906,PINK B'FLY C/COVER W BOBBLES,12
90206A,GOLD DIAMANTE STAR BROOCH,12
84462,3 PINK HEN+CHICKS IN BASKET,12
22246,"GARLAND, MAGIC GARDEN 1.8M",12
90211A,DIAMOND LAS VEGAS NECKLACE 45CM,12
85024C,PINK SMALL JEWELLED PHOTOFRAME,12
90141A,GREEN PENDANT TRIPLE SHELL NECKLACE,12
85018D,YULETIDE IMAGES S/6 PAPER BOXES,12
84881,BLUE WIRE SPIRAL CANDLE HOLDER,12
46115B,GREEN POP ART MAO CUSHION COVER,12
85109,PINK BOUDOIR T-LIGHT HOLDER,12
35958,FOLKART ZINC STAR CHRISTMAS DEC,12
79329,PINK FLOCK GLASS CANDLEHOLDER,12
22937,BAKING MOULD CHOCOLATE CUP CAKES,12
90124B,BLUE MURANO TWIST NECKLACE,12
40005B,BLUE ORGANDY ROUND LAMPSHADE W BEA,12
21331,MOROCCAN BEATEN METAL DISH LARGE,12
21777,RECIPE BOX WITH METAL HEART,12
90163A,PINK ROSEBUD & PEARL NECKLACE,12
90064B,BLACK VINTAGE  CRYSTAL EARRINGS,12
90063A,WHITE VINT ART DECO CRYSTAL NECKLAC,12
84415A,PINK FLOCK SUEDE CUSHION COVER,12
90018C,SILVER BLACK ORBIT DROP EARRINGS,12
84705C,PINK FLOCK PHOTO FRAME,12
23040,PAPER LANTERN 9 POINT SNOW STAR,12
23031,DOORKNOB CRACKED GLAZE PINK,12
23244,CANNISTER VINTAGE LEAF DESIGN,12
44242A,LILAC FEATHERS CURTAIN,12
23029,DOORKNOB CRACKED GLAZE GREEN,12
23214,BELL HEART ANTIQUE GOLD,12
23251,ENAMEL MUG PANTRY,12
35817P,PINK ACRYLIC JEWEL SNOWFLAKE,12
23249,ENAMEL DINNER PLATE PANTRY,12
23212,PAINTED HEART WREATH WITH BELL,12
23466,TUSCAN VILLA DOVECOTE,12
23465,TUSCAN VILLA FEEDING STATION,12
23537,I LOVE LONDON WALL ART,12
23413,DECROTIVEVINTAGE COFFEE GRINDER BOX,12
23449,SET OF 6 EASTER RAINBOW CHICKS,12
90214U,"\"LETTER \"\"U\"\" BLING KEY RING\"",12
85195,HANGING HEART BASKET,11
79151B,"SILICON CUBE 25W, BLUE",11
21109,"LARGE CAKE TOWEL, CHOCOLATE SPOTS",11
84921,CREAM AND PINK FLOWERS PONY,11
72821,CUPID SCENTED CANDLE IN GLASS,11
22769,CHALKBOARD KITCHEN ORGANISER,11
90125E,AMBER BERTIE GLASS BEAD BAG CHARM,11
21461,BLUE EASTER EGG HUNT START POST,11
90039B,FIRE POLISHED GLASS BRACELET MONTAN,11
90199A,5 STRAND GLASS NECKLACE BLACK,11
90010B,BLACK/WHITE GLASS/SILVER BRACELET,11
90012A,MIDNIGHT BLUE DROP CRYSTAL NECKLACE,11
71215,METAL BASE FOR CANDLES,11
90000B,MIDNIGHT BLUE COPPER FLOWER NECKLAC,11
21769,VINTAGE POST OFFICE CABINET,11
84798B,PURPLE FOXGLOVE ARTIIFCIAL FLOWER,11
90124C,GREEN MURANO TWIST NECKLACE,11
23020,GLASS SONGBIRD STORAGE JAR,11
84387A,BIRD ON BRANCH CANVAS SCREEN,11
81953B,ROUND BLUE CLOCK WITH SUCKER,11
84732D,CUTE RABBIT CEATURE SCREEN,11
23637,SET 10 CARDS OUT OF ORDER 17216,11
23613,SET 10 XMAS CARDS & BADGES 17070,11
90014A,SILVER M.O.P. ORBIT NECKLACE,11
20671,BLUE TEATIME PRINT BOWL,10
84596e,SMALL LICORICE DES PINK BOWL,10
90141C,TURQ PENDANT TRIPLE SHELL NECKLACE,10
90188,DROP EARRINGS W FLOWER & LEAF,10
90212B,JET BLACK LAS VEGAS BRACELET ROUND,10
90142D,MOP PENDANT SHELL NECKLACE,10
90079,VINTAGE ENAMEL & CRYSTAL NECKLACE,10
90051,CRACKED GLAZE NECKLACE RED,10
gift_0001_20,Dotcomgiftshop Gift Voucher £20.00,10
90175B,PINK GLASS CHUNKY CHARM BRACELET,10
90033,IVORY SHELL HEART EARRINGS,10
90082D,DIAMANTE BOW BROOCH BLACK COLOUR,10
21761,WOOD AND GLASS MEDICINE CABINET,10
90138,WHITE/PINK MINI CRYSTALS NECKLACE,10
90167,BEADED LOVE HEART JEWELLERY SET,10
37351,ORANGE FLOWER MUG,10
90120D,WHITE MURANO TWIST BRACELET,10
22828,REGENCY MIRROR WITH SHUTTERS,10
90037B,TINY CRYSTAL BRACELET GREEN,10
22034,ROBIN CHRISTMAS CARD,10
35610A,PINK CHRISTMAS FLOCK DROPLET,10
35400,WOODEN BOX ADVENT CALENDAR,10
90162D,ANT SILVER PURPLE BOUDICCA RING,10
90157,RIVIERA NECKLACE,10
90064A,WHITE VINTAGE CRYSTAL EARRINGS,10
85028L,FRENCH CHATEAU LARGE FRUIT BOWL,10
84465,15 PINK FLUFFY CHICKS IN BOX,10
84306,S/3 PINK SQUARE PLANTERS ROSES,10
23065,LARGE JEWELLERY STAND,10
23045,PAPER LANTERN 5 POINT STAR MOON 30,10
90102,WHITE FRANGIPANI HAIR CLIP,10
84924F,PSYCHEDELIC METAL SIGN CALENDAR,10
23620,SET 10 CARDS PERFECT POST 17090,10
90148,LONG SILVER NECKLACE PASTEL FLOWER,9
84922,PINK BUTTERFLY WASHBAG,9
90123B,TURQUOISE HEART OF GLASS BRACELET,9
90027D,GLASS BEAD HOOP EARRINGS AMETHYST,9
90076,MONTANA DIAMOND CLUSTER EARRINGS,9
90155,RESIN NECKLACE W PASTEL BEADS,9
85189,HANGING BUTTERFLY  EGG,9
90199B,5 STRAND GLASS NECKLACE AMETHYST,9
44091A,BLUE CRUSOE CHECK LAMPSHADE,9
84675,FROG KING WATERING CAN,9
90054,CRACKED GLAZE EARRINGS RED,9
90175C,BLUE GLASS CHUNKY CHARM BRACELET,9
90211B,JET BLACK LAS VEGAS NECKLACE 45CM,9
35809a,ENAMEL PINK TEA CONTAINER,9
90141B,IVORY PENDANT TRIPLE SHELL NECKLACE,9
17174,ASSTD RASTA KEY-CHAINS,9
gift_0001_10,Dotcomgiftshop Gift Voucher £10.00,9
90065A,WHITE VINTAGE CRYSTAL BRACELET,9
90038C,GLASS AND BEADS BRACELET IVORY,9
90183C,BLACK DROP EARRINGS W LONG BEADS,9
20851,ZINC HEART LATTICE TRAY OVAL,9
90063B,BLACK VINT ART DEC CRYSTAL NECKLACE,9
62097B,BLUE STRIPES SHOULDER BAG,9
85132b,CHARLIE AND LOLA TABLE TINS,9
90036C,"\"FLOWER GLASS GARLAND NECKL.36\"\"BLUE\"",9
23640,SET 10 CARDS SCOTTIE DOG 17211,9
23625,SET 6 CARDS SPARKLY REINDEER 17262,9
23645,SET 10 CHRISTMAS CARDS HOHOHO 16956,9
23636,SET 10 CARDS WISHING TREE 17116,9
35598A,DUSTY PINK CHRISTMAS TREE 60CM,9
78034B,BLUE NETTING STORAGE HANGER,8
84706D,CHERRY BLOSSOM TABLE CLOCK,8
90178A,AMBER CHUNKY GLASS+BEAD NECKLACE,8
35443,RASTA IN BATH W SPLIFF ASHTRAY,8
20910,VINTAGE PHOTO ALBUM PARIS DAYS,8
20793,BLUE TILED TRAY,8
22837,HOT WATER BOTTLE BABUSHKA LARGE,8
90196A,PURPLE GEMSTONE NECKLACE 45CM,8
90151,SILVER/NATURAL SHELL NECKLACE,8
84968e,SET OF 16 VINTAGE BLACK CUTLERY,8
85132a,CHARLIE + LOLA BISCUITS TINS,8
90036F,"\"FLOWER GLASS GARLD NECKL36\"\"TURQUOIS\"",8
35909A,RABBIT EASTER DECORATION,8
90050,CRACKED GLAZE NECKLACE IVORY,8
90039A,FIRE POLISHED GLASS BRACELET RED,8
84415B,BLUE FLOCK CUSHION COVER,8
72807a,SET/3 ROSE CANDLE IN JEWELLED BOX,8
90135,ORANGE/WHT/FUSCHIA STONES NECKLACE,8
90024B,NEW BAROQUE B'FLY NECKLACE RED,8
35909B,PINK FLOWERS RABBIT EASTER,8
79323B,BLACK CHERRY LIGHTS,8
90124A,PINK MURANO TWIST NECKLACE,8
35809B,ENAMEL BLUE RIM TEA CONTAINER,8
23086,ZINC STAR T-LIGHT HOLDER,8
23047,PAPER LANTERN 5 POINT STUDDED STAR,8
20816,GOLD FLOWER CUSHION COVER,8
84206C,CHAMPAGNE TRAY BLANK CARD,8
23106,ZINC PLANT POT HOLDER,8
90182A,AMBER 3 BEAD DROP EARRINGS,8
23252,ENAMEL JUG PANTRY,8
37491C,GREEN/BLUE CERAMIC CANDLE HOLDER,8
23623,SET 10 CARD CHRISTMAS WELCOME 17112,8
23607,SET 10 CARDS HATS & STOCKINGS 17081,8
23396,BUTTERFLY CUSHION COVER,8
23390,DOLLY GIRL MINI RUCKSACK,8
23601,SET 10 CARDS SNOWY SNOWDROPS  17100,8
23646,SET 10 CARDS JINGLE BELLS 16957,8
23539,"WALL ART , LOVES' SECRET",8
23541,"WALL ART ,PUDDINGS",8
23616,SET 10 CARDS JINGLE BELLS 17217,8
90181A,AMBER GLASS/SHELL/PEARL NECKLACE,7
90001D,ANTIQUE OLIVE GREEN FLOWER EARRINGS,7
84499,BLACK FLOWER CANDLE PLATE,7
72798C,SET/4 GARDEN ROSE DINNER CANDLE,7
90163B,WHITE ROSEBUD & PEARL NECKLACE,7
16206B,RED PURSE WITH PINK HEART,7
85067,CREAM SWEETHEART WALL CABINET,7
90120A,PINK MURANO TWIST BRACELET,7
90212C,PURPLE LAS VEGAS BRACELET ROUND,7
84596b,SMALL DOLLY MIX DESIGN ORANGE BOWL,7
gift_0001_30,Dotcomgiftshop Gift Voucher £30.00,7
16202A,PASTEL PINK PHOTO ALBUM,7
16244B,MAXWELL 2 TONE BLUE 60 PAGE PHOTO A,7
23236,STORAGE TIN VINTAGE DOILEY,7
90176D,DIAMANTE NECKLACE PURPLE,7
72802a,ROSE SCENT CANDLE IN JEWELLED BOX,7
46776f,WOVEN ROSE GARDEN CUSHION COVER,7
23627,SET 10 CARDS XMAS GRAPHIC  17218,7
85231g,ORANGE SCENTED SET/9 T-LIGHTS,6
90027A,GLASS BEAD HOOP EARRINGS BLACK,6
90199D,5 STRAND GLASS NECKLACE AMBER,6
37491A,YELLOW/PINK CERAMIC CANDLE HOLDER,6
21757,LIGHTHOUSE PRINTED METAL SIGN,6
90179C,BLACK FINE BEAD NECKLACE W TASSEL,6
22932,BAKING MOULD TOFFEE CUP  CHOCOLATE,6
35817P,"ACRYLIC JEWEL SNOWFLAKE,PINK",6
90011A,MIDNIGHT BLUE CRYSTAL DROP EARRINGS,6
90013D,PURPLE VINTAGE EARRINGS,6
85160A,WHITE BIRD GARDEN DESIGN MUG,6
90123D,WHITE HEART OF GLASS BRACELET,6
90179A,AMBER FINE BEAD NECKLACE W TASSEL,6
84613A,PINK NEW BAROQUE FLOCK CANDLESTICK,6
21827,EIGHT PIECE CREEPY CRAWLIE SET,6
90122B,JADE CRYSTAL+GLASS BRACELET,6
90060F,FIRE POLISHED GLASS NECKL GREEN,6
84840,SWEETHEART CARRY-ALL BASKET,6
21763,VINTAGE WOODEN BAR STOOL,6
37379A,PINK CHERRY BLOSSOM CUP & SAUCER,6
90039C,FIRE POLISHED GLASS BRACELET BLACK,6
84632,DECORATIVE HANGING SHELVING UNIT,6
17028J,INCENSE BAZAAR PEACH,6
37330,BIG POLKADOT MUG,6
90159,COTE D'AZURE NECKLACE,6
90036A,FLOWER GARLAND NECKLACE RED,6
23043,PAPER LANTERN 9 POINT HOLLY STAR 40,6
85225,BLING KEY RING STAND,6
23240,SET OF 4 KNICK KNACK TINS  DOILEY,6
84679,CLASSICAL ROSE TABLE LAMP,6
90130A,WHITE STONE/CRYSTAL EARRINGS,6
23015,CORDIAL JUG,6
20935,ROUND CACTUS CANDLE,6
17107D,FLOWER FAIRY 5 SUMMER DRAW LINERS,6
23530,"WALL ART,ONLY ONE PERSON",6
47593b,SCOTTIE DOGS BABY BIB,6
90162A,ANT SILVER TURQUOISE BOUDICCA RING,6
23621,SET 10 CARDS DAVID'S MADONNA 17074,6
90042C,FRESHWATER PEARL BRACELET IVORY,5
90041,PEARL AND CHERRY QUARTZ BRACLET,5
20695,FLORAL BLUE MONSTER,5
90152A,SILVER/NAT SHELL NECKLACE W PENDANT,5
18097A,PINK TALL PORCELAIN T-LIGHT HOLDER,5
21144,PINK POODLE HANGING DECORATION,5
90035A,"\"PEARL & SHELL 42\"\"NECKL. GREEN\"",5
22764,"RUSTIC WOODEN CABINET, GLASS DOORS",5
35591T,TURQUOISE CHRISTMAS TREE,5
84975,HEART SHAPED MIRROR,5
90055,CRACKED GLAZE EARRINGS BROWN,5
90001C,ANTIQUE OPAL WHITE FLOWER EARRINGS,5
47518f,ICON PLACEMAT POP ART ELVIS,5
84536b,FAIRY CAKES NOTEBOOK A7 SIZE,5
84854,GIRLY PINK TOOL SET,5
81950V,FLOWER PURPLE CLOCK W/SUCKER,5
84968a,SET OF 16 VINTAGE ROSE CUTLERY,5
90196B,BLACK GEMSTONE NECKLACE 45CM,5
20820,SILVER LOOKING MIRROR,5
21538,DAIRY MAID  PUDDING BOWL,5
90037C,TINY CRYSTAL BRACELET BLUE,5
21416,CLAM SHELL LARGE,5
84558a,3D DOG PICTURE PLAYING CARDS,5
90024F,NEW BAROQUE B'FLY NECKLACE CRYSTAL,5
10123C,HEARTS WRAPPING TAPE,5
22206,"MUG , DOTCOMGIFTSHOP.COM",5
21836,GINGHAM OVEN GLOVE RED HEART,5
82613c,"METAL SIGN,CUPCAKE SINGLE HOOK",5
84997a,GREEN 3 PIECE POLKADOT CUTLERY SET,5
90027C,GLASS BEAD HOOP EARRINGS GREEN,5
84509b,SET OF 4 FAIRY CAKE PLACEMATS,5
84593,CROCHET ROSE DES CLOTHES HANGER,5
21228,"\"POCKET MIRROR \"\"GLAMOROUS\"\"\"",5
90131,PINK/AMETHYST/GOLD NECKLACE,5
90182B,AMETHYST 3 BEAD DROP EARRINGS,5
90001A,ANTIQUE RASPBERRY FLOWER EARRINGS,5
90029,NEW BAROQUE SMALL NECKLACE BLACK,5
90180B,PURPLE AMETHYST NECKLACE W TASSEL,5
90001B,ANTIQUE MID BLUE FLOWER EARRINGS,5
90049,IVORY GOLD METAL BAG CHARM,5
72807c,SET/3 VANILLA SCENTED CANDLE IN BOX,5
90141E,ORANGE PENDANT TRIPLE SHELL NECKLAC,5
84201C,HAPPY BIRTHDAY CARD TEDDY/CAKE,5
23634,SET 10 CARDS XMAS CHOIR 17068,5
23644,SET 10 CARDS CHRISTMAS TREE 16955,5
79157V,UBO-LIGHT TRIOBASE PURPLE,5
46776a,WOVEN BUBBLE GUM CUSHION COVER,5
23388,WOODLAND MINI RUCKSACK,5
23654,SET 10 CARD SNOWMAN 16965,5
23612,SET 10 MINICARDS CUTE SNOWMAN 17071,5
84206B,CAT WITH SUNGLASSES BLANK CARD,5
90156,RESIN BRACELET W PASTEL BEADS,4
82613b,"METAL SIGN,CUPCAKE SINGLE HOOK",4
20892,SET/3 TALL GLASS CANDLE HOLDER PINK,4
22849,"BREAD BIN, DINER STYLE, MINT",4
22778,GLASS BELL JAR SMALL,4
90056,CHUNKY CRACKED GLAZE NECKLACE IVORY,4
90074,BLACK DIAMOND CLUSTER NECKLACE,4
79323P,PINK CHERRY LIGHTS,4
90024C,NEW BAROQUE B'FLY NECKLACE GREEN,4
90195B,BLACK GEMSTONE BRACELET,4
gift_0001_50,Dotcomgiftshop Gift Voucher £50.00,4
DCGS0003,BOXED GLASS ASHTRAY,4
84963A,PINK PAINTED KASHMIRI CHAIR,4
22847,"BREAD BIN, DINER STYLE, IVORY",4
90141D,ROSE PENDANT TRIPLE SHELL NECKLACE,4
37444B,BLUE BREAKFAST CUP AND SAUCER,4
90176B,DIAMANTE NECKLACE BLACK,4
90053,CRACKED GLAZE EARRINGS IVORY,4
90075,MONTANA DIAMOND CLUSTER NECKLACE,4
84856S,SMALL TAHITI BEACH BAG,4
72807b,SET/3 OCEAN SCENT CANDLE JEWEL BOX,4
84802B,PURPLE ANEMONE ARTIFICIAL FLOWER,4
90026C,GLASS BEAD HOOP NECKLACE GREEN,4
37491D,PURPLE/BLUE CERAMIC CANDLE HOLDER,4
23253,16 PC CUTLERY SET PANTRY DESIGN,4
84660a,WHITE STITCHED WALL CLOCK,4
47574B,ENGLISH ROSE SCENTED HANGING HEART,4
35645,VINTAGE BEAD PINK JEWEL BOX,4
37491B,BLUE/YELLOW CERAMIC CANDLE HOLDER,4
90036B,"\"FLOWER GLASS GARLAND NECKL.36\"\"GREEN\"",4
90025F,BAROQUE BUTTERFLY EARRINGS CRYSTAL,4
90043,COPPER AND BRASS BAG CHARM,4
20678,LARGE BLACK DIAMANTE HAIRSLIDE,4
23639,SET 10 CARDS MAGICAL TREE 17086,4
23624,SET 10 CARD PERFECT NATIVITY 17089,4
23650,SET 10 CARDS FILIGREE BAUBLE 16961,4
90176E,DIAMANTE NECKLACE GREEN,4
79157B,UBO-LIGHT TRIOBASE BLUE,4
23615,SET 10 CARDS PRINTED GRAPHIC 17219,4
23604,SET 10 MINI SANTA & SNOWMAN  17087,4
23608,SET 10 CARDS RUDOLPHS NOSE 17097,4
23605,SET 10 CARDS 12 DAYS OF XMAS 17059,4
23619,SET 10 CARDS POINSETTIA 17093,4
23702,High Resolution Image,4
17191A,ROSE FLOWER CANDLE+INCENSE 16X16CM,4
20906,VINTAGE NOTEBOOK BEAUTY GIRL,3
21661,VINTAGE GLASS TEA CADDY,3
90042A,FRESHWATER PEARL BRACELET GOLD,3
72815,3 WICK CHRISTMAS BRIAR CANDLE,3
84773,RED ROSE AND LACE C/COVER,3
84617,NEW BAROQUE BLACK BOXES,3
90128A,PINK LEAVES AND BEADS PHONE CHARM,3
85031C,CURIOUS IMAGES SCRAP BOOK SET,3
DCGS0076,SUNJAR LED NIGHT NIGHT LIGHT,3
37464,ROBOT MUG IN DISPLAY BOX,3
47503J,SET/3 FLORAL GARDEN TOOLS IN BAG,3
84562A,PINK/WHITE RIBBED MELAMINE JUG,3
90027B,GLASS BEAD HOOP EARRINGS MONTANA,3
79192A,RETRO PLASTIC 70'S TRAY,3
90132,LIGHT TOPAZ TEAL/AQUA COL NECKLACE,3
85047,WHITE BEADED GARLAND STRING 20LIGHT,3
90060D,FIRE POLISHED GLASS NECKL BRONZE,3
gift_0001_40,Dotcomgiftshop Gift Voucher £40.00,3
90011D,PURPLE CRYSTAL DROP EARRINGS,3
90130D,RED STONE/CRYSTAL EARRINGS,3
90136,PALE PINK/AMETHYST STONE NECKLACE,3
90011E,AMBER CRYSTAL DROP EARRINGS,3
90077,BLACK DIAMOND CLUSTER EARRINGS,3
90137,PINK COMBO MINI CRYSTALS NECKLACE,3
85231b,CINAMMON SET OF 9 T-LIGHTS,3
90014C,SILVER/BLACK ORBIT NECKLACE,3
90026B,GLASS BEAD HOOP NECKLACE MONTANA,3
84803A,PINK ALLIUM  ARTIFICIAL FLOWER,3
90026D,GLASS BEAD HOOP NECKLACE AMETHYST,3
85224,ASSORTED COLOUR SILK GLASSES CASE,3
85132c,CHARLIE AND LOLA FIGURES TINS,3
90025D,BAROQUE BUTTERFLY EARRINGS PINK,3
90176C,DIAMANTE NECKLACE,3
84968d,SET OF 16 VINTAGE RED CUTLERY,3
90016C,SILVER/BLACK PENDANT ORBIT NECKLACE,3
90176A,CLASSIC DIAMANTE NECKLACE JET,3
84596g,SMALL CHOCOLATES PINK BOWL,3
45013,FOLDING SHOE TIDY,3
PADS,PADS TO MATCH ALL CUSHIONS,3
85034a,3 GARDENIA MORRIS BOXED CANDLES,3
23056,CRYSTAL CHANDELIER T-LIGHT HOLDER,3
23299,"FOOD COVER WITH BEADS , SET 2 SIZES",3
84689,S/2 BEACH HUT TREASURE CHESTS,3
90046,WHITE WITH METAL BAG CHARM,3
84963B,BLUE PAINTED KASHMIRI CHAIR,3
90048,GREEN WITH METAL BAG CHARM,3
15060b,FAIRY CAKE DESIGN UMBRELLA,3
23610,SET 10 CARDS CHRISTMAS ROBIN 17095,3
85115B,S/4 BLACK DISCO PARTITION PANEL,3
23635,SET 10 CARDS CHRISTMAS HOLLY  17259,3
23633,SET 10 CARDS WORLD CHILDREN 17067,3
90179B,PURPLE FINE BEAD NECKLACE W TASSEL,3
85035a,GARDENIA 3 WICK MORRIS BOXED CANDLE,2
90112,PINK DOLLY HAIR CLIPS,2
37509,NEW ENGLAND MUG W GIFT BOX,2
20871,OPULENT VELVET SET/3 CANDLES,2
21594,Dr. Jam's Arouzer Stress Ball,2
84620,BLUE GINGHAM ROSE CUSHION COVER,2
35833G,4 GOLD FLOCK CHRISTMAS BALLS,2
90128B,BLUE LEAVES AND BEADS PHONE CHARM,2
90152B,BLUE/GREEN SHELL NECKLACE W PENDANT,2
21895,POTTING SHED SOW 'N' GROW SET,2
84802A,WHITE ANEMONE ARTIFICIAL FLOWER,2
84660b,BLACK STITCHED WALL CLOCK,2
21667,GLASS CAKE COVER AND PLATE,2
85126,LARGE ROUND CUTGLASS CANDLESTICK,2
20861,GOLD COSMETIC BAG PINK STAR,2
84614A,PINK BAROQUE FLOCK CANDLE HOLDER,2
90024E,NEW BAROQUE B'FLY NECKLACE MONTANA,2
85136B,BLUE SHARK HELICOPTER,2
84534b,FAIRY CAKE NOTEBOOK A5 SIZE,2
AMAZONFEE,AMAZON FEE,2
84856L,LARGE TAHITI BEACH BAG,2
90128D,PURPLE LEAVES AND BEADS PHONE CHAR,2
90078,PINK/WHITE GLASS DEMI CHOKER,2
22776,"CAKESTAND, 3 TIER, LOVEHEART",2
21186,WHITE DOVE HONEYCOMB PAPER GARLAND,2
22777,GLASS BELL JAR LARGE,2
90140,PINK SWEETIE NECKLACE,2
20954,*USB Office Mirror Ball,2
21268,VINTAGE BLUE TINSEL REEL,2
90128C,GREEN LEAVES AND BEADS PHONE CHARM,2
47570b,TEA TIME TABLE CLOTH,2
21595,Dad's Cab Electronic Meter,2
90034,WHITE SILVER NECKLACE SHELL GLASS,2
85049b,LUSH GREENS RIBBONS,2
62096B,PURPLE/TURQ FLOWERS HANDBAG,2
84968B,SET OF 16 VINTAGE IVORY CUTLERY,2
44265,M/COLOUR POM-POM CURTAIN,2
85049d,BRIGHT BLUES RIBBONS,2
21681,GIANT MEDINA STAMPED METAL BOWL,2
84795C,OCEAN STRIPE HAMMOCK,2
20964,POLYESTER FILLER PAD 60x40cm,2
84873A,FUNKY FLOWER PICNIC BAG FOR 4,2
23104,IVORY PANTRY HANGING LAMP,2
84990,60 GOLD AND SILVER FAIRY CAKE CASES,2
90025A,BAROQUE BUTTERFLY EARRINGS BLACK,2
84509g,SET OF 4 FAIRY CAKE PLACEMATS,2
84824,DANISH ROSE UMBRELLA STAND,2
90024D,NEW BAROQUE B'FLY NECKLACE PINK,2
S,SAMPLES,2
90035C,"\"PEARL & SHELL 42\"\"NECKL. IVORY\"",2
84731,3 BIRDS CANVAS SCREEN,2
85036a,GARDENIA 1 WICK MORRIS BOXED CANDLE,2
90127A,PINK BEADS+HAND PHONE CHARM,2
90067B,BROWN VINTAGE VICTORIAN EARRINGS,2
23079,TOADSTOOL BEDSIDE LIGHT,2
90026A,GLASS BEAD HOOP NECKLACE BLACK,2
90126C,AMBER BERTIE MOBILE PHONE CHARM,2
90011C,GREEN CRYSTAL DROP EARRINGS,2
23630,SET 10 CARDS HANGING BAUBLES 17080,2
85184c,SET 4 VALENTINE DECOUPAGE HEART BOX,2
90052,CRACKED GLAZE NECKLACE BROWN,2
23342,MINT DINER CLOCK,2
23638,SET 10 CARDS ROBIN WATERPUMP  17096,2
90069,RUBY GLASS CLUSTER NECKLACE,2
90014B,GOLD M.O.P. ORBIT NECKLACE,2
23540,"WALL ART , THE MAGIC FOREST",2
90065B,BLACK VINT ART DEC CRYSTAL BRACELET,2
90189A,SILVER 2 STRAND NECKLACE-LEAF CHARM,2
23462,ROCOCO WALL MIROR,2
47016,LIGHT DECORATION BATTERY OPERATED,2
23649,SET 10 CARDS DECK THE HALLS 16960,2
90014C,SILVER AND BLACK ORBIT NECKLACE,2
79161A,ST GEORGE SET OF 10 PARTY LIGHTS,2
35598C,WHITE CHRISTMAS TREE 60CM,2
84971l,LARGE HEART FLOWERS HOOK,2
23652,SET 10 CARD CHRISTMAS STAMPS 16963,2
23617,SET 10 CARDS SWIRLY XMAS TREE 17104,2
85035c,ROSE 3 WICK MORRIS BOX CANDLE,1
35597A,DUSTY PINK CHRISTMAS TREE 30CM,1
47579,TEA TIME BREAKFAST BASKET,1
85119,WATERING CAN SINGLE HOOK PISTACHIO,1
84613C,BLUE NEW BAROQUE FLOCK CANDLESTICK,1
21160,KEEP OUT GIRLS DOOR HANGER,1
35004P,SET OF 3 PINK FLYING DUCKS,1
85144,JARDIN ETCHED GLASS BUTTER DISH,1
84968f,SET OF 16 VINTAGE SKY BLUE CUTLERY,1
22323,PINK POLKADOT KIDS BAG,1
21009,ETCHED GLASS STAR TREE DECORATION,1
22146,EASTER CRAFT IVY WREATH WITH CHICK,1
DCGS0070,CAMOUFLAGE DOG COLLAR,1
85036b,CHOCOLATE 1 WICK MORRIS BOX CANDLE,1
90037A,TINY CRYSTAL BRACELET RED,1
22528,GARDENERS KNEELING PAD,1
22199,FRYING PAN RED POLKADOT,1
90092,BLUE CRYSTAL BOOT PHONE CHARM,1
72803b,OCEAN SCENT CANDLE JEWELLED DRAWER,1
22218,CAKE STAND LACE WHITE,1
37461,FUNKY MONKEY MUG,1
21120,*Boombox Ipod Classic,1
21491,SET OF THREE VINTAGE GIFT WRAPS,1
21410,COUNTRY COTTAGE  DOORSTOP GREEN,1
35597B,BLACKCHRISTMAS TREE 30CM,1
85035b,CHOCOLATE 3 WICK MORRIS BOX CANDLE,1
90142A,GREEN PENDANT SHELL NECKLACE,1
85160a,WHITE BIRD GARDEN DESIGN MUG,1
35609A,PINK FEATHER CHRISTMAS DECORATION,1
85170A,SET/6 IVORY BIRD T-LIGHT CANDLES,1
90178B,PURPLE CHUNKY GLASS+BEAD NECKLACE,1
90126A,PINK BERTIE MOBILE PHONE CHARM,1
85031B,BLOSSOM IMAGES SCRAP BOOK SET,1
m,Manual,1
20860,GOLD COSMETICS BAG WITH BUTTERFLY,1
90060B,FIRE POLISHED GLASS NECKL GOLD,1
37474,SET/4 2 TONE EGG SHAPE MIXING BOWLS,1
84227,HEN HOUSE W CHICK IN NEST,1
DCGS0069,OOH LA LA DOGS COLLAR,1
90068,"RUBY GLASS NECKLACE 42\"\"",1
84977,WIRE FLOWER T-LIGHT HOLDER,1
90187A,BLUE DROP EARRINGS W BEAD CLUSTER,1
84569C,PACK 4 FLOWER/BUTTERFLY PATCHES,1
84743C,ORANGE FELT VASE + FLOWERS,1
90100,NECKLACE+BRACELET SET PINK DAISY,1
21839,MUMMY MOUSE RED GINGHAM RIBBON,1
90084,PINK CRYSTAL GUITAR PHONE CHARM,1
21414,SCALLOP SHELL SOAP DISH,1
90152C,BLUE/NAT SHELL NECKLACE W PENDANT,1
90081B,LILY BROOCH WHITE/SILVER COLOUR,1
90025B,BAROQUE BUTTERFLY EARRINGS RED,1
84510e,SET OF 4 GREEN CAROUSEL COASTERS,1
23071,MARIE ANTOIENETT TRINKET BOX GOLD,1
90135A,ORANGE/FUSCHIA STONES NECKLACE,1
90021,LASER CUT MULTI STRAND NECKLACE,1
90025E,BAROQUE BUTTERFLY EARRINGS MONTANA,1
20703,BLUE PADDED SOFT MOBILE,1
DCGS0004,HAYNES CAMPER SHOULDER BAG,1
90181C,BLACK GLASS/SHELL/PEARL NECKLACE,1
84661a,WHITE SQUARE TABLE CLOCK,1
84596l,BISCUITS SMALL BOWL LIGHT BLUE,1
82613a,"METAL SIGN,CUPCAKE SINGLE HOOK",1
21310,CAPIZ CHANDELIER,1
77079,DOLPHIN WINDMILL,1
22016,Dotcomgiftshop Gift Voucher £100.00,1
35650,VINTAGE BEAD PINK JEWEL STAND,1
B,Adjust bad debt,1
90020,FILIGREE DIAMANTE CHAIN,1
51014c,"FEATHER PEN,COAL BLACK",1
46776b,WOVEN BERRIES CUSHION COVER,1
23643,SET 10 CARDS CHRISTMAS BAUBLE 16954,1
90183c,BLACK DROP EARRINGS W LONG BEADS,1
23391,I LOVE LONDON MINI RUCKSACK,1
23370,SET 36 COLOURING PENCILS DOILEY,1
90184c,BLACK CHUNKY BEAD BRACELET W STRAP,1
84031b,CHARLIE LOLA BLUE HOT WATER BOTTLE,1
84661b,BLACK SQUARE TABLE CLOCK,1
23366,SET 12 COLOURING PENCILS DOILEY,1
84031a,CHARLIE+LOLA RED HOT WATER BOTTLE,1
46776e,WOVEN CANDY CUSHION COVER,1
23628,SET 10 CARDS TRIANGLE ICONS  17220,1
23664,FLOWER SHOP DESIGN MUG,1
85034b,3 WHITE CHOC MORRIS BOXED CANDLES,1
72802c,VANILLA SCENT CANDLE JEWELLED BOX,1
85049c,ROMANTIC PINKS RIBBONS,1
84550,CROCHET LILAC/RED BEAR KEYRING,1
23602,SET 10 CARDS 3 WISE MEN 17107,1
23609,SET 10 CARDS SNOWY ROBIN 17099,1
85179a,GREEN BITTY LIGHT CHAIN,1
47591b,SCOTTIES CHILDRENS APRON,1
