CustomerID,gasto_total,num_transacciones,ticket_promedio_cliente,rank,row_number
14646,280206.02,2076,134.97,1,1
18102,259657.3,431,602.45,2,2
17450,194550.79,337,577.3,3,3
16446,168472.5,3,56157.5,4,4
14911,143825.06,5675,25.34,5,5
12415,124914.53,714,174.95,6,6
14156,117379.63,1400,83.84,7,7
17511,91062.38,963,94.56,8,8
16029,81024.84,242,334.81,9,9
12346,77183.6,1,77183.6,10,10
16684,66653.56,277,240.63,11,11
14096,65164.79,5111,12.75,12,12
13694,65039.62,568,114.51,13,13
15311,60767.9,2379,25.54,14,14
13089,58825.83,1818,32.36,15,15
17949,58510.48,70,835.86,16,16
15769,56252.72,130,432.71,17,17
15061,54534.14,403,135.32,18,18
14298,51527.3,1637,31.48,19,19
14088,50491.81,589,85.72,20,20
15749,44534.3,10,4453.43,21,21
12931,42055.96,82,512.88,22,22
17841,40991.57,7847,5.22,23,23
15098,39916.5,3,13305.5,24,24
13798,37153.85,349,106.46,25,25
16013,37130.6,139,267.13,26,26
16422,34684.4,369,94.0,27,27
12748,33719.73,4595,7.34,28,28
15838,33643.08,167,201.46,29,29
17404,31906.82,198,161.15,30,30
17389,31833.68,213,149.45,31,31
13098,28882.44,572,50.49,32,32
14680,28754.11,258,111.45,33,33
13081,28337.38,1024,27.67,34,34
13408,28117.04,478,58.82,35,35
17857,26879.04,54,497.76,36,36
16333,26626.8,45,591.71,37,37
13777,25977.16,197,131.86,38,38
12753,21429.39,197,108.78,39,39
12744,21279.29,222,95.85,40,40
16210,21086.3,123,171.43,41,41
17675,20374.28,705,28.9,42,42
17381,20275.61,109,186.01,43,43
15039,19914.44,1502,13.26,44,44
12471,19824.05,460,43.1,45,45
12731,18895.91,274,68.96,46,46
15159,18641.01,710,26.25,47,47
12901,17654.54,116,152.19,48,48
12678,17628.46,165,106.84,49,49
14031,17286.86,250,69.15,50,50
17428,17256.85,328,52.61,51,51
13767,17220.36,368,46.79,52,52
13881,17159.52,178,96.4,53,53
16839,16594.35,266,62.38,54,54
12921,16587.09,720,23.04,55,55
14607,16569.5,86,192.67,56,56
15856,16387.57,645,25.41,57,57
17677,16363.23,304,53.83,58,58
15189,16225.39,212,76.53,59,59
14051,15610.39,210,74.34,60,60
15513,14758.22,308,47.92,61,61
16133,14589.04,338,43.16,62,62
14866,14389.9,99,145.35,63,63
16705,14034.99,270,51.98,64,64
12681,13787.54,638,21.61,65,65
12621,13689.67,467,29.31,66,66
12540,13400.24,478,28.03,67,67
12433,13375.87,420,31.85,68,68
15498,13316.4,512,26.01,69,69
12477,13219.74,300,44.07,70,70
17735,13110.02,690,19.0,71,71
16525,13027.45,183,71.19,72,72
14258,12669.98,111,114.14,73,73
13078,12627.94,358,35.27,74,74
12536,12601.83,261,48.28,75,75
15640,12515.66,484,25.86,76,76
16000,12393.7,9,1377.08,77,77
17340,12353.29,407,30.35,78,78
12682,12288.22,525,23.41,79,79
13113,12245.96,200,61.23,80,80
14606,12156.65,2700,4.5,81,81
12557,11990.96,33,363.36,82,82
12939,11581.8,47,246.42,83,83
15125,11528.48,127,90.78,84,84
14194,11349.52,579,19.6,85,85
12971,11189.91,305,36.69,86,86
14895,11138.71,498,22.37,87,87
12409,11072.67,109,101.58,88,88
15482,11054.96,98,112.81,89,89
17581,11045.04,440,25.1,90,90
13319,10845.55,476,22.78,91,91
17107,10815.43,418,25.87,92,92
13340,10736.48,134,80.12,93,93
14769,10674.75,1090,9.79,94,94
17139,10668.47,478,22.32,95,95
16779,10629.72,333,31.92,96,96
17865,10526.32,370,28.45,97,97
17706,10504.49,382,27.5,98,98
15251,10484.99,111,94.46,99,99
14062,10464.85,111,94.28,100,100
15615,10399.74,423,24.59,101,101
15502,10384.93,213,48.76,102,102
16180,10254.18,162,63.3,103,103
16843,10196.57,378,26.98,104,104
12590,9864.26,68,145.06,105,105
13001,9818.82,339,28.96,106,106
13199,9817.12,119,82.5,107,107
15078,9743.11,440,22.14,108,108
12709,9736.52,208,46.81,109,109
13458,9646.57,382,25.25,110,110
14733,9585.91,202,47.46,111,111
16523,9418.47,290,32.48,112,112
12567,9401.28,446,21.08,113,113
14367,9261.52,524,17.67,114,114
14667,9241.2,573,16.13,115,115
18092,9068.26,89,101.89,116,116
13969,9053.94,626,14.46,117,117
12451,9035.52,354,25.52,118,118
13488,8968.31,422,21.25,119,119
13090,8910.82,155,57.49,120,120
16033,8816.4,1137,7.75,121,121
17017,8694.26,252,34.5,122,122
17243,8676.85,400,21.69,123,123
17306,8631.31,66,130.78,124,124
16656,8625.8,73,118.16,125,125
14527,8508.82,972,8.75,126,126
12683,8476.57,344,24.64,127,127
18139,8438.34,159,53.07,128,128
15358,8347.2,551,15.15,129,129
16558,8338.49,460,18.13,130,130
14056,8214.65,1106,7.43,131,131
14936,8137.02,364,22.35,132,132
16672,8134.94,114,71.36,133,133
13854,8109.52,110,73.72,134,134
14952,8099.49,138,58.69,135,135
18109,8052.97,444,18.14,136,136
14796,8022.49,1141,7.03,137,137
12428,7956.46,294,27.06,138,138
15290,7943.22,204,38.94,139,139
14849,7930.54,388,20.44,140,140
12757,7857.1,371,21.18,141,141
17811,7837.73,851,9.21,142,142
13093,7832.47,159,49.26,143,143
12435,7829.89,36,217.5,144,144
13629,7792.36,59,132.07,145,145
15044,7700.23,453,17.0,146,146
15194,7616.53,310,24.57,147,147
18172,7561.68,189,40.01,148,148
13263,7454.07,1677,4.44,149,149
12474,7375.79,424,17.4,150,150
12980,7374.9,20,368.75,151,151
15465,7354.62,97,75.82,152,152
17396,7330.8,27,271.51,153,153
12583,7281.38,247,29.48,154,154
13018,7277.7,458,15.89,155,155
18229,7276.9,164,44.37,156,156
16923,7247.61,672,10.79,157,157
16729,7239.92,660,10.97,158,158
16745,7194.3,357,20.15,159,159
16873,7123.62,279,25.53,160,160
13324,7121.95,75,94.96,161,161
13985,7060.13,349,20.23,162,162
14961,7044.68,312,22.58,163,163
12766,6989.63,310,22.55,164,164
12798,6977.04,8,872.13,165,165
12989,6924.11,64,108.19,166,166
16713,6923.13,624,11.09,167,167
13027,6912.0,26,265.85,168,168
16187,6911.44,295,23.43,169,169
17416,6893.42,269,25.63,170,170
12705,6868.29,334,20.56,171,171
12476,6816.42,233,29.26,172,172
12830,6814.64,38,179.33,173,173
15023,6802.76,562,12.1,174,174
18055,6784.19,360,18.84,175,175
15601,6776.56,410,16.53,176,176
16652,6773.97,118,57.41,177,177
16532,6748.8,4,1687.2,178,178
13576,6717.34,126,53.31,179,179
16746,6697.66,449,14.92,180,180
15249,6688.46,350,19.11,181,181
16353,6675.71,94,71.02,182,182
17338,6643.93,753,8.82,183,183
12626,6620.48,294,22.52,184,184
16182,6617.65,28,236.34,185,185
15144,6580.44,217,30.32,186,186
12472,6572.11,339,19.39,187,187
16814,6509.1,324,20.09,188,188
12431,6487.45,235,27.61,189,189
18223,6484.54,272,23.84,190,190
15694,6479.4,78,83.07,191,191
13225,6463.84,32,202.0,192,192
13102,6424.09,304,21.13,193,193
13871,6403.25,336,19.06,194,194
12359,6372.58,248,25.7,195,195
13668,6363.59,470,13.54,196,196
13709,6328.05,336,18.83,197,197
15005,6316.57,1119,5.64,198,198
17315,6292.26,473,13.3,199,199
16126,6287.77,117,53.74,200,200
14057,6217.96,284,21.89,201,201
12357,6207.67,131,47.39,202,202
14060,6140.42,202,30.4,203,203
13418,6127.43,304,20.16,204,204
17509,6115.14,366,16.71,205,205
15939,6115.01,76,80.46,206,206
14735,6065.69,194,31.27,207,207
12637,6021.9,390,15.44,208,208
13097,6010.42,423,14.21,209,209
13316,5977.73,87,68.71,210,210
14101,5976.79,35,170.77,211,211
15382,5955.71,302,19.72,212,212
14505,5905.64,799,7.39,213,213
14415,5900.28,590,10.0,214,214
14944,5900.25,170,34.71,215,215
13209,5891.61,321,18.35,216,216
13534,5870.08,296,19.83,217,217
13050,5836.86,403,14.48,218,218
12720,5781.73,354,16.33,219,219
15218,5756.89,166,34.68,220,220
17686,5739.46,286,20.07,221,221
13178,5725.47,265,21.61,222,222
16553,5719.82,84,68.09,223,223
13468,5704.97,302,18.89,224,224
14110,5683.15,155,36.67,225,225
14049,5681.72,488,11.64,226,226
17049,5659.98,318,17.8,227,227
17716,5655.99,245,23.09,228,228
13004,5655.91,404,14.0,229,229
18118,5653.82,1279,4.42,230,230
14688,5630.87,327,17.22,231,231
17757,5605.29,741,7.56,232,232
12481,5596.32,217,25.79,233,233
12839,5591.42,314,17.81,234,234
16767,5580.6,222,25.14,235,235
16161,5575.56,474,11.76,236,236
12539,5568.35,273,20.4,237,237
15805,5528.48,301,18.37,238,238
18225,5509.12,271,20.33,239,239
16609,5493.46,276,19.9,240,240
16985,5464.12,120,45.53,241,241
16265,5447.0,258,21.11,242,242
18198,5425.56,159,34.12,243,243
12490,5417.93,245,22.11,244,244
17809,5411.91,61,88.72,245,245
16701,5398.3,144,37.49,246,246
17719,5396.04,274,19.69,247,247
17850,5391.21,297,18.15,248,248
16303,5360.63,162,33.09,249,249
13269,5346.23,316,16.92,250,250
15150,5314.47,343,15.49,251,251
17730,5298.48,218,24.3,252,252
17061,5232.23,99,52.85,253,253
18226,5228.05,242,21.6,254,254
12362,5226.23,266,19.65,255,255
15046,5213.77,206,25.31,256,256
16258,5203.51,135,38.54,257,257
13756,5189.52,142,36.55,258,258
16191,5180.52,134,38.66,259,259
15727,5178.96,302,17.15,260,260
17858,5155.66,199,25.91,261,261
13599,5153.67,247,20.87,262,262
15903,5126.76,74,69.28,263,263
13941,5112.96,45,113.62,264,264
17602,5102.97,560,9.11,265,265
16700,5076.55,308,16.48,266,266
14562,5074.77,423,12.0,267,267
15301,5070.35,243,20.87,268,268
13139,5064.94,170,29.79,269,269
12432,5059.32,108,46.85,270,270
15719,5045.61,937,5.38,271,271
17426,5037.26,271,18.59,272,272
14329,5014.84,259,19.36,273,273
14755,5010.28,235,21.32,274,274
12444,5005.46,176,28.44,275,275
15032,4959.1,52,95.37,276,276
15547,4954.84,702,7.06,277,277
12437,4951.41,199,24.88,278,278
12700,4939.99,268,18.43,279,279
15786,4932.2,267,18.47,280,280
14709,4921.04,196,25.11,281,281
17133,4892.24,27,181.19,282,282
12664,4881.88,37,131.94,283,283
12688,4873.81,171,28.5,284,284
14292,4871.93,100,48.72,285,285
17652,4867.72,259,18.79,286,286
15738,4812.42,173,27.82,287,287
13013,4810.94,219,21.97,288,288
15555,4805.17,899,5.35,289,289
17365,4801.56,468,10.26,290,290
15298,4799.9,192,25.0,291,291
15187,4777.18,91,52.5,292,292
17690,4757.95,256,18.59,293,293
12955,4757.16,180,26.43,294,294
14180,4748.52,240,19.79,295,295
15152,4745.69,271,17.51,296,296
16722,4730.81,225,21.03,297,297
12714,4708.86,259,18.18,298,298
14159,4693.01,1204,3.9,299,299
14135,4690.31,134,35.0,300,300
14191,4684.76,259,18.09,301,301
15291,4668.3,103,45.32,302,302
14189,4654.08,265,17.56,303,303
14390,4652.82,286,16.27,304,304
14286,4628.75,280,16.53,305,305
16931,4604.22,898,5.13,306,306
13802,4599.42,60,76.66,307,307
15093,4597.02,108,42.57,308,308
14004,4582.64,171,26.8,309,309
17613,4559.15,312,14.61,310,310
17068,4552.14,296,15.38,311,311
12484,4541.72,346,13.13,312,312
13267,4521.49,211,21.43,313,313
15299,4507.01,7,643.86,314,314
17975,4488.81,296,15.16,315,315
12524,4485.72,144,31.15,316,316
14426,4481.67,224,20.01,317,317
16984,4481.35,407,11.01,318,318
17364,4481.18,411,10.9,319,319
12627,4478.53,230,19.47,320,320
14085,4448.54,450,9.89,321,321
14534,4447.05,519,8.57,322,322
13069,4436.12,425,10.44,323,323
15955,4416.26,183,24.13,324,324
16626,4413.1,179,24.65,325,325
15874,4405.88,120,36.72,326,326
12712,4396.13,133,33.05,327,327
13505,4393.63,215,20.44,328,328
12752,4366.78,53,82.39,329,329
16945,4345.5,249,17.45,330,330
14016,4341.21,161,26.96,331,331
14800,4339.74,385,11.27,332,332
14525,4332.2,291,14.89,333,333
17567,4331.48,165,26.25,334,334
18251,4314.72,16,269.67,335,335
12347,4310.0,182,23.68,336,336
15034,4308.61,394,10.94,337,337
17937,4301.22,43,100.03,338,338
14422,4263.64,222,19.21,339,339
12500,4257.82,61,69.8,340,340
17419,4226.57,206,20.52,341,341
14277,4216.2,225,18.74,342,342
15804,4206.39,262,16.05,343,343
17920,4204.1,696,6.04,344,344
15971,4199.85,35,120.0,345,345
12747,4196.01,103,40.74,346,346
14146,4191.0,210,19.96,347,347
18041,4183.39,472,8.86,348,348
12949,4167.22,215,19.38,349,349
15570,4165.52,323,12.9,350,350
16549,4154.64,981,4.24,351,351
13384,4151.93,152,27.32,352,352
13555,4149.28,136,30.51,353,353
13988,4147.96,234,17.73,354,354
15514,4139.46,178,23.26,355,355
12569,4124.69,188,21.94,356,356
16592,4113.68,216,19.04,357,357
17940,4106.44,19,216.13,358,358
17377,4100.92,418,9.81,359,359
16401,4098.32,186,22.03,360,360
16670,4095.9,252,16.25,361,361
12749,4090.88,199,20.56,362,362
14092,4076.91,214,19.05,363,363
12449,4067.29,191,21.29,364,364
18087,4055.72,2,2027.86,365,365
14401,4051.48,182,22.26,366,366
12656,4051.17,126,32.15,367,367
12867,4036.82,538,7.5,368,368
13815,4027.36,176,22.88,369,369
12841,4022.35,420,9.58,370,370
12957,4017.54,238,16.88,371,371
12378,4008.62,219,18.3,372,372
14547,4007.54,366,10.95,373,373
16186,4006.94,218,18.38,374,374
17769,3997.98,310,12.9,375,375
15529,3995.23,672,5.95,376,376
17001,3989.57,169,23.61,377,377
15416,3984.32,192,20.75,378,378
17611,3984.22,576,6.92,379,379
12779,3981.36,149,26.72,380,380
12727,3980.7,139,28.64,381,381
14299,3965.62,143,27.73,382,382
13523,3964.88,172,23.05,383,383
13183,3957.78,94,42.1,384,384
17651,3945.0,232,17.0,385,385
12473,3938.55,168,23.44,386,386
17593,3927.34,213,18.44,387,387
14739,3902.28,60,65.04,388,388
13999,3901.81,208,18.76,389,389
14291,3883.25,237,16.39,390,390
18073,3877.52,73,53.12,391,391
13124,3866.33,235,16.45,392,392
15195,3861.0,1,3861.0,393,393
16717,3858.38,199,19.39,394,394
12662,3849.78,230,16.74,395,395
16327,3844.22,319,12.05,396,396
13266,3834.26,187,20.5,397,397
17091,3827.76,195,19.63,398,398
15867,3812.64,461,8.27,399,399
12755,3811.95,4,952.99,400,400
12597,3811.22,206,18.5,401,401
13435,3809.89,101,37.72,402,402
12668,3807.15,161,23.65,403,403
16145,3799.49,224,16.96,404,404
16655,3794.52,261,14.54,405,405
16168,3787.6,98,38.65,406,406
16019,3786.24,160,23.66,407,407
12562,3781.74,168,22.51,408,408
17173,3766.6,86,43.8,409,409
16904,3754.27,710,5.29,410,410
12429,3750.4,97,38.66,411,411
17238,3744.65,566,6.62,412,412
14145,3742.2,11,340.2,413,413
13552,3740.07,109,34.31,414,414
16570,3738.4,126,29.67,415,415
15808,3734.97,208,17.96,416,416
14282,3729.34,156,23.91,417,417
12502,3723.87,147,25.33,418,418
12647,3722.82,121,30.77,419,419
13680,3722.42,195,19.09,420,420
16240,3718.8,135,27.55,421,421
14364,3717.35,69,53.87,422,422
15845,3711.77,138,26.9,423,423
15622,3709.56,185,20.05,424,424
13148,3707.12,319,11.62,425,425
17819,3704.87,48,77.18,426,426
15379,3703.29,194,19.09,427,427
12553,3692.28,191,19.33,428,428
16253,3683.86,123,29.95,429,429
15581,3679.97,149,24.7,430,430
15296,3672.86,194,18.93,431,431
18079,3651.97,127,28.76,432,432
13137,3650.41,704,5.19,433,433
12417,3649.1,192,19.01,434,434
16712,3645.43,447,8.16,435,435
13426,3641.32,157,23.19,436,436
12619,3641.24,90,40.46,437,437
16440,3640.67,282,12.91,438,438
13381,3639.31,172,21.16,439,439
17230,3638.41,69,52.73,440,440
14543,3630.33,72,50.42,441,441
17528,3628.5,253,14.34,442,442
13327,3627.77,108,33.59,443,443
13520,3624.35,93,38.97,444,444
17576,3622.68,411,8.81,445,445
14040,3614.92,235,15.38,446,446
13082,3613.63,73,49.5,447,447
15505,3610.96,97,37.23,448,448
15113,3609.33,100,36.09,449,449
16242,3603.21,294,12.26,450,450
15484,3594.31,188,19.12,451,451
14132,3586.03,200,17.93,452,452
17203,3563.85,152,23.45,453,453
17491,3558.87,109,32.65,454,454
15544,3546.71,259,13.69,455,455
12370,3545.69,167,21.23,456,456
14503,3543.26,164,21.61,457,457
13448,3539.37,195,18.15,458,458
13334,3536.82,268,13.2,459,459
12454,3528.34,15,235.22,460,460
17160,3518.03,229,15.36,461,461
13953,3515.68,20,175.78,462,462
16360,3512.53,662,5.31,463,463
14395,3507.71,350,10.02,464,464
16131,3506.54,78,44.96,465,465
14907,3501.1,165,21.22,466,466
16458,3482.74,202,17.24,467,467
13993,3466.36,121,28.65,468,468
13014,3466.28,109,31.8,469,469
17758,3456.7,412,8.39,470,470
15410,3450.84,122,28.29,471,471
13536,3448.29,179,19.26,472,472
15129,3447.4,84,41.04,473,473
15974,3442.15,176,19.56,474,474
17725,3439.08,192,17.91,475,475
15676,3435.76,202,17.01,476,476
14221,3432.8,193,17.79,477,477
12406,3415.3,105,32.53,478,478
15981,3408.48,97,35.14,479,479
13437,3408.06,167,20.41,480,480
17669,3406.72,68,50.1,481,481
13198,3401.24,226,15.05,482,482
15228,3386.71,125,27.09,483,483
13842,3385.62,206,16.44,484,484
15708,3364.24,288,11.68,485,485
16011,3362.71,212,15.86,486,486
14227,3350.96,175,19.15,487,487
16818,3349.57,188,17.82,488,488
16607,3347.71,172,19.46,489,489
17183,3347.31,73,45.85,490,490
13015,3346.28,176,19.01,491,491
12643,3344.64,24,139.36,492,492
12613,3344.38,153,21.86,493,493
12594,3338.22,118,28.29,494,494
16556,3313.79,207,16.01,495,495
13373,3312.25,158,20.96,496,496
14841,3295.76,138,23.88,497,497
14702,3292.14,347,9.49,498,498
15632,3285.31,167,19.67,499,499
12480,3281.63,154,21.31,500,500
15764,3279.97,180,18.22,501,501
17723,3276.4,10,327.64,502,502
13952,3251.07,137,23.73,503,503
13047,3237.54,172,18.82,504,504
15443,3236.91,382,8.47,505,505
17050,3228.84,316,10.22,506,506
14175,3222.3,149,21.63,507,507
13880,3219.77,165,19.51,508,508
13268,3214.69,440,7.31,509,509
14388,3212.84,186,17.27,510,510
16107,3204.16,31,103.36,511,511
17220,3198.25,472,6.78,512,512
13868,3192.54,33,96.74,513,513
17685,3191.53,130,24.55,514,514
13758,3190.55,117,27.27,515,515
14844,3189.81,130,24.54,516,516
12456,3181.04,125,25.45,517,517
17672,3178.17,110,28.89,518,518
17231,3174.32,541,5.87,519,519
16837,3170.98,165,19.22,520,520
16041,3166.4,6,527.73,521,521
15861,3165.36,546,5.8,522,522
17863,3160.0,148,21.35,523,523
15065,3158.13,155,20.38,524,524
14235,3144.86,79,39.81,525,525
13742,3131.02,321,9.75,526,526
16156,3122.04,130,24.02,527,527
13685,3119.44,39,79.99,528,528
16326,3110.96,319,9.75,529,529
16678,3109.99,163,19.08,530,530
13869,3104.95,307,10.11,531,531
14099,3104.17,250,12.42,532,532
16905,3102.43,208,14.92,533,533
15491,3100.09,154,20.13,534,534
14257,3099.72,106,29.24,535,535
14565,3099.12,127,24.4,536,536
13135,3096.0,1,3096.0,537,537
17059,3095.04,516,6.0,538,538
13362,3090.74,166,18.62,539,539
15998,3089.97,506,6.11,540,540
16218,3084.68,84,36.72,541,541
18272,3078.58,166,18.55,542,542
12910,3075.04,75,41.0,543,543
13631,3070.42,11,279.13,544,544
16686,3062.83,585,5.24,545,545
14456,3062.4,970,3.16,546,546
17799,3055.93,408,7.49,547,547
16940,3049.88,305,10.0,548,548
16393,3046.21,330,9.23,549,549
16709,3029.87,79,38.35,550,550
12598,3023.08,132,22.9,551,551
12395,3018.63,156,19.35,552,552
18094,3017.3,70,43.1,553,553
12754,3010.74,63,47.79,554,554
12916,3006.15,107,28.09,555,555
15521,3000.2,185,16.22,556,556
17659,2999.46,158,18.98,557,557
17504,2997.03,127,23.6,558,558
12670,2996.05,92,32.57,559,559
14307,2995.72,180,16.64,560,560
15687,2993.1,166,18.03,561,561
14639,2984.49,172,17.35,562,562
13451,2976.15,443,6.72,563,563
14032,2975.59,143,20.81,564,564
15854,2974.65,140,21.25,565,565
16497,2965.69,136,21.81,566,566
17924,2962.5,31,95.56,567,567
14868,2953.59,144,20.51,568,568
17084,2949.75,162,18.21,569,569
17444,2940.04,135,21.78,570,570
16316,2938.91,151,19.46,571,571
14530,2925.91,216,13.55,572,572
17512,2924.99,105,27.86,573,573
15606,2920.16,77,37.92,574,574
12906,2919.81,63,46.35,575,575
14112,2915.15,160,18.22,576,576
12438,2906.85,98,29.66,577,577
17644,2895.64,157,18.44,578,578
18144,2888.75,43,67.18,579,579
12408,2888.55,105,27.51,580,580
13735,2885.24,196,14.72,581,581
16633,2883.1,152,18.97,582,582
15673,2881.02,155,18.59,583,583
14251,2879.7,78,36.92,584,584
17728,2876.01,165,17.43,585,585
14005,2874.72,84,34.22,586,586
15628,2870.24,155,18.52,587,587
14711,2868.8,357,8.04,588,588
13901,2867.2,149,19.24,589,589
14535,2864.19,330,8.68,590,590
12685,2863.08,157,18.24,591,591
18145,2861.55,221,12.95,592,592
16928,2847.6,209,13.62,593,593
15984,2837.67,270,10.51,594,594
14852,2836.69,143,19.84,595,595
14572,2832.84,270,10.49,596,596
17596,2827.93,270,10.47,597,597
14842,2824.69,145,19.48,598,598
13174,2817.03,314,8.97,599,599
16871,2812.34,137,20.53,600,600
12356,2811.43,59,47.65,601,601
14903,2810.63,355,7.92,602,602
18230,2810.2,86,32.68,603,603
13230,2806.97,611,4.59,604,604
16081,2806.9,227,12.37,605,605
16764,2799.25,706,3.96,606,606
15993,2797.57,552,5.07,607,607
13769,2796.51,135,20.71,608,608
12578,2794.51,114,24.51,609,609
12758,2791.59,97,28.78,610,610
17739,2791.35,47,59.39,611,611
14626,2791.27,122,22.88,612,612
17213,2781.23,157,17.71,613,613
12388,2780.66,100,27.81,614,614
14121,2780.15,159,17.49,615,615
17838,2779.3,121,22.97,616,616
13870,2770.94,115,24.1,617,617
15356,2766.5,519,5.33,618,618
15114,2760.56,197,14.01,619,619
14854,2759.83,127,21.73,620,620
13971,2758.26,149,18.51,621,621
15321,2748.31,95,28.93,622,622
12669,2744.03,101,27.17,623,623
14808,2741.17,235,11.66,624,624
14125,2740.43,167,16.41,625,625
15696,2736.46,171,16.0,626,626
16938,2736.38,241,11.35,627,627
16003,2735.37,103,26.56,628,628
12840,2726.77,113,24.13,629,629
12380,2724.81,104,26.2,630,630
12708,2712.91,157,17.28,631,631
15796,2711.56,133,20.39,632,632
17069,2709.7,143,18.95,633,633
13285,2709.12,187,14.49,634,634
13654,2707.33,166,16.31,635,635
14107,2703.23,123,21.98,636,636
14732,2702.49,147,18.38,637,637
18097,2697.8,108,24.98,638,638
17386,2686.42,28,95.94,639,639
12625,2683.82,86,31.21,640,640
17346,2676.56,500,5.35,641,641
13883,2674.48,142,18.83,642,642
14713,2666.36,339,7.87,643,643
12360,2662.06,129,20.64,644,644
14439,2661.24,32,83.16,645,645
15671,2657.13,78,34.07,646,646
12721,2656.13,161,16.5,647,647
13851,2651.46,81,32.73,648,648
16618,2647.59,96,27.58,649,649
18260,2643.2,134,19.73,650,650
13658,2639.17,108,24.44,651,651
17655,2638.94,91,29.0,652,652
15752,2637.38,411,6.42,653,653
13804,2635.79,137,19.24,654,654
13771,2634.45,119,22.14,655,655
12520,2634.26,152,17.33,656,656
17402,2633.85,59,44.64,657,657
18077,2633.01,227,11.6,658,658
13422,2626.3,127,20.68,659,659
13644,2624.26,146,17.97,660,660
17965,2622.57,329,7.97,661,661
18210,2621.38,134,19.56,662,662
16255,2619.91,270,9.7,663,663
14262,2618.23,143,18.31,664,664
13021,2616.38,131,19.97,665,665
15782,2614.74,43,60.81,666,666
14397,2612.96,87,30.03,667,667
12836,2612.86,175,14.93,668,668
18075,2611.75,142,18.39,669,669
12726,2609.1,124,21.04,670,670
16241,2607.87,662,3.94,671,671
13136,2607.61,127,20.53,672,672
14408,2606.53,107,24.36,673,673
13983,2603.43,107,24.33,674,674
17317,2600.34,9,288.93,675,675
12600,2599.04,64,40.61,676,676
16919,2596.45,327,7.94,677,677
13895,2593.07,118,21.98,678,678
14243,2588.77,141,18.36,679,679
15033,2586.67,510,5.07,680,680
13911,2580.91,148,17.44,681,681
14546,2578.09,399,6.46,682,682
16912,2575.38,101,25.5,683,683
15485,2575.0,86,29.94,684,684
18245,2567.06,175,14.67,685,685
16308,2560.0,4,640.0,686,686
15572,2552.86,215,11.87,687,687
14334,2552.21,162,15.75,688,688
14701,2549.37,335,7.61,689,689
14676,2548.24,42,60.67,690,690
13344,2543.72,119,21.38,691,691
14776,2538.3,117,21.69,692,692
17700,2534.64,142,17.85,693,693
13471,2531.58,260,9.74,694,694
14659,2529.93,253,10.0,695,695
17314,2527.92,131,19.3,696,696
13975,2526.28,338,7.47,697,697
17449,2520.86,277,9.1,698,698
13394,2520.02,155,16.26,699,699
15245,2515.84,89,28.27,700,700
15271,2507.07,274,9.15,701,701
12352,2506.04,85,29.48,702,702
13695,2504.13,90,27.82,703,703
12517,2502.84,284,8.81,704,704
15932,2495.87,115,21.7,705,705
16477,2494.46,146,17.09,706,706
12483,2484.98,75,33.13,707,707
12913,2483.63,50,49.67,708,708
16710,2483.04,402,6.18,709,709
14315,2481.13,101,24.57,710,710
13507,2479.16,162,15.3,711,711
13588,2478.95,174,14.25,712,712
17682,2474.33,118,20.97,713,713
17188,2474.23,84,29.46,714,714
14766,2473.37,135,18.32,715,715
14502,2470.67,624,3.96,716,716
17164,2467.35,144,17.13,717,717
12455,2466.86,90,27.41,718,718
15750,2465.48,293,8.41,719,719
17131,2463.17,134,18.38,720,720
13784,2462.79,31,79.44,721,721
15674,2446.6,114,21.46,722,722
14163,2445.91,52,47.04,723,723
15527,2429.78,163,14.91,724,724
17071,2429.03,140,17.35,725,725
13949,2427.32,160,15.17,726,726
16143,2424.94,117,20.73,727,727
17722,2424.04,115,21.08,728,728
15089,2420.84,145,16.7,729,729
15373,2415.91,132,18.3,730,730
12397,2409.9,126,19.13,731,731
17589,2404.17,253,9.5,732,732
15980,2398.86,43,55.79,733,733
18065,2392.83,137,17.47,734,734
13141,2388.75,135,17.69,735,735
15370,2386.05,94,25.38,736,736
17530,2385.0,394,6.05,737,737
14493,2383.24,120,19.86,738,738
14554,2381.04,216,11.02,739,739
14239,2380.85,112,21.26,740,740
15270,2379.49,41,58.04,741,741
13722,2375.41,85,27.95,742,742
17434,2373.82,134,17.72,743,743
14930,2372.86,128,18.54,744,744
13908,2369.55,122,19.42,745,745
15755,2364.25,141,16.77,746,746
12457,2363.23,62,38.12,747,747
17634,2361.97,297,7.95,748,748
14030,2360.09,243,9.71,749,749
14440,2357.68,55,42.87,750,750
15140,2354.25,80,29.43,751,751
14309,2352.53,117,20.11,752,752
12704,2340.84,88,26.6,753,753
18259,2338.6,42,55.68,754,754
12584,2338.15,96,24.36,755,755
18257,2337.63,118,19.81,756,756
17954,2332.72,485,4.81,757,757
15281,2332.15,139,16.78,758,758
12782,2330.92,103,22.63,759,759
15785,2328.97,83,28.06,760,760
17313,2328.84,24,97.03,761,761
17744,2322.4,136,17.08,762,762
17211,2317.22,211,10.98,763,763
14290,2314.65,101,22.92,764,764
15365,2314.32,114,20.3,765,765
13994,2313.14,155,14.92,766,766
13704,2308.06,134,17.22,767,767
15288,2306.52,88,26.21,768,768
16735,2300.56,125,18.4,769,769
16550,2298.97,251,9.16,770,770
15105,2298.93,101,22.76,771,771
13115,2294.78,120,19.12,772,772
15704,2293.62,117,19.6,773,773
12615,2291.19,105,21.82,774,774
13527,2287.51,223,10.26,775,775
17696,2285.71,115,19.88,776,776
12684,2283.63,105,21.75,777,777
16782,2279.9,190,12.0,778,778
13317,2273.68,124,18.34,779,779
17768,2273.18,105,21.65,780,780
14466,2272.4,72,31.56,781,781
13700,2265.12,197,11.5,782,782
16057,2263.12,121,18.7,783,783
16209,2262.62,46,49.19,784,784
14432,2255.51,382,5.9,785,785
16293,2248.99,118,19.06,786,786
17442,2248.56,135,16.66,787,787
15235,2247.51,143,15.72,788,788
16771,2246.81,255,8.81,789,789
15665,2242.01,116,19.33,790,790
14211,2241.1,112,20.01,791,791
16743,2238.09,191,11.72,792,792
14560,2237.77,74,30.24,793,793
14700,2235.3,115,19.44,794,794
16076,2234.73,129,17.32,795,795
15834,2233.75,273,8.18,796,796
18242,2232.49,78,28.62,797,797
14226,2232.19,67,33.32,798,798
14825,2226.91,121,18.4,799,799
17591,2225.97,166,13.41,800,800
12783,2225.91,84,26.5,801,801
13365,2225.37,128,17.39,802,802
15722,2222.56,69,32.21,803,803
15811,2218.62,133,16.68,804,804
12876,2218.02,85,26.09,805,805
12653,2209.85,43,51.39,806,806
13862,2209.36,139,15.89,807,807
15797,2207.4,8,275.93,808,808
15179,2206.95,93,23.73,809,809
13831,2202.99,74,29.77,810,810
17406,2200.42,113,19.47,811,811
15123,2199.31,106,20.75,812,812
16628,2188.05,117,18.7,813,813
15394,2183.54,85,25.69,814,814
14341,2182.28,129,16.92,815,815
12856,2179.93,314,6.94,816,816
12909,2178.67,91,23.94,817,817
12501,2169.39,149,14.56,818,818
12633,2163.98,101,21.43,819,819
13755,2161.35,342,6.32,820,820
12935,2160.7,129,16.75,821,821
16456,2158.37,111,19.44,822,822
14407,2157.73,73,29.56,823,823
16379,2157.4,108,19.98,824,824
13224,2155.95,108,19.96,825,825
16966,2154.97,28,76.96,826,826
17272,2148.63,114,18.85,827,827
14828,2139.76,17,125.87,828,828
12560,2134.01,105,20.32,829,829
17400,2129.96,213,10.0,830,830
13517,2128.42,141,15.1,831,831
14360,2128.23,118,18.04,832,832
16407,2126.93,172,12.37,833,833
14640,2125.08,106,20.05,834,834
15058,2124.99,276,7.7,835,835
13632,2121.27,146,14.53,836,836
18061,2119.41,46,46.07,837,837
18008,2116.19,30,70.54,838,838
14691,2114.33,71,29.78,839,839
13265,2107.66,91,23.16,840,840
18173,2106.84,31,67.96,841,841
18093,2106.52,36,58.51,842,842
14461,2103.06,180,11.68,843,843
14515,2102.09,101,20.81,844,844
17861,2100.8,222,9.46,845,845
15815,2100.6,49,42.87,846,846
13126,2099.64,140,15.0,847,847
12610,2099.54,106,19.81,848,848
16875,2095.53,112,18.71,849,849
17191,2095.13,237,8.84,850,850
18283,2094.88,756,2.77,851,851
14306,2093.32,33,63.43,852,852
13571,2092.32,341,6.14,853,853
17490,2092.32,76,27.53,853,854
13297,2089.85,59,35.42,855,855
18044,2088.6,127,16.45,856,856
14810,2087.88,255,8.19,857,857
16954,2085.08,54,38.61,858,858
18231,2083.27,124,16.8,859,859
14696,2078.95,130,15.99,860,860
14209,2073.43,87,23.83,861,861
18241,2073.09,104,19.93,862,862
18219,2069.77,114,18.16,863,863
14482,2068.15,144,14.36,864,864
12948,2064.95,116,17.8,865,865
12928,2062.7,84,24.56,866,866
16281,2062.06,17,121.3,867,867
14409,2059.45,54,38.14,868,868
12518,2056.89,124,16.59,869,869
17667,2055.51,116,17.72,870,870
14188,2054.36,65,31.61,871,871
16150,2053.02,117,17.55,872,872
17086,2050.08,96,21.36,873,873
17612,2048.45,135,15.17,874,874
14232,2048.07,115,17.81,875,875
17625,2047.0,315,6.5,876,876
13495,2044.87,48,42.6,877,877
17597,2044.37,55,37.17,878,878
17090,2043.95,63,32.44,879,879
13450,2043.72,71,28.78,880,880
14001,2043.08,39,52.39,881,881
12585,2040.1,87,23.45,882,882
13593,2037.08,128,15.91,883,883
18069,2036.67,470,4.33,884,884
17846,2033.1,1,2033.1,885,885
13630,2031.78,71,28.62,886,886
16409,2028.88,232,8.75,887,887
17337,2027.87,543,3.73,888,888
16358,2027.5,109,18.6,889,889
14544,2024.45,114,17.76,890,890
15341,2020.52,17,118.85,891,891
14506,2012.17,316,6.37,892,892
15531,2007.44,228,8.8,893,893
15372,2007.4,27,74.35,894,894
16098,2005.63,67,29.93,895,895
14730,2005.06,501,4.0,896,896
14217,2004.98,100,20.05,897,897
14462,2004.02,240,8.35,898,898
17082,2003.85,81,24.74,899,899
16754,2002.4,2,1001.2,900,900
15493,2001.8,297,6.74,901,901
18188,2001.04,71,28.18,902,902
13305,2000.86,81,24.7,903,903
16698,1998.0,5,399.6,904,904
17827,1995.46,220,9.07,905,905
18204,1993.7,200,9.97,906,906
17679,1992.11,30,66.4,907,907
17088,1991.01,115,17.31,908,908
13246,1987.3,141,14.09,909,909
13590,1981.92,87,22.78,910,910
13725,1980.56,104,19.04,911,911
17422,1979.37,117,16.92,912,912
16341,1971.87,77,25.61,913,913
17997,1970.67,166,11.87,914,914
12674,1970.6,83,23.74,915,915
17790,1965.55,190,10.35,916,916
17218,1960.72,274,7.16,917,917
15351,1960.11,225,8.71,918,918
14498,1957.32,193,10.14,919,919
12853,1957.1,78,25.09,920,920
17554,1952.45,88,22.19,921,921
14533,1949.72,62,31.45,922,922
14653,1947.55,237,8.22,923,923
15814,1945.33,72,27.02,924,924
15518,1942.45,214,9.08,925,925
14418,1937.25,124,15.62,926,926
14472,1936.84,281,6.89,927,927
15864,1936.32,20,96.82,928,928
15157,1936.07,125,15.49,929,929
12528,1933.48,92,21.02,930,930
14655,1932.23,49,39.43,931,931
14978,1931.42,216,8.94,932,932
16983,1931.25,148,13.05,933,933
13094,1927.32,24,80.3,934,934
16942,1920.59,281,6.83,935,935
15021,1914.82,472,4.06,936,936
17368,1912.67,111,17.23,937,937
14285,1910.01,27,70.74,938,938
16426,1908.25,372,5.13,939,939
17228,1906.09,208,9.16,940,940
14210,1905.84,102,18.68,941,941
15819,1905.45,123,15.49,942,942
14250,1904.05,111,17.15,943,943
12762,1898.52,69,27.51,944,944
17463,1896.41,215,8.82,945,945
17870,1894.35,279,6.79,946,946
14934,1890.94,87,21.73,947,947
12371,1887.96,63,29.97,948,948
15641,1887.2,119,15.86,949,949
16170,1885.05,125,15.08,950,950
13890,1883.81,110,17.13,951,951
16128,1880.22,89,21.13,952,952
17738,1879.05,97,19.37,953,953
15367,1877.59,95,19.76,954,954
17293,1875.11,135,13.89,955,955
16986,1873.2,3,624.4,956,956
13982,1871.81,111,16.86,957,957
16474,1871.5,360,5.2,958,958
17469,1870.97,88,21.26,959,959
16841,1869.82,116,16.12,960,960
14524,1867.68,203,9.2,961,961
17787,1865.19,134,13.92,962,962
16201,1863.47,111,16.79,963,963
14887,1862.0,6,310.33,964,964
12423,1859.31,125,14.87,965,965
17873,1859.16,44,42.25,966,966
14305,1858.96,105,17.7,967,967
12963,1856.63,95,19.54,968,968
16979,1852.0,89,20.81,969,969
13421,1851.08,104,17.8,970,970
12383,1850.56,99,18.69,971,971
12381,1845.31,87,21.21,972,972
17519,1844.02,82,22.49,973,973
18180,1843.75,119,15.49,974,974
12950,1843.0,23,80.13,975,975
17015,1842.56,217,8.49,976,976
16102,1842.14,57,32.32,977,977
16455,1841.18,99,18.6,978,978
14113,1840.42,34,54.13,979,979
14216,1839.3,59,31.17,980,980
13924,1838.85,117,15.72,981,981
14459,1837.92,37,49.67,982,982
18287,1837.28,70,26.25,983,983
13650,1836.34,96,19.13,984,984
15827,1836.09,115,15.97,985,985
13048,1835.91,136,13.5,986,986
14665,1835.7,90,20.4,987,987
16152,1829.04,29,63.07,988,988
15203,1827.8,142,12.87,989,989
18122,1826.21,364,5.02,990,990
17702,1824.37,74,24.65,991,991
16153,1824.23,89,20.5,992,992
17705,1823.52,103,17.7,993,993
16169,1822.97,85,21.45,994,994
17828,1820.09,67,27.17,995,995
17629,1814.12,123,14.75,996,996
15260,1810.77,77,23.52,997,997
13481,1804.56,109,16.56,998,998
17663,1802.91,86,20.96,999,999
15812,1801.14,41,43.93,1000,1000
16249,1800.07,69,26.09,1001,1001
13562,1799.33,82,21.94,1002,1002
13196,1797.78,110,16.34,1003,1003
17750,1797.57,193,9.31,1004,1004
17648,1797.5,91,19.75,1005,1005
12348,1797.24,31,57.98,1006,1006
18235,1796.48,104,17.27,1007,1007
13134,1793.58,98,18.3,1008,1008
18179,1793.17,90,19.92,1009,1009
13510,1791.56,115,15.58,1010,1010
16719,1790.42,201,8.91,1011,1011
12523,1789.77,106,16.88,1012,1012
14215,1789.72,108,16.57,1013,1013
14621,1788.36,92,19.44,1014,1014
13875,1786.79,104,17.18,1015,1015
14608,1785.15,20,89.26,1016,1016
14935,1784.71,10,178.47,1017,1017
15050,1782.09,78,22.85,1018,1018
16380,1780.59,32,55.64,1019,1019
15220,1778.96,117,15.2,1020,1020
17092,1777.78,125,14.22,1021,1021
12645,1775.18,73,24.32,1022,1022
17754,1772.26,92,19.26,1023,1023
15594,1771.78,103,17.2,1024,1024
15473,1771.2,11,161.02,1025,1025
17813,1770.88,371,4.77,1026,1026
14387,1770.56,140,12.65,1027,1027
16681,1770.34,44,40.24,1028,1028
13456,1766.72,63,28.04,1029,1029
15950,1765.51,98,18.02,1030,1030
16751,1764.72,25,70.59,1031,1031
12424,1760.96,30,58.7,1032,1032
12823,1759.5,5,351.9,1033,1033
12349,1757.55,73,24.08,1034,1034
15241,1756.44,110,15.97,1035,1035
16359,1750.92,66,26.53,1036,1036
13564,1749.02,83,21.07,1037,1037
13808,1747.66,76,23.0,1038,1038
15067,1744.76,82,21.28,1039,1039
13157,1741.22,87,20.01,1040,1040
14595,1740.6,102,17.06,1041,1041
17930,1740.48,39,44.63,1042,1042
17353,1740.0,8,217.5,1043,1043
17457,1737.7,19,91.46,1044,1044
14673,1736.4,74,23.46,1045,1045
17043,1735.18,102,17.01,1046,1046
16791,1721.78,320,5.38,1047,1047
17451,1721.4,100,17.21,1048,1048
14834,1720.3,67,25.68,1049,1049
15267,1717.36,11,156.12,1050,1050
17162,1715.46,104,16.49,1051,1051
13763,1714.96,15,114.33,1052,1052
17147,1714.59,81,21.17,1053,1053
14441,1712.89,51,33.59,1054,1054
12405,1710.39,54,31.67,1055,1055
15947,1708.24,29,58.9,1056,1056
12407,1708.12,77,22.18,1057,1057
16902,1706.88,44,38.79,1058,1058
15240,1706.57,78,21.88,1059,1059
16398,1705.8,82,20.8,1060,1060
17282,1703.41,94,18.12,1061,1061
12843,1702.26,103,16.53,1062,1062
16007,1701.94,385,4.42,1063,1063
13184,1701.29,181,9.4,1064,1064
17193,1699.3,32,53.1,1065,1065
13824,1698.94,46,36.93,1066,1066
16775,1695.66,158,10.73,1067,1067
12764,1693.88,45,37.64,1068,1068
14245,1693.45,108,15.68,1069,1069
15549,1693.26,115,14.72,1070,1070
16813,1692.98,449,3.77,1071,1071
16671,1692.27,6,282.05,1072,1072
15380,1690.26,36,46.95,1073,1073
17152,1689.5,14,120.68,1074,1074
12635,1689.18,101,16.72,1075,1075
13162,1688.29,79,21.37,1076,1076
13577,1687.6,83,20.33,1077,1077
16638,1680.72,94,17.88,1078,1078
13647,1678.12,79,21.24,1079,1079
13149,1676.06,86,19.49,1080,1080
17656,1674.69,82,20.42,1081,1081
16115,1667.97,284,5.87,1082,1082
12912,1662.3,24,69.26,1083,1083
12530,1662.28,66,25.19,1084,1084
13012,1661.84,89,18.67,1085,1085
15214,1661.44,110,15.1,1086,1086
15024,1661.33,155,10.72,1087,1087
15332,1661.06,35,47.46,1088,1088
12967,1660.9,19,87.42,1089,1089
14045,1659.75,6,276.63,1090,1090
15953,1659.38,98,16.93,1091,1091
15826,1654.31,68,24.33,1092,1092
14573,1653.42,235,7.04,1093,1093
17284,1652.58,292,5.66,1094,1094
16711,1651.03,22,75.05,1095,1095
14837,1649.5,108,15.27,1096,1096
13750,1647.26,24,68.64,1097,1097
12657,1643.18,47,34.96,1098,1098
15002,1641.76,115,14.28,1099,1099
13627,1638.47,92,17.81,1100,1100
12398,1635.66,85,19.24,1101,1101
15122,1633.78,82,19.92,1102,1102
14164,1631.77,29,56.27,1103,1103
17673,1629.12,227,7.18,1104,1104
12377,1628.12,77,21.14,1105,1105
16515,1627.13,113,14.4,1106,1106
14759,1625.97,102,15.94,1107,1107
16987,1625.05,129,12.6,1108,1108
13425,1624.21,78,20.82,1109,1109
15172,1624.05,110,14.76,1110,1110
14937,1621.88,34,47.7,1111,1111
17101,1621.73,42,38.61,1112,1112
14178,1620.93,327,4.96,1113,1113
16801,1619.73,76,21.31,1114,1114
18161,1618.69,80,20.23,1115,1115
14336,1614.91,90,17.94,1116,1116
16992,1614.31,93,17.36,1117,1117
15791,1612.69,75,21.5,1118,1118
14312,1611.59,87,18.52,1119,1119
13614,1610.46,201,8.01,1120,1120
14918,1610.15,45,35.78,1121,1121
12868,1607.06,107,15.02,1122,1122
16817,1604.75,86,18.66,1123,1123
12947,1603.99,97,16.54,1124,1124
16466,1603.46,148,10.83,1125,1125
14719,1602.13,237,6.76,1126,1126
14587,1601.14,383,4.18,1127,1127
15660,1600.86,90,17.79,1128,1128
16496,1599.52,95,16.84,1129,1129
13850,1595.48,93,17.16,1130,1130
17837,1593.38,169,9.43,1131,1131
16332,1593.2,153,10.41,1132,1132
16676,1592.12,89,17.89,1133,1133
14970,1592.06,34,46.83,1134,1134
15611,1591.45,43,37.01,1135,1135
18178,1590.81,97,16.4,1136,1136
14442,1589.82,63,25.24,1137,1137
12393,1582.6,64,24.73,1138,1138
15532,1580.93,256,6.18,1139,1139
12607,1579.51,101,15.64,1140,1140
13814,1579.12,57,27.7,1141,1141
16889,1578.67,135,11.69,1142,1142
13186,1575.89,79,19.95,1143,1143
13634,1575.16,188,8.38,1144,1144
13659,1573.2,104,15.13,1145,1145
17671,1572.71,53,29.67,1146,1146
16283,1570.81,166,9.46,1147,1147
12865,1568.23,95,16.51,1148,1148
15906,1567.69,150,10.45,1149,1149
15111,1567.48,84,18.66,1150,1150
17085,1566.65,187,8.38,1151,1151
17204,1564.56,57,27.45,1152,1152
18239,1561.61,88,17.75,1153,1153
14038,1560.38,92,16.96,1154,1154
16394,1555.34,83,18.74,1155,1155
13313,1555.32,78,19.94,1156,1156
16369,1553.66,118,13.17,1157,1157
15620,1553.18,100,15.53,1158,1158
15117,1551.78,79,19.64,1159,1159
13320,1548.7,106,14.61,1160,1160
14229,1547.2,40,38.68,1161,1161
14704,1546.91,415,3.73,1162,1162
16790,1545.62,93,16.62,1163,1163
13397,1544.13,38,40.64,1164,1164
15701,1542.14,237,6.51,1165,1165
12818,1542.08,14,110.15,1166,1166
16365,1540.42,51,30.2,1167,1167
17159,1538.88,101,15.24,1168,1168
13849,1537.95,101,15.23,1169,1169
12877,1535.77,154,9.97,1170,1170
15392,1535.53,84,18.28,1171,1171
15625,1534.26,64,23.97,1172,1172
13107,1531.62,58,26.41,1173,1173
12759,1531.44,95,16.12,1174,1174
14321,1530.75,123,12.45,1175,1175
14567,1530.36,33,46.37,1176,1176
15916,1528.09,155,9.86,1177,1177
16244,1522.75,91,16.73,1178,1178
16434,1522.25,109,13.97,1179,1179
16066,1521.87,102,14.92,1180,1180
13764,1521.76,208,7.32,1181,1181
13213,1520.58,90,16.9,1182,1182
16880,1519.08,178,8.53,1183,1183
14267,1516.24,55,27.57,1184,1184
13791,1516.0,11,137.82,1185,1185
16748,1515.9,69,21.97,1186,1186
16053,1511.95,84,18.0,1187,1187
16910,1510.06,547,2.76,1188,1188
16279,1509.58,107,14.11,1189,1189
16016,1508.76,235,6.42,1190,1190
15265,1506.12,82,18.37,1191,1191
12937,1504.27,120,12.54,1192,1192
15530,1502.35,108,13.91,1193,1193
16762,1501.38,89,16.87,1194,1194
13810,1499.01,35,42.83,1195,1195
17571,1498.51,299,5.01,1196,1196
14414,1496.98,97,15.43,1197,1197
16755,1496.83,170,8.8,1198,1198
17002,1493.73,49,30.48,1199,1199
15057,1489.5,25,59.58,1200,1200
13110,1488.67,145,10.27,1201,1201
13692,1488.32,53,28.08,1202,1202
14963,1487.8,198,7.51,1203,1203
17553,1487.6,2,743.8,1204,1204
16395,1486.9,210,7.08,1205,1205
14878,1485.54,124,11.98,1206,1206
14758,1484.06,71,20.9,1207,1207
18016,1483.56,123,12.06,1208,1208
15427,1483.14,306,4.85,1209,1209
17590,1479.22,201,7.36,1210,1210
14403,1475.81,20,73.79,1211,1211
15983,1475.02,113,13.05,1212,1212
12826,1474.72,91,16.21,1213,1213
14404,1474.32,103,14.31,1214,1214
14246,1474.06,75,19.65,1215,1215
15128,1471.0,102,14.42,1216,1216
16348,1469.45,235,6.25,1217,1217
14875,1465.32,47,31.18,1218,1218
12882,1463.04,13,112.54,1219,1219
14233,1462.72,35,41.79,1220,1220
14541,1461.65,111,13.17,1221,1221
17063,1461.14,78,18.73,1222,1222
16059,1459.86,180,8.11,1223,1223
16996,1456.96,37,39.38,1224,1224
13309,1456.79,107,13.61,1225,1225
13477,1454.58,79,18.41,1226,1226
15987,1451.28,140,10.37,1227,1227
14740,1448.21,89,16.27,1228,1228
15426,1447.39,292,4.96,1229,1229
14591,1447.14,197,7.35,1230,1230
17073,1446.09,174,8.31,1231,1231
13717,1445.01,102,14.17,1232,1232
13461,1445.0,27,53.52,1233,1233
17175,1443.69,63,22.92,1234,1234
15478,1441.42,46,31.34,1235,1235
15858,1438.85,191,7.53,1236,1236
14071,1438.82,324,4.44,1237,1237
13159,1437.85,121,11.88,1238,1238
14566,1432.0,4,358.0,1239,1239
16503,1431.93,84,17.05,1240,1240
13475,1431.78,86,16.65,1241,1241
16103,1429.64,48,29.78,1242,1242
16271,1429.24,133,10.75,1243,1243
14035,1428.02,66,21.64,1244,1244
15681,1426.16,53,26.91,1245,1245
15106,1422.52,100,14.23,1246,1246
16463,1422.4,82,17.35,1247,1247
16571,1421.69,87,16.34,1248,1248
14019,1421.61,66,21.54,1249,1249
14901,1421.29,96,14.81,1250,1250
14443,1420.2,93,15.27,1251,1251
17288,1419.73,142,10.0,1252,1252
16173,1418.32,84,16.88,1253,1253
15444,1418.26,219,6.48,1254,1254
18116,1418.03,378,3.75,1255,1255
17856,1418.03,15,94.54,1255,1256
14649,1417.29,199,7.12,1257,1257
14748,1415.75,89,15.91,1258,1258
16012,1415.29,94,15.06,1259,1259
16245,1413.66,90,15.71,1260,1260
17004,1412.94,44,32.11,1261,1261
15237,1412.32,99,14.27,1262,1262
15596,1406.59,77,18.27,1263,1263
17083,1405.78,52,27.03,1264,1264
15563,1400.44,113,12.39,1265,1265
14741,1400.34,59,23.73,1266,1266
18202,1396.99,68,20.54,1267,1267
13995,1393.69,86,16.21,1268,1268
17354,1393.06,16,87.07,1269,1269
15810,1391.98,89,15.64,1270,1270
15051,1391.61,143,9.73,1271,1271
13414,1390.5,24,57.94,1272,1272
13516,1389.41,44,31.58,1273,1273
15898,1388.88,86,16.15,1274,1274
16539,1388.81,45,30.86,1275,1275
15453,1388.37,286,4.85,1276,1276
15134,1387.99,73,19.01,1277,1277
12952,1387.79,79,17.57,1278,1278
17676,1387.68,78,17.79,1279,1279
12775,1386.04,66,21.0,1280,1280
13308,1385.51,54,25.66,1281,1281
18167,1384.86,37,37.43,1282,1282
17311,1384.85,55,25.18,1283,1283
13572,1384.25,33,41.95,1284,1284
14507,1383.18,96,14.41,1285,1285
14116,1382.74,72,19.2,1286,1286
16389,1382.07,34,40.65,1287,1287
16726,1382.02,185,7.47,1288,1288
17621,1379.9,26,53.07,1289,1289
12886,1378.4,82,16.81,1290,1290
15569,1375.71,31,44.38,1291,1291
16669,1374.87,160,8.59,1292,1292
14434,1372.8,12,114.4,1293,1293
15095,1370.6,47,29.16,1294,1294
13813,1366.86,69,19.81,1295,1295
14897,1366.38,55,24.84,1296,1296
13396,1360.99,43,31.65,1297,1297
14102,1360.28,79,17.22,1298,1298
15411,1358.88,99,13.73,1299,1299
13232,1357.6,207,6.56,1300,1300
17054,1356.33,83,16.34,1301,1301
14064,1353.74,80,16.92,1302,1302
14859,1353.74,58,23.34,1302,1303
15116,1352.75,45,30.06,1304,1304
16079,1352.0,21,64.38,1305,1305
16493,1351.63,56,24.14,1306,1306
12770,1351.45,12,112.62,1307,1307
12646,1346.97,45,29.93,1308,1308
14154,1345.62,52,25.88,1309,1309
15398,1345.53,73,18.43,1310,1310
12463,1344.78,83,16.2,1311,1311
17372,1342.68,253,5.31,1312,1312
16317,1341.65,69,19.44,1313,1313
13743,1341.6,41,32.72,1314,1314
18177,1341.42,74,18.13,1315,1315
16045,1340.7,83,16.15,1316,1316
13501,1340.32,52,25.78,1317,1317
15734,1339.45,26,51.52,1318,1318
12620,1339.41,92,14.56,1319,1319
15059,1337.72,237,5.64,1320,1320
16110,1337.48,354,3.78,1321,1321
12919,1335.19,50,26.7,1322,1322
15680,1333.68,78,17.1,1323,1323
17932,1331.57,90,14.8,1324,1324
12676,1331.39,45,29.59,1325,1325
16295,1328.55,79,16.82,1326,1326
15146,1327.16,91,14.58,1327,1327
17633,1324.84,70,18.93,1328,1328
12854,1324.5,110,12.04,1329,1329
17095,1324.16,74,17.89,1330,1330
16370,1320.56,228,5.79,1331,1331
14794,1319.91,80,16.5,1332,1332
13168,1319.19,131,10.07,1333,1333
16083,1317.62,31,42.5,1334,1334
12526,1316.66,71,18.54,1335,1335
14921,1316.07,78,16.87,1336,1336
12576,1315.83,88,14.95,1337,1337
14511,1314.81,68,19.34,1338,1338
16464,1314.68,236,5.57,1339,1339
14738,1314.45,54,24.34,1340,1340
14973,1314.45,32,41.08,1340,1341
16040,1313.55,65,20.21,1342,1342
12364,1313.1,85,15.45,1343,1343
12516,1312.06,26,50.46,1344,1344
14856,1311.38,66,19.87,1345,1345
14477,1309.6,10,130.96,1346,1346
16120,1309.14,30,43.64,1347,1347
14047,1308.61,32,40.89,1348,1348
13328,1308.48,17,76.97,1349,1349
14297,1305.33,62,21.05,1350,1350
12507,1304.81,21,62.13,1351,1351
16744,1304.76,242,5.39,1352,1352
17919,1304.04,23,56.7,1353,1353
15813,1303.91,40,32.6,1354,1354
14898,1303.52,116,11.24,1355,1355
15108,1300.25,60,21.67,1356,1356
15494,1299.23,125,10.39,1357,1357
12488,1298.66,55,23.61,1358,1358
12372,1298.04,52,24.96,1359,1359
15602,1297.87,46,28.21,1360,1360
17961,1296.44,249,5.21,1361,1361
16929,1295.39,77,16.82,1362,1362
16224,1295.3,96,13.49,1363,1363
15621,1293.03,16,80.81,1364,1364
16101,1290.7,76,16.98,1365,1365
15171,1289.5,5,257.9,1366,1366
15136,1286.7,68,18.92,1367,1367
16949,1286.27,60,21.44,1368,1368
17350,1286.07,71,18.11,1369,1369
17802,1285.04,140,9.18,1370,1370
16899,1281.56,125,10.25,1371,1371
13878,1281.53,36,35.6,1372,1372
13538,1280.85,25,51.23,1373,1373
16951,1277.75,86,14.86,1374,1374
16692,1276.0,3,425.33,1375,1375
17019,1272.61,234,5.44,1376,1376
12394,1272.48,27,47.13,1377,1377
12630,1270.88,64,19.86,1378,1378
14669,1269.99,170,7.47,1379,1379
13492,1269.84,50,25.4,1380,1380
13431,1269.1,46,27.59,1381,1381
14916,1268.98,77,16.48,1382,1382
15199,1268.7,13,97.59,1383,1383
16660,1267.65,16,79.23,1384,1384
17037,1267.32,75,16.9,1385,1385
17158,1266.97,67,18.91,1386,1386
14105,1266.23,74,17.11,1387,1387
13989,1266.08,41,30.88,1388,1388
16842,1264.19,63,20.07,1389,1389
15497,1262.2,15,84.15,1390,1390
15009,1261.78,182,6.93,1391,1391
16688,1260.86,62,20.34,1392,1392
17388,1259.56,15,83.97,1393,1393
17412,1258.06,66,19.06,1394,1394
13151,1257.87,74,17.0,1395,1395
14931,1257.68,41,30.68,1396,1396
16639,1257.51,50,25.15,1397,1397
17481,1255.59,82,15.31,1398,1398
13848,1255.0,5,251.0,1399,1399
17262,1253.36,12,104.45,1400,1400
14698,1250.76,210,5.96,1401,1401
14383,1247.69,59,21.15,1402,1402
12689,1247.61,72,17.33,1403,1403
13029,1247.5,10,124.75,1404,1404
15004,1246.32,158,7.89,1405,1405
12494,1246.1,77,16.18,1406,1406
13860,1245.9,76,16.39,1407,1407
14428,1244.83,144,8.64,1408,1408
16531,1244.59,77,16.16,1409,1409
17584,1242.3,35,35.49,1410,1410
17588,1240.2,23,53.92,1411,1411
17731,1240.11,67,18.51,1412,1412
12985,1239.38,76,16.31,1413,1413
13476,1238.47,58,21.35,1414,1414
14893,1237.85,73,16.96,1415,1415
13931,1237.53,58,21.34,1416,1416
15201,1236.54,69,17.92,1417,1417
14684,1236.28,421,2.94,1418,1418
15376,1233.36,117,10.54,1419,1419
15910,1232.18,267,4.61,1420,1420
18080,1231.5,2,615.75,1421,1421
18171,1231.31,54,22.8,1422,1422
14913,1227.43,87,14.11,1423,1423
12997,1226.89,59,20.79,1424,1424
12412,1226.88,61,20.11,1425,1425
17774,1225.41,156,7.86,1426,1426
15841,1224.06,47,26.04,1427,1427
13208,1223.9,149,8.21,1428,1428
16794,1222.71,285,4.29,1429,1429
14745,1220.26,69,17.68,1430,1430
15227,1219.4,58,21.02,1431,1431
13491,1215.82,86,14.14,1432,1432
17410,1214.72,64,18.98,1433,1433
13055,1214.41,76,15.98,1434,1434
18263,1213.16,61,19.89,1435,1435
13918,1212.84,30,40.43,1436,1436
16653,1212.66,69,17.57,1437,1437
12464,1212.05,29,41.79,1438,1438
17653,1207.56,44,27.44,1439,1439
15737,1205.12,72,16.74,1440,1440
16800,1201.49,164,7.33,1441,1441
13158,1201.06,79,15.2,1442,1442
17320,1200.62,73,16.45,1443,1443
17800,1199.01,104,11.53,1444,1444
15605,1198.23,67,17.88,1445,1445
13118,1197.81,79,15.16,1446,1446
13211,1197.42,56,21.38,1447,1447
16042,1197.27,71,16.86,1448,1448
17867,1197.1,79,15.15,1449,1449
14487,1196.33,144,8.31,1450,1450
17720,1195.94,50,23.92,1451,1451
17526,1195.9,19,62.94,1452,1452
15145,1194.73,67,17.83,1453,1453
12611,1193.32,65,18.36,1454,1454
13882,1191.13,65,18.33,1455,1455
12462,1189.59,62,19.19,1456,1456
16612,1187.66,66,17.99,1457,1457
15630,1186.35,60,19.77,1458,1458
13752,1186.28,76,15.61,1459,1459
17058,1179.89,62,19.03,1460,1460
16950,1178.56,42,28.06,1461,1461
12885,1175.22,71,16.55,1462,1462
12640,1174.58,53,22.16,1463,1463
15306,1174.35,58,20.25,1464,1464
14857,1173.12,60,19.55,1465,1465
13611,1171.8,74,15.84,1466,1466
18168,1169.94,131,8.93,1467,1467
12358,1168.06,19,61.48,1468,1468
13500,1166.77,65,17.95,1469,1469
14737,1164.55,17,68.5,1470,1470
14261,1163.45,52,22.37,1471,1471
14447,1163.23,70,16.62,1472,1472
16714,1161.53,93,12.49,1473,1473
12546,1161.5,69,16.83,1474,1474
15088,1160.07,57,20.35,1475,1475
17348,1159.52,215,5.39,1476,1476
13499,1159.11,42,27.6,1477,1477
16184,1158.79,45,25.75,1478,1478
14723,1158.3,278,4.17,1479,1479
13744,1156.36,72,16.06,1480,1480
16637,1154.47,69,16.73,1481,1481
16062,1153.62,64,18.03,1482,1482
12710,1149.02,77,14.92,1483,1483
17505,1145.84,52,22.04,1484,1484
16766,1145.6,34,33.69,1485,1485
12769,1143.6,32,35.74,1486,1486
17770,1143.27,38,30.09,1487,1487
18125,1142.99,196,5.83,1488,1488
15985,1142.42,37,30.88,1489,1489
16270,1141.24,54,21.13,1490,1490
13330,1140.93,53,21.53,1491,1491
13819,1140.35,36,31.68,1492,1492
16172,1140.21,69,16.52,1493,1493
17135,1139.73,52,21.92,1494,1494
17500,1138.0,5,227.6,1495,1495
17302,1135.63,79,14.38,1496,1496
17242,1135.04,40,28.38,1497,1497
15489,1134.28,50,22.69,1498,1498
16989,1133.25,12,94.44,1499,1499
17585,1133.07,214,5.29,1500,1500
13282,1132.14,37,30.6,1501,1501
13772,1132.13,177,6.4,1502,1502
13310,1132.03,72,15.72,1503,1503
13610,1131.88,226,5.01,1504,1504
15500,1131.56,68,16.64,1505,1505
13447,1129.14,59,19.14,1506,1506
14824,1127.71,29,38.89,1507,1507
12609,1126.85,60,18.78,1508,1508
14708,1126.37,28,40.23,1509,1509
17470,1125.07,78,14.42,1510,1510
14129,1123.86,52,21.61,1511,1511
15436,1122.53,329,3.41,1512,1512
13486,1122.41,69,16.27,1513,1513
17562,1122.38,63,17.82,1514,1514
16807,1121.59,67,16.74,1515,1515
16086,1121.39,39,28.75,1516,1516
15730,1120.88,70,16.01,1517,1517
17894,1119.81,193,5.8,1518,1518
14276,1119.74,64,17.5,1519,1519
13064,1119.49,69,16.22,1520,1520
12842,1118.99,34,32.91,1521,1521
15716,1118.81,118,9.48,1522,1522
17788,1117.9,5,223.58,1523,1523
13591,1117.13,58,19.26,1524,1524
14971,1116.57,160,6.98,1525,1525
16350,1116.47,57,19.59,1526,1526
12679,1113.02,48,23.19,1527,1527
17609,1112.22,237,4.69,1528,1528
16049,1111.79,312,3.56,1529,1529
14161,1110.52,108,10.28,1530,1530
14817,1110.34,63,17.62,1531,1531
15069,1109.53,70,15.85,1532,1532
12399,1108.65,59,18.79,1533,1533
15933,1107.46,74,14.97,1534,1534
16833,1106.53,47,23.54,1535,1535
12857,1106.4,46,24.05,1536,1536
14410,1105.07,193,5.73,1537,1537
14948,1101.97,63,17.49,1538,1538
17047,1100.9,65,16.94,1539,1539
14744,1099.98,26,42.31,1540,1540
15978,1098.78,49,22.42,1541,1541
13104,1098.48,20,54.92,1542,1542
17966,1098.43,68,16.15,1543,1543
16225,1096.32,134,8.18,1544,1544
16533,1095.56,177,6.19,1545,1545
13652,1095.08,63,17.38,1546,1546
15745,1094.59,62,17.65,1547,1547
15608,1093.68,60,18.23,1548,1548
13521,1093.65,436,2.51,1549,1549
18189,1090.24,68,16.03,1550,1550
13853,1090.14,23,47.4,1551,1551
12534,1089.18,63,17.29,1552,1552
15763,1086.92,61,17.82,1553,1553
13467,1083.71,99,10.95,1554,1554
17041,1081.57,70,15.45,1555,1555
14561,1080.76,69,15.66,1556,1556
16200,1080.62,179,6.04,1557,1557
13726,1079.66,42,25.71,1558,1558
15197,1079.61,32,33.74,1559,1559
12354,1079.4,58,18.61,1560,1560
13715,1079.34,105,10.28,1561,1561
14352,1078.96,47,22.96,1562,1562
16980,1078.96,87,12.4,1562,1563
16094,1078.23,63,17.11,1564,1564
16563,1077.74,19,56.72,1565,1565
13131,1073.3,44,24.39,1566,1566
15712,1072.36,53,20.23,1567,1567
15238,1071.99,50,21.44,1568,1568
13635,1071.03,62,17.27,1569,1569
17522,1070.71,73,14.67,1570,1570
13761,1070.65,70,15.3,1571,1571
14212,1070.48,9,118.94,1572,1572
17214,1069.12,103,10.38,1573,1573
16918,1068.82,128,8.35,1574,1574
15027,1066.15,35,30.46,1575,1575
17277,1065.35,69,15.44,1576,1576
14488,1064.28,46,23.14,1577,1577
17287,1064.11,124,8.58,1578,1578
12951,1064.07,63,16.89,1579,1579
15801,1063.95,64,16.62,1580,1580
12936,1063.9,62,17.16,1581,1581
12815,1063.46,47,22.63,1582,1582
14411,1063.0,14,75.93,1583,1583
16214,1062.75,44,24.15,1584,1584
15996,1060.68,130,8.16,1585,1585
15706,1060.56,55,19.28,1586,1586
17727,1060.25,66,16.06,1587,1587
18130,1059.39,70,15.13,1588,1588
14465,1058.62,130,8.14,1589,1589
13455,1058.34,46,23.01,1590,1590
14419,1058.06,206,5.14,1591,1591
15407,1056.44,153,6.9,1592,1592
14514,1055.35,73,14.46,1593,1593
15977,1054.73,65,16.23,1594,1594
16728,1054.67,269,3.92,1595,1595
12716,1053.49,69,15.27,1596,1596
14583,1052.55,330,3.19,1597,1597
16416,1051.4,71,14.81,1598,1598
12849,1050.89,51,20.61,1599,1599
14224,1050.12,118,8.9,1600,1600
15329,1049.7,57,18.42,1601,1601
14078,1049.37,65,16.14,1602,1602
15464,1048.85,157,6.68,1603,1603
15839,1048.49,62,16.91,1604,1604
15777,1047.11,21,49.86,1605,1605
16520,1046.57,156,6.71,1606,1606
14293,1046.56,61,17.16,1607,1607
17042,1044.38,98,10.66,1608,1608
15192,1044.32,51,20.48,1609,1609
14389,1043.46,45,23.19,1610,1610
15073,1043.41,54,19.32,1611,1611
12497,1043.1,14,74.51,1612,1612
14584,1042.26,100,10.42,1613,1613
13719,1041.68,60,17.36,1614,1614
18221,1041.61,64,16.28,1615,1615
15434,1041.48,55,18.94,1616,1616
14446,1039.58,293,3.55,1617,1617
16320,1038.46,56,18.54,1618,1618
16175,1037.59,58,17.89,1619,1619
12691,1035.8,32,32.37,1620,1620
16260,1035.45,18,57.53,1621,1621
13639,1033.34,40,25.83,1622,1622
17724,1033.0,40,25.83,1623,1623
12599,1032.58,62,16.65,1624,1624
12724,1031.41,53,19.46,1625,1625
17405,1031.41,82,12.58,1625,1626
13235,1031.07,58,17.78,1627,1627
12717,1030.98,55,18.75,1628,1628
13253,1030.4,36,28.62,1629,1629
17033,1030.14,28,36.79,1630,1630
15333,1028.56,16,64.29,1631,1631
16682,1028.0,30,34.27,1632,1632
15104,1027.44,69,14.89,1633,1633
13956,1026.42,152,6.75,1634,1634
16160,1025.44,20,51.27,1635,1635
14904,1025.44,69,14.86,1635,1636
15658,1024.1,48,21.34,1637,1637
17096,1022.13,48,21.29,1638,1638
14346,1021.58,60,17.03,1639,1639
13165,1021.48,42,24.32,1640,1640
12572,1020.42,60,17.01,1641,1641
13376,1019.76,53,19.24,1642,1642
18142,1019.52,15,67.97,1643,1643
12828,1018.71,56,18.19,1644,1644
14083,1018.43,181,5.63,1645,1645
12514,1017.68,51,19.95,1646,1646
13728,1016.14,63,16.13,1647,1647
13867,1015.29,61,16.64,1648,1648
12642,1013.26,47,21.56,1649,1649
12739,1013.04,38,26.66,1650,1650
17197,1013.01,29,34.93,1651,1651
14195,1012.0,7,144.57,1652,1652
14775,1011.9,60,16.87,1653,1653
16229,1010.6,47,21.5,1654,1654
13032,1010.18,71,14.23,1655,1655
16572,1009.6,57,17.71,1656,1656
16174,1009.55,23,43.89,1657,1657
17951,1008.54,20,50.43,1658,1658
17646,1008.39,51,19.77,1659,1659
14631,1006.98,41,24.56,1660,1660
13429,1006.8,67,15.03,1661,1661
17126,1004.75,260,3.86,1662,1662
14214,1004.38,67,14.99,1663,1663
13410,1003.06,28,35.82,1664,1664
12446,1002.31,57,17.58,1665,1665
12545,1000.39,50,20.01,1666,1666
15508,1000.27,92,10.87,1667,1667
18143,1000.16,61,16.4,1668,1668
12722,997.63,53,18.82,1669,1669
14540,996.26,76,13.11,1670,1670
15110,996.1,35,28.46,1671,1671
17594,993.18,50,19.86,1672,1672
16009,992.71,90,11.03,1673,1673
13363,992.5,60,16.54,1674,1674
14223,991.13,60,16.52,1675,1675
16232,990.88,37,26.78,1676,1676
17324,990.23,50,19.8,1677,1677
15062,987.86,57,17.33,1678,1678
18237,987.1,61,16.18,1679,1679
16376,987.01,125,7.9,1680,1680
13117,984.91,76,12.96,1681,1681
17144,984.57,48,20.51,1682,1682
12510,982.57,33,29.77,1683,1683
15133,982.42,29,33.88,1684,1684
14138,982.38,47,20.9,1685,1685
15071,982.07,26,37.77,1686,1686
16188,981.86,67,14.65,1687,1687
16907,981.65,151,6.5,1688,1688
16085,981.51,167,5.88,1689,1689
12541,981.18,52,18.87,1690,1690
18170,980.31,38,25.8,1691,1691
13509,979.72,44,22.27,1692,1692
15506,979.26,164,5.97,1693,1693
13350,979.12,40,24.48,1694,1694
15132,977.93,52,18.81,1695,1695
14920,977.77,57,17.15,1696,1696
15860,977.21,142,6.88,1697,1697
13026,975.36,40,24.38,1698,1698
14522,974.54,17,57.33,1699,1699
15449,974.52,60,16.24,1700,1700
12994,974.42,61,15.97,1701,1701
15747,974.04,93,10.47,1702,1702
18194,973.84,7,139.12,1703,1703
16419,972.23,51,19.06,1704,1704
13155,971.76,85,11.43,1705,1705
17100,971.74,65,14.95,1706,1706
17618,971.58,78,12.46,1707,1707
14256,969.06,53,18.28,1708,1708
15907,967.45,249,3.89,1709,1709
15793,965.61,12,80.47,1710,1710
12550,964.83,57,16.93,1711,1711
13138,962.39,63,15.28,1712,1712
14006,962.19,30,32.07,1713,1713
15156,961.49,55,17.48,1714,1714
14629,959.01,152,6.31,1715,1715
18192,957.97,45,21.29,1716,1716
13823,957.66,40,23.94,1717,1717
12697,957.59,41,23.36,1718,1718
15948,955.24,60,15.92,1719,1719
17244,954.9,31,30.8,1720,1720
17097,954.42,211,4.52,1721,1721
15835,954.09,50,19.08,1722,1722
16934,950.93,62,15.34,1723,1723
15421,950.36,53,17.93,1724,1724
16511,950.26,169,5.62,1725,1725
13636,949.12,63,15.07,1726,1726
12822,948.88,46,20.63,1727,1727
17044,948.48,6,158.08,1728,1728
13748,948.25,28,33.87,1729,1729
15787,948.05,206,4.6,1730,1730
12458,947.4,38,24.93,1731,1731
15707,945.58,214,4.42,1732,1732
17289,944.41,111,8.51,1733,1733
13261,944.1,9,104.9,1734,1734
12820,942.34,59,15.97,1735,1735
14075,942.26,43,21.91,1736,1736
15576,940.67,45,20.9,1737,1737
15289,939.78,58,16.2,1738,1738
17527,939.37,47,19.99,1739,1739
17227,939.32,47,19.99,1740,1740
16584,936.08,28,33.43,1741,1741
14140,935.05,66,14.17,1742,1742
16027,934.62,16,58.41,1743,1743
14081,934.52,153,6.11,1744,1744
12924,933.7,30,31.12,1745,1745
16657,933.62,208,4.49,1746,1746
13655,932.97,56,16.66,1747,1747
14532,932.85,64,14.58,1748,1748
18133,931.5,1,931.5,1749,1749
17552,930.41,49,18.99,1750,1750
14475,925.85,42,22.04,1751,1751
14231,925.71,50,18.51,1752,1752
17048,925.35,43,21.52,1753,1753
15312,924.85,47,19.68,1754,1754
13805,924.6,13,71.12,1755,1755
15654,922.53,21,43.93,1756,1756
13122,922.39,55,16.77,1757,1757
16551,922.12,32,28.82,1758,1758
13934,922.1,31,29.75,1759,1759
13035,921.88,27,34.14,1760,1760
17323,921.07,200,4.61,1761,1761
13984,920.51,16,57.53,1762,1762
17018,920.1,16,57.51,1763,1763
12652,919.98,48,19.17,1764,1764
13075,919.61,22,41.8,1765,1765
13549,918.2,51,18.0,1766,1766
15253,918.2,53,17.32,1766,1767
14015,917.34,20,45.87,1768,1768
14712,917.07,25,36.68,1769,1769
17236,916.13,105,8.73,1770,1770
14141,915.13,40,22.88,1771,1771
16216,914.93,37,24.73,1772,1772
16809,914.69,149,6.14,1773,1773
15587,913.68,9,101.52,1774,1774
12940,913.54,99,9.23,1775,1775
15364,913.19,29,31.49,1776,1776
14359,912.18,55,16.59,1777,1777
13782,912.0,115,7.93,1778,1778
13192,911.94,63,14.48,1779,1779
14289,911.26,47,19.39,1780,1780
18096,911.15,213,4.28,1781,1781
13689,910.0,6,151.67,1782,1782
15511,909.23,160,5.68,1783,1783
13038,908.46,28,32.45,1784,1784
14449,907.1,258,3.52,1785,1785
15480,905.5,45,20.12,1786,1786
15022,905.04,135,6.7,1787,1787
15807,903.9,48,18.83,1788,1788
17566,901.21,152,5.93,1789,1789
17848,901.2,51,17.67,1790,1790
16716,901.2,2,450.6,1790,1791
14625,899.63,53,16.97,1792,1792
17886,899.61,109,8.25,1793,1793
13662,897.76,53,16.94,1794,1794
17537,897.62,75,11.97,1795,1795
16361,896.66,106,8.46,1796,1796
15079,895.61,47,19.06,1797,1797
15865,895.13,40,22.38,1798,1798
15211,894.41,52,17.2,1799,1799
15066,893.59,42,21.28,1800,1800
12772,892.47,55,16.23,1801,1801
13515,891.12,59,15.1,1802,1802
15255,890.85,47,18.95,1803,1803
14240,890.34,42,21.2,1804,1804
17027,890.29,153,5.82,1805,1805
17007,889.93,52,17.11,1806,1806
14344,889.93,71,12.53,1806,1807
14623,889.25,134,6.64,1808,1808
17829,889.24,30,29.64,1809,1809
16347,887.65,92,9.65,1810,1810
16900,887.11,79,11.23,1811,1811
15822,885.47,33,26.83,1812,1812
17704,885.19,31,28.55,1813,1813
17109,885.04,117,7.56,1814,1814
15799,884.14,98,9.02,1815,1815
14597,883.15,55,16.06,1816,1816
18236,882.24,49,18.0,1817,1817
13037,881.07,48,18.36,1818,1818
15076,880.85,49,17.98,1819,1819
15653,877.44,6,146.24,1820,1820
14770,876.42,52,16.85,1821,1821
15100,876.0,3,292.0,1822,1822
13566,874.71,176,4.97,1823,1823
16513,874.59,35,24.99,1824,1824
13294,873.74,54,16.18,1825,1825
12847,871.54,91,9.58,1826,1826
15208,870.12,42,20.72,1827,1827
13200,870.09,46,18.92,1828,1828
13979,869.87,54,16.11,1829,1829
12694,869.67,37,23.5,1830,1830
13203,869.46,57,15.25,1831,1831
17649,868.49,52,16.7,1832,1832
14912,867.85,27,32.14,1833,1833
14715,867.38,71,12.22,1834,1834
16235,867.31,46,18.85,1835,1835
16121,867.11,212,4.09,1836,1836
14332,866.31,26,33.32,1837,1837
16567,865.6,35,24.73,1838,1838
13846,865.06,55,15.73,1839,1839
16221,864.86,97,8.92,1840,1840
12680,862.81,52,16.59,1841,1841
16266,861.89,61,14.13,1842,1842
12794,860.41,45,19.12,1843,1843
13339,860.12,54,15.93,1844,1844
14577,859.71,123,6.99,1845,1845
17064,859.35,62,13.86,1846,1846
14553,859.27,113,7.6,1847,1847
16163,856.6,6,142.77,1848,1848
13991,855.97,84,10.19,1849,1849
12693,855.91,39,21.95,1850,1850
16037,855.02,39,21.92,1851,1851
12878,854.99,47,18.19,1852,1852
17560,854.95,26,32.88,1853,1853
16877,853.72,159,5.37,1854,1854
14193,853.39,42,20.32,1855,1855
12379,852.24,40,21.31,1856,1856
16070,852.15,33,25.82,1857,1857
16020,851.01,46,18.5,1858,1858
12713,848.55,38,22.33,1859,1859
14657,848.22,126,6.73,1860,1860
13221,847.41,66,12.84,1861,1861
16924,846.75,83,10.2,1862,1862
16222,846.72,137,6.18,1863,1863
15965,845.64,122,6.93,1864,1864
14803,845.55,44,19.22,1865,1865
17624,843.48,50,16.87,1866,1866
15164,843.05,103,8.18,1867,1867
17929,843.0,5,168.6,1868,1868
13929,842.65,9,93.63,1869,1869
16108,842.5,48,17.55,1870,1870
16560,841.41,56,15.03,1871,1871
14862,841.2,48,17.53,1872,1872
17076,841.08,25,33.64,1873,1873
13940,839.14,49,17.13,1874,1874
17115,837.5,39,21.47,1875,1875
16554,837.1,52,16.1,1876,1876
15832,836.79,54,15.5,1877,1877
12728,836.33,46,18.18,1878,1878
16747,836.06,42,19.91,1879,1879
17169,835.78,54,15.48,1880,1880
17759,834.99,95,8.79,1881,1881
13835,834.57,55,15.17,1882,1882
17075,834.12,77,10.83,1883,1883
16644,833.78,62,13.45,1884,1884
15862,832.88,147,5.67,1885,1885
14644,830.76,26,31.95,1886,1886
13681,827.83,57,14.52,1887,1887
12461,826.88,35,23.63,1888,1888
12781,826.74,25,33.07,1889,1889
16494,826.53,50,16.53,1890,1890
17921,826.52,145,5.7,1891,1891
15525,825.92,178,4.64,1892,1892
12427,825.8,31,26.64,1893,1893
16869,825.42,128,6.45,1894,1894
16284,823.97,109,7.56,1895,1895
16164,822.48,34,24.19,1896,1896
12778,822.23,50,16.44,1897,1897
13893,821.1,21,39.1,1898,1898
13220,819.29,21,39.01,1899,1899
17764,818.82,75,10.92,1900,1900
16092,817.86,51,16.04,1901,1901
16943,816.73,33,24.75,1902,1902
15649,816.0,2,408.0,1903,1903
15399,815.77,50,16.32,1904,1904
14499,815.32,194,4.2,1905,1905
13280,814.86,85,9.59,1906,1906
16460,814.72,135,6.03,1907,1907
13811,814.5,13,62.65,1908,1908
18064,814.0,7,116.29,1909,1909
16600,813.52,62,13.12,1910,1910
16621,813.48,29,28.05,1911,1911
14421,813.11,27,30.12,1912,1912
15644,813.0,238,3.42,1913,1913
17980,811.45,30,27.05,1914,1914
16276,810.6,6,135.1,1915,1915
16624,810.57,48,16.89,1916,1916
13637,810.5,101,8.02,1917,1917
16891,809.7,203,3.99,1918,1918
17114,808.62,127,6.37,1919,1919
15533,807.57,83,9.73,1920,1920
12421,807.04,45,17.93,1921,1921
15952,806.57,91,8.86,1922,1922
13707,806.41,48,16.8,1923,1923
12434,806.14,50,16.12,1924,1924
16367,804.49,130,6.19,1925,1925
18248,804.02,47,17.11,1926,1926
12422,803.56,39,20.6,1927,1927
15831,801.76,68,11.79,1928,1928
18265,801.51,46,17.42,1929,1929
16806,801.49,103,7.78,1930,1930
15561,800.59,27,29.65,1931,1931
17905,800.24,34,23.54,1932,1932
13720,799.9,43,18.6,1933,1933
13030,799.48,99,8.08,1934,1934
17703,798.74,55,14.52,1935,1935
16438,798.35,132,6.05,1936,1936
13389,797.96,51,15.65,1937,1937
12701,797.71,53,15.05,1938,1938
17180,796.03,128,6.22,1939,1939
13336,795.12,51,15.59,1940,1940
15990,792.11,52,15.23,1941,1941
13167,791.33,65,12.17,1942,1942
14976,790.86,72,10.98,1943,1943
13016,789.89,47,16.81,1944,1944
16759,789.79,42,18.8,1945,1945
13329,789.0,17,46.41,1946,1946
14557,788.38,16,49.27,1947,1947
13212,788.08,142,5.55,1948,1948
13323,787.85,21,37.52,1949,1949
13884,787.6,59,13.35,1950,1950
16546,787.15,25,31.49,1951,1951
13109,786.54,47,16.73,1952,1952
12628,786.46,41,19.18,1953,1953
15806,784.58,31,25.31,1954,1954
15743,784.46,88,8.91,1955,1955
18136,784.33,38,20.64,1956,1956
17387,784.11,78,10.05,1957,1957
16054,783.9,70,11.2,1958,1958
17006,781.78,44,17.77,1959,1959
17341,781.36,183,4.27,1960,1960
15679,781.28,110,7.1,1961,1961
13583,781.03,53,14.74,1962,1962
16725,781.02,151,5.17,1963,1963
15239,780.59,49,15.93,1964,1964
17797,780.43,111,7.03,1965,1965
18228,779.9,30,26.0,1966,1966
12735,779.57,43,18.13,1967,1967
17411,778.94,41,19.0,1968,1968
13375,778.65,37,21.04,1969,1969
14815,778.5,53,14.69,1970,1970
17414,778.0,6,129.67,1971,1971
16505,777.6,4,194.4,1972,1972
13563,777.53,49,15.87,1973,1973
12425,777.2,36,21.59,1974,1974
15353,777.02,63,12.33,1975,1975
15618,776.85,45,17.26,1976,1976
13314,775.94,62,12.52,1977,1977
13341,775.85,42,18.47,1978,1978
14234,775.46,159,4.88,1979,1979
16825,775.18,28,27.69,1980,1980
15414,774.9,39,19.87,1981,1981
16043,773.99,39,19.85,1982,1982
15075,773.03,27,28.63,1983,1983
12965,771.91,109,7.08,1984,1984
17409,771.85,13,59.37,1985,1985
14662,771.17,168,4.59,1986,1986
16770,770.1,145,5.31,1987,1987
14412,770.03,43,17.91,1988,1988
16480,769.29,53,14.51,1989,1989
13356,768.24,42,18.29,1990,1990
17516,768.08,137,5.61,1991,1991
14550,765.62,48,15.95,1992,1992
14672,765.55,61,12.55,1993,1993
17695,765.34,35,21.87,1994,1994
14885,765.32,15,51.02,1995,1995
17268,763.64,6,127.27,1996,1996
17466,763.28,41,18.62,1997,1997
16470,762.39,170,4.48,1998,1998
15599,761.74,52,14.65,1999,1999
14883,761.59,53,14.37,2000,2000
16205,761.38,98,7.77,2001,2001
17425,759.17,43,17.66,2002,2002
16036,758.92,55,13.8,2003,2003
15568,758.29,53,14.31,2004,2004
12413,758.1,38,19.95,2005,2005
17979,757.71,146,5.19,2006,2006
17461,757.46,111,6.82,2007,2007
15223,755.75,20,37.79,2008,2008
13370,754.87,39,19.36,2009,2009
18104,754.64,38,19.86,2010,2010
13730,752.6,43,17.5,2011,2011
16256,752.43,13,57.88,2012,2012
12908,750.0,2,375.0,2013,2013
17146,749.78,35,21.42,2014,2014
14923,749.1,44,17.02,2015,2015
15074,748.87,42,17.83,2016,2016
15656,748.5,47,15.93,2017,2017
16859,747.81,52,14.38,2018,2018
13623,747.78,81,9.23,2019,2019
14201,747.44,37,20.2,2020,2020
16261,746.83,124,6.02,2021,2021
14050,746.36,54,13.82,2022,2022
17034,745.52,30,24.85,2023,2023
14790,745.06,46,16.2,2024,2024
13950,745.06,35,21.29,2024,2025
13236,744.85,36,20.69,2026,2026
13354,743.53,51,14.58,2027,2027
16730,743.11,82,9.06,2028,2028
12374,742.93,33,22.51,2029,2029
12465,742.19,47,15.79,2030,2030
13753,741.26,35,21.18,2031,2031
13900,740.95,43,17.23,2032,2032
17692,740.94,46,16.11,2033,2033
17974,740.79,179,4.14,2034,2034
15252,740.78,44,16.84,2035,2035
12603,739.2,2,369.6,2036,2036
14756,738.96,38,19.45,2037,2037
12976,738.6,22,33.57,2038,2038
15045,735.66,12,61.31,2039,2039
18156,734.94,140,5.25,2040,2040
15215,734.94,35,21.0,2040,2041
16362,734.77,81,9.07,2042,2042
16146,734.13,29,25.31,2043,2043
17812,732.16,141,5.19,2044,2044
13575,732.07,46,15.91,2045,2045
13736,731.9,191,3.83,2046,2046
16099,731.9,39,18.77,2046,2047
16491,731.5,39,18.76,2048,2048
14778,730.86,35,20.88,2049,2049
18035,730.4,53,13.78,2050,2050
12468,729.54,38,19.2,2051,2051
13077,729.27,112,6.51,2052,2052
17666,728.16,18,40.45,2053,2053
17888,726.05,67,10.84,2054,2054
14869,725.7,71,10.22,2055,2055
14055,725.64,10,72.56,2056,2056
16140,725.18,35,20.72,2057,2057
15584,725.11,123,5.9,2058,2058
12723,725.07,69,10.51,2059,2059
15636,724.76,25,28.99,2060,2060
12475,723.38,36,20.09,2061,2061
17521,723.21,45,16.07,2062,2062
15272,721.94,63,11.46,2063,2063
18062,720.52,27,26.69,2064,2064
16023,719.81,101,7.13,2065,2065
14179,719.78,165,4.36,2066,2066
14725,718.08,52,13.81,2067,2067
17884,717.45,117,6.13,2068,2068
15274,716.57,47,15.25,2069,2069
12535,716.35,34,21.07,2070,2070
15400,716.2,12,59.68,2071,2071
17029,716.0,2,358.0,2072,2072
15330,714.96,13,55.0,2073,2073
15757,714.42,45,15.88,2074,2074
12616,713.3,32,22.29,2075,2075
13169,712.88,13,54.84,2076,2076
13147,712.8,4,178.2,2077,2077
17761,712.78,19,37.51,2078,2078
13416,712.5,19,37.5,2079,2079
13587,712.4,8,89.05,2080,2080
17642,712.29,40,17.81,2081,2081
15855,712.24,80,8.9,2082,2082
13705,711.86,28,25.42,2083,2083
17179,711.79,80,8.9,2084,2084
13249,711.41,23,30.93,2085,2085
17472,710.29,181,3.92,2086,2086
14867,710.28,36,19.73,2087,2087
14127,709.71,44,16.13,2088,2088
16136,709.38,37,19.17,2089,2089
15951,708.22,41,17.27,2090,2090
16449,707.69,40,17.69,2091,2091
12453,707.09,43,16.44,2092,2092
16364,707.04,53,13.34,2093,2093
16309,706.57,42,16.82,2094,2094
14880,706.19,47,15.03,2095,2095
14126,706.13,15,47.08,2096,2096
15038,705.49,130,5.43,2097,2097
16015,705.39,182,3.88,2098,2098
16882,705.12,39,18.08,2099,2099
17934,704.25,21,33.54,2100,2100
12612,704.04,19,37.05,2101,2101
12883,703.47,42,16.75,2102,2102
18082,703.37,73,9.64,2103,2103
15103,703.36,35,20.1,2104,2104
15574,702.25,168,4.18,2105,2105
16997,702.0,12,58.5,2106,2106
14198,701.4,39,17.98,2107,2107
14356,701.23,33,21.25,2108,2108
17321,700.86,107,6.55,2109,2109
13238,700.73,31,22.6,2110,2110
17734,700.63,43,16.29,2111,2111
15800,699.08,119,5.87,2112,2112
13258,698.58,38,18.38,2113,2113
17423,698.41,26,26.86,2114,2114
17796,697.9,82,8.51,2115,2115
15053,697.79,71,9.83,2116,2116
14829,697.55,42,16.61,2117,2117
13596,697.04,166,4.2,2118,2118
15700,696.68,86,8.1,2119,2119
17397,696.41,92,7.57,2120,2120
14009,695.61,42,16.56,2121,2121
14959,695.42,59,11.79,2122,2122
15304,694.4,23,30.19,2123,2123
12925,694.05,45,15.42,2124,2124
14643,693.81,31,22.38,2125,2125
12410,693.33,26,26.67,2126,2126
13601,693.32,99,7.0,2127,2127
14111,692.85,10,69.29,2128,2128
17198,692.22,96,7.21,2129,2129
17733,692.19,35,19.78,2130,2130
13838,691.73,174,3.98,2131,2131
16212,690.34,41,16.84,2132,2132
18085,689.95,29,23.79,2133,2133
13023,689.9,40,17.25,2134,2134
15181,689.48,16,43.09,2135,2135
18196,689.13,141,4.89,2136,2136
17502,689.1,28,24.61,2137,2137
13799,688.86,39,17.66,2138,2138
16642,688.33,34,20.25,2139,2139
12658,686.05,36,19.06,2140,2140
16122,684.42,38,18.01,2141,2141
16495,684.41,97,7.06,2142,2142
15669,684.34,33,20.74,2143,2143
12942,683.9,75,9.12,2144,2144
17874,683.46,46,14.86,2145,2145
14222,683.17,41,16.66,2146,2146
12838,683.13,123,5.55,2147,2147
15582,682.91,44,15.52,2148,2148
13548,682.41,124,5.5,2149,2149
18135,681.91,20,34.1,2150,2150
12478,680.99,36,18.92,2151,2151
13524,680.18,27,25.19,2152,2152
16872,680.02,7,97.15,2153,2153
15322,679.68,42,16.18,2154,2154
13430,679.45,49,13.87,2155,2155
14788,679.44,30,22.65,2156,2156
17994,678.49,81,8.38,2157,2157
13925,678.25,41,16.54,2158,2158
13607,678.01,98,6.92,2159,2159
13388,677.1,35,19.35,2160,2160
13040,676.99,43,15.74,2161,2161
16377,676.2,5,135.24,2162,2162
15626,675.8,49,13.79,2163,2163
17462,675.69,27,25.03,2164,2164
13325,675.3,12,56.28,2165,2165
16418,675.27,102,6.62,2166,2166
13355,674.7,32,21.08,2167,2167
13464,674.68,41,16.46,2168,2168
17749,674.52,35,19.27,2169,2169
13951,674.45,39,17.29,2170,2170
14504,673.26,107,6.29,2171,2171
18121,673.1,32,21.03,2172,2172
14628,671.96,24,28.0,2173,2173
17883,671.77,145,4.63,2174,2174
12638,671.69,39,17.22,2175,2175
17299,669.11,57,11.74,2176,2176
12418,668.58,34,19.66,2177,2177
14342,668.56,21,31.84,2178,2178
13741,668.43,34,19.66,2179,2179
16383,668.36,102,6.55,2180,2180
15031,668.14,111,6.02,2181,2181
18022,668.11,191,3.5,2182,2182
16268,667.65,45,14.84,2183,2183
15969,666.1,20,33.31,2184,2184
17777,665.86,194,3.43,2185,2185
17105,665.78,90,7.4,2186,2186
16056,664.85,68,9.78,2187,2187
13963,664.54,35,18.99,2188,2188
16208,664.26,66,10.06,2189,2189
15643,664.0,33,20.12,2190,2190
14720,663.81,37,17.94,2191,2191
13240,663.65,67,9.91,2192,2192
16573,663.61,42,15.8,2193,2193
14451,662.59,109,6.08,2194,2194
16014,662.38,145,4.57,2195,2195
18218,662.08,21,31.53,2196,2196
16774,661.52,48,13.78,2197,2197
13028,661.32,45,14.7,2198,2198
14603,660.0,2,330.0,2199,2199
15492,659.46,35,18.84,2200,2200
13518,659.44,38,17.35,2201,2201
13759,659.41,25,26.38,2202,2202
16357,658.88,34,19.38,2203,2203
14150,658.64,26,25.33,2204,2204
17779,658.57,82,8.03,2205,2205
16696,657.9,10,65.79,2206,2206
12577,657.8,147,4.47,2207,2207
14818,657.8,48,13.7,2207,2208
15648,657.35,25,26.29,2209,2209
17459,657.3,111,5.92,2210,2210
15677,657.23,33,19.92,2211,2211
16157,656.69,18,36.48,2212,2212
13049,656.68,14,46.91,2213,2213
16708,656.63,27,24.32,2214,2214
16127,656.25,40,16.41,2215,2215
14894,655.75,23,28.51,2216,2216
16444,654.67,84,7.79,2217,2217
14651,654.6,102,6.42,2218,2218
17398,653.38,38,17.19,2219,2219
18151,653.35,38,17.19,2220,2220
13496,653.33,35,18.67,2221,2221
15205,653.24,37,17.66,2222,2222
14044,652.82,209,3.12,2223,2223
14548,652.8,4,163.2,2224,2224
17523,652.74,33,19.78,2225,2225
14034,651.82,89,7.32,2226,2226
16734,650.51,53,12.27,2227,2227
16469,650.43,182,3.57,2228,2228
15571,650.43,57,11.41,2228,2229
16969,650.41,42,15.49,2230,2230
17373,646.92,57,11.35,2231,2231
12589,646.68,35,18.48,2232,2232
15651,646.3,32,20.2,2233,2233
17545,645.96,145,4.45,2234,2234
14855,645.65,20,32.28,2235,2235
12719,644.95,39,16.54,2236,2236
17312,644.3,14,46.02,2237,2237
16431,642.81,83,7.74,2238,2238
14020,642.8,39,16.48,2239,2239
13034,642.77,37,17.37,2240,2240
15384,642.41,41,15.67,2241,2241
17046,642.02,22,29.18,2242,2242
15297,641.94,39,16.46,2243,2243
12365,641.38,22,29.15,2244,2244
12624,641.13,38,16.87,2245,2245
13417,640.83,28,22.89,2246,2246
13318,640.76,20,32.04,2247,2247
12631,640.5,31,20.66,2248,2248
14301,640.14,13,49.24,2249,2249
15919,639.89,143,4.47,2250,2250
17515,639.02,87,7.35,2251,2251
18160,638.06,39,16.36,2252,2252
14754,638.05,41,15.56,2253,2253
14664,637.89,99,6.44,2254,2254
14128,637.5,46,13.86,2255,2255
14481,636.51,30,21.22,2256,2256
15829,636.14,51,12.47,2257,2257
15773,635.68,10,63.57,2258,2258
14000,635.66,15,42.38,2259,2259
16139,635.41,31,20.5,2260,2260
17985,634.95,23,27.61,2261,2261
13892,632.97,27,23.44,2262,2262
14220,632.4,21,30.11,2263,2263
16306,632.27,41,15.42,2264,2264
18183,632.07,37,17.08,2265,2265
13822,632.0,96,6.58,2266,2266
14021,631.9,22,28.72,2267,2267
15244,631.57,34,18.58,2268,2268
13539,631.34,37,17.06,2269,2269
17990,630.84,29,21.75,2270,2270
13046,629.31,35,17.98,2271,2271
13525,628.78,6,104.8,2272,2272
14687,628.38,15,41.89,2273,2273
16022,628.28,76,8.27,2274,2274
15028,627.13,48,13.07,2275,2275
13546,626.99,98,6.4,2276,2276
15402,626.77,42,14.92,2277,2277
14036,626.65,38,16.49,2278,2278
13914,626.45,33,18.98,2279,2279
14382,626.07,131,4.78,2280,2280
16750,623.93,95,6.57,2281,2281
16718,623.75,45,13.86,2282,2282
12649,623.51,31,20.11,2283,2283
15147,623.5,28,22.27,2284,2284
13368,623.4,29,21.5,2285,2285
15258,623.16,34,18.33,2286,2286
17499,622.88,40,15.57,2287,2287
15182,622.85,29,21.48,2288,2288
17460,622.43,29,21.46,2289,2289
15768,621.83,27,23.03,2290,2290
18217,621.75,31,20.06,2291,2291
16915,621.68,57,10.91,2292,2292
17640,621.66,5,124.33,2293,2293
14152,621.29,49,12.68,2294,2294
13402,621.23,39,15.93,2295,2295
16141,620.4,30,20.68,2296,2296
12667,620.13,33,18.79,2297,2297
14529,620.04,229,2.71,2298,2298
13493,618.63,8,77.33,2299,2299
16613,618.59,30,20.62,2300,2300
13145,618.52,6,103.09,2301,2301
12596,618.27,27,22.9,2302,2302
16134,618.09,35,17.66,2303,2303
13301,618.09,81,7.63,2303,2304
14593,617.99,152,4.07,2305,2305
14377,617.05,11,56.1,2306,2306
16442,616.79,174,3.54,2307,2307
16311,616.26,37,16.66,2308,2308
14905,616.15,17,36.24,2309,2309
16005,615.39,218,2.82,2310,2310
15275,615.14,41,15.0,2311,2311
16566,614.66,18,34.15,2312,2312
16116,612.78,34,18.02,2313,2313
12513,612.29,35,17.49,2314,2314
18149,612.08,16,38.25,2315,2315
15232,612.06,31,19.74,2316,2316
15645,612.01,52,11.77,2317,2317
16109,611.88,18,33.99,2318,2318
16763,611.85,23,26.6,2319,2319
13731,610.59,38,16.07,2320,2320
12673,610.52,42,14.54,2321,2321
15795,610.01,42,14.52,2322,2322
13357,609.95,90,6.78,2323,2323
14636,609.85,28,21.78,2324,2324
13933,608.79,23,26.47,2325,2325
12933,607.53,106,5.73,2326,2326
15573,607.45,104,5.84,2327,2327
17119,606.91,35,17.34,2328,2328
14710,606.13,139,4.36,2329,2329
17849,605.8,26,23.3,2330,2330
14133,605.64,28,21.63,2331,2331
13888,605.63,40,15.14,2332,2332
17507,605.58,88,6.88,2333,2333
13233,605.12,43,14.07,2334,2334
14323,605.06,36,16.81,2335,2335
13558,605.06,175,3.46,2335,2336
14675,604.75,102,5.93,2337,2337
17664,604.64,43,14.06,2338,2338
12944,604.51,30,20.15,2339,2339
16732,603.75,28,21.56,2340,2340
12556,603.71,121,4.99,2341,2341
12707,603.42,33,18.29,2342,2342
17259,603.37,124,4.87,2343,2343
15366,602.51,44,13.69,2344,2344
17890,602.09,94,6.41,2345,2345
12654,601.98,38,15.84,2346,2346
14609,601.56,4,150.39,2347,2347
16654,601.27,29,20.73,2348,2348
12420,600.39,29,20.7,2349,2349
18211,600.07,42,14.29,2350,2350
13243,600.07,58,10.35,2350,2351
12872,599.97,66,9.09,2352,2352
12521,599.68,38,15.78,2353,2353
14965,599.0,83,7.22,2354,2354
17420,598.83,30,19.96,2355,2355
14467,598.76,90,6.65,2356,2356
15720,598.73,128,4.68,2357,2357
13311,598.57,26,23.02,2358,2358
13959,598.2,92,6.5,2359,2359
16298,598.2,27,22.16,2359,2360
14108,597.91,34,17.59,2361,2361
17864,597.5,102,5.86,2362,2362
16788,597.48,155,3.85,2363,2363
14645,597.09,30,19.9,2364,2364
15381,596.85,8,74.61,2365,2365
18246,596.1,4,149.03,2366,2366
17658,595.42,19,31.34,2367,2367
14284,595.25,32,18.6,2368,2368
16325,594.24,18,33.01,2369,2369
15442,594.0,2,297.0,2370,2370
12917,594.0,2,297.0,2370,2371
16535,593.75,31,19.15,2372,2372
18232,592.97,37,16.03,2373,2373
16203,592.9,35,16.94,2374,2374
14692,591.55,68,8.7,2375,2375
13276,590.93,30,19.7,2376,2376
13270,590.0,1,590.0,2377,2377
13452,590.0,2,295.0,2377,2378
14882,589.7,11,53.61,2379,2379
18123,589.44,36,16.37,2380,2380
16723,589.15,43,13.7,2381,2381
16838,588.85,25,23.55,2382,2382
14338,588.22,31,18.97,2383,2383
15624,588.13,34,17.3,2384,2384
17351,587.15,27,21.75,2385,2385
17014,586.33,74,7.92,2386,2386
17360,585.79,132,4.44,2387,2387
12384,585.27,27,21.68,2388,2388
15222,585.0,5,117.0,2389,2389
16384,584.5,33,17.71,2390,2390
16072,584.32,23,25.41,2391,2391
14023,584.07,31,18.84,2392,2392
13557,584.06,34,17.18,2393,2393
15762,583.75,37,15.78,2394,2394
12426,582.73,30,19.42,2395,2395
13427,582.6,29,20.09,2396,2396
17970,582.59,31,18.79,2397,2397
12695,582.1,27,21.56,2398,2398
18095,580.05,21,27.62,2399,2399
16906,579.77,93,6.23,2400,2400
17142,579.0,15,38.6,2401,2401
13292,578.94,31,18.68,2402,2402
17540,578.9,25,23.16,2403,2403
12601,577.06,28,20.61,2404,2404
14176,576.9,31,18.61,2405,2405
16916,576.26,143,4.03,2406,2406
15830,576.0,39,14.77,2407,2407
15550,575.63,61,9.44,2408,2408
16345,575.41,38,15.14,2409,2409
13487,575.4,34,16.92,2410,2410
14167,574.84,52,11.05,2411,2411
14400,574.7,25,22.99,2412,2412
12784,574.42,59,9.74,2413,2413
15339,574.07,86,6.68,2414,2414
15303,574.02,31,18.52,2415,2415
12879,573.22,10,57.32,2416,2416
15415,572.81,48,11.93,2417,2417
13379,572.56,97,5.9,2418,2418
13405,572.45,27,21.2,2419,2419
12816,572.2,29,19.73,2420,2420
13816,571.67,28,20.42,2421,2421
17616,571.2,3,190.4,2422,2422
15821,570.96,62,9.21,2423,2423
15315,570.5,37,15.42,2424,2424
14592,570.46,164,3.48,2425,2425
16667,570.13,53,10.76,2426,2426
13939,568.55,45,12.63,2427,2427
13321,567.36,11,51.58,2428,2428
17897,566.6,114,4.97,2429,2429
18150,566.58,37,15.31,2430,2430
16278,566.38,23,24.63,2431,2431
13894,564.62,27,20.91,2432,2432
15344,563.94,26,21.69,2433,2433
16933,563.23,44,12.8,2434,2434
14753,563.15,30,18.77,2435,2435
17265,562.9,127,4.43,2436,2436
12414,562.41,18,31.25,2437,2437
12559,561.71,21,26.75,2438,2438
13946,561.57,11,51.05,2439,2439
15655,560.67,34,16.49,2440,2440
13044,560.47,33,16.98,2441,2441
14273,559.97,29,19.31,2442,2442
16275,559.87,33,16.97,2443,2443
18043,559.51,121,4.62,2444,2444
14177,559.41,42,13.32,2445,2445
12866,559.12,26,21.5,2446,2446
17503,558.96,38,14.71,2447,2447
12987,558.7,28,19.95,2448,2448
13800,558.32,33,16.92,2449,2449
13260,557.62,8,69.7,2450,2450
17955,557.3,19,29.33,2451,2451
17295,556.95,69,8.07,2452,2452
16385,555.89,59,9.42,2453,2453
14805,554.65,47,11.8,2454,2454
14891,554.38,33,16.8,2455,2455
14618,553.44,16,34.59,2456,2456
15068,553.36,104,5.32,2457,2457
12363,552.0,23,24.0,2458,2458
17674,551.04,27,20.41,2459,2459
17291,550.8,1,550.8,2460,2460
17235,550.06,29,18.97,2461,2461
12390,549.84,32,17.18,2462,2462
16340,549.07,153,3.59,2463,2463
16536,548.97,55,9.98,2464,2464
16031,548.94,100,5.49,2465,2465
14474,547.66,29,18.88,2466,2466
16811,547.07,28,19.54,2467,2467
17637,547.06,35,15.63,2468,2468
16211,547.02,23,23.78,2469,2469
17520,546.81,30,18.23,2470,2470
12743,546.43,134,4.08,2471,2471
14997,546.2,26,21.01,2472,2472
17806,546.04,43,12.7,2473,2473
12793,545.48,24,22.73,2474,2474
16475,544.3,28,19.44,2475,2475
13617,544.18,44,12.37,2476,2476
13390,544.08,13,41.85,2477,2477
16927,543.05,6,90.51,2478,2478
13278,542.73,46,11.8,2479,2479
16230,542.03,35,15.49,2480,2480
17447,541.53,36,15.04,2481,2481
17557,541.46,34,15.93,2482,2482
13874,540.45,18,30.03,2483,2483
13812,539.0,36,14.97,2484,2484
14496,538.81,19,28.36,2485,2485
15452,538.73,58,9.29,2486,2486
15469,538.55,24,22.44,2487,2487
15539,538.46,41,13.13,2488,2488
17062,538.37,70,7.69,2489,2489
17345,537.74,87,6.18,2490,2490
14539,537.48,32,16.8,2491,2491
16206,537.06,63,8.52,2492,2492
15043,537.0,3,179.0,2493,2493
16804,536.99,60,8.95,2494,2494
16233,536.68,22,24.39,2495,2495
15535,536.4,75,7.15,2496,2496
16142,535.34,37,14.47,2497,2497
12988,535.32,92,5.82,2498,2498
13000,534.85,31,17.25,2499,2499
13385,534.57,35,15.27,2500,2500
17443,534.24,1,534.24,2501,2501
13434,534.24,10,53.42,2501,2502
13217,533.98,4,133.5,2503,2503
15433,533.3,41,13.01,2504,2504
15756,532.96,192,2.78,2505,2505
15825,532.94,20,26.65,2506,2506
16706,531.35,123,4.32,2507,2507
14265,530.18,31,17.1,2508,2508
18159,530.15,23,23.05,2509,2509
14002,529.73,47,11.27,2510,2510
14463,529.62,6,88.27,2511,2511
16185,529.41,31,17.08,2512,2512
17631,528.33,39,13.55,2513,2513
16602,528.08,29,18.21,2514,2514
12479,527.2,31,17.01,2515,2515
17623,527.05,33,15.97,2516,2516
18252,526.67,98,5.37,2517,2517
16892,525.54,99,5.31,2518,2518
17290,525.24,102,5.15,2519,2519
17429,524.92,39,13.46,2520,2520
15467,524.88,52,10.09,2521,2521
15891,524.52,62,8.46,2522,2522
13721,524.14,28,18.72,2523,2523
17329,523.11,33,15.85,2524,2524
18017,523.0,3,174.33,2525,2525
17712,522.91,29,18.03,2526,2526
14871,522.38,98,5.33,2527,2527
12863,521.2,5,104.24,2528,2528
15149,520.8,23,22.64,2529,2529
14873,519.68,28,18.56,2530,2530
12571,519.61,34,15.28,2531,2531
13643,519.44,28,18.55,2532,2532
16955,518.67,25,20.75,2533,2533
16650,518.42,24,21.6,2534,2534
15030,518.28,7,74.04,2535,2535
16135,517.55,21,24.65,2536,2536
17454,517.53,61,8.48,2537,2537
18205,517.36,32,16.17,2538,2538
13043,516.42,13,39.72,2539,2539
15882,516.36,23,22.45,2540,2540
15809,515.77,35,14.74,2541,2541
12811,514.85,31,16.61,2542,2542
15246,514.15,33,15.58,2543,2543
13005,513.7,26,19.76,2544,2544
17513,513.2,6,85.53,2545,2545
17805,512.31,10,51.23,2546,2546
17480,511.82,29,17.65,2547,2547
12582,511.36,22,23.24,2548,2548
14851,511.35,28,18.26,2549,2549
16561,511.12,31,16.49,2550,2550
15406,510.71,53,9.64,2551,2551
12904,509.58,72,7.08,2552,2552
12436,509.01,16,31.81,2553,2553
16898,508.81,162,3.14,2554,2554
17391,508.8,3,169.6,2555,2555
15417,508.8,28,18.17,2555,2556
14317,508.58,24,21.19,2557,2557
17958,508.46,7,72.64,2558,2558
17415,507.84,14,36.27,2559,2559
14158,507.66,41,12.38,2560,2560
14820,507.29,29,17.49,2561,2561
15721,507.08,91,5.57,2562,2562
16960,507.05,101,5.02,2563,2563
13885,506.8,28,18.1,2564,2564
16614,506.19,26,19.47,2565,2565
14014,505.18,39,12.95,2566,2566
15081,504.8,33,15.3,2567,2567
12991,503.76,31,16.25,2568,2568
17630,503.6,26,19.37,2569,2569
16863,502.8,26,19.34,2570,2570
15006,502.09,144,3.49,2571,2571
13865,501.56,30,16.72,2572,2572
15881,501.39,29,17.29,2573,2573
13116,501.14,30,16.7,2574,2574
13247,501.12,25,20.04,2575,2575
16616,500.42,33,15.16,2576,2576
15389,500.0,1,500.0,2577,2577
14958,499.68,42,11.9,2578,2578
14077,499.42,42,11.89,2579,2579
15193,499.32,19,26.28,2580,2580
14681,498.95,7,71.28,2581,2581
16488,498.8,29,17.2,2582,2582
15142,498.74,26,19.18,2583,2583
17053,498.48,13,38.34,2584,2584
17298,498.42,30,16.61,2585,2585
16820,497.61,26,19.14,2586,2586
17495,497.56,27,18.43,2587,2587
16368,497.43,76,6.55,2588,2588
15300,496.44,28,17.73,2589,2589
15018,496.21,31,16.01,2590,2590
17374,495.77,28,17.71,2591,2591
15448,494.64,28,17.67,2592,2592
16352,494.44,28,17.66,2593,2593
17333,494.25,28,17.65,2594,2594
12763,494.08,18,27.45,2595,2595
15877,493.28,129,3.82,2596,2596
13176,492.84,72,6.85,2597,2597
14270,492.65,29,16.99,2598,2598
15507,492.36,46,10.7,2599,2599
13732,491.86,33,14.9,2600,2600
14236,490.86,15,32.72,2601,2601
15000,490.52,77,6.37,2602,2602
14416,490.22,14,35.02,2603,2603
18074,489.6,13,37.66,2604,2604
12809,489.31,25,19.57,2605,2605
17361,488.2,29,16.83,2606,2606
14396,487.99,73,6.68,2607,2607
15165,487.75,27,18.06,2608,2608
16643,487.51,27,18.06,2609,2609
13338,487.02,19,25.63,2610,2610
13675,486.82,25,19.47,2611,2611
17453,486.72,19,25.62,2612,2612
15287,486.69,20,24.33,2613,2613
13153,486.22,15,32.41,2614,2614
12639,486.1,22,22.1,2615,2615
15109,484.95,28,17.32,2616,2616
16999,484.82,23,21.08,2617,2617
16504,484.38,86,5.63,2618,2618
16518,484.32,40,12.11,2619,2619
14130,483.86,67,7.22,2620,2620
13531,483.8,22,21.99,2621,2621
12808,483.65,28,17.27,2622,2622
14147,483.4,5,96.68,2623,2623
17555,483.26,106,4.56,2624,2624
14450,483.25,40,12.08,2625,2625
16603,482.47,34,14.19,2626,2626
17950,482.2,71,6.79,2627,2627
12504,482.05,9,53.56,2628,2628
16693,482.01,60,8.03,2629,2629
18216,481.75,26,18.53,2630,2630
15091,480.71,30,16.02,2631,2631
16812,479.35,15,31.96,2632,2632
16008,478.78,33,14.51,2633,2633
15589,478.53,29,16.5,2634,2634
16768,478.09,54,8.85,2635,2635
12644,477.91,31,15.42,2636,2636
13092,477.83,25,19.11,2637,2637
14320,477.79,31,15.41,2638,2638
12447,476.49,26,18.33,2639,2639
18176,476.35,30,15.88,2640,2640
14853,475.8,9,52.87,2641,2641
14497,475.37,29,16.39,2642,2642
15780,475.28,29,16.39,2643,2643
15349,473.81,72,6.58,2644,2644
15557,473.65,20,23.68,2645,2645
16374,473.03,111,4.26,2646,2646
14013,473.02,34,13.91,2647,2647
16038,471.78,26,18.15,2648,2648
17964,471.7,104,4.54,2649,2649
16885,471.51,101,4.67,2650,2650
13066,470.8,48,9.81,2651,2651
15963,470.76,28,16.81,2652,2652
14431,470.36,17,27.67,2653,2653
15471,469.48,77,6.1,2654,2654
15026,469.0,61,7.69,2655,2655
14896,468.77,43,10.9,2656,2656
13171,468.41,46,10.18,2657,2657
14335,468.26,63,7.43,2658,2658
14029,467.66,15,31.18,2659,2659
15468,467.51,24,19.48,2660,2660
13579,467.04,23,20.31,2661,2661
14205,466.7,24,19.45,2662,2662
13248,465.68,26,17.91,2663,2663
15036,465.55,127,3.67,2664,2664
17140,465.32,20,23.27,2665,2665
16742,464.9,1,464.9,2666,2666
13928,464.57,27,17.21,2667,2667
16586,463.95,8,57.99,2668,2668
14967,463.8,6,77.3,2669,2669
12787,463.66,20,23.18,2670,2670
17418,463.46,30,15.45,2671,2671
14489,463.38,30,15.45,2672,2672
12945,462.95,23,20.13,2673,2673
14331,462.66,28,16.52,2674,2674
14470,461.19,43,10.73,2675,2675
12391,460.89,100,4.61,2676,2676
16824,460.64,26,17.72,2677,2677
16805,460.59,98,4.7,2678,2678
12491,460.4,26,17.71,2679,2679
12355,459.4,13,35.34,2680,2680
16589,459.24,33,13.92,2681,2681
17880,458.92,26,17.65,2682,2682
15754,458.57,28,16.38,2683,2683
13506,458.52,26,17.64,2684,2684
17392,457.91,62,7.39,2685,2685
15092,457.81,26,17.61,2686,2686
15121,457.72,28,16.35,2687,2687
12375,457.5,17,26.91,2688,2688
13398,457.34,26,17.59,2689,2689
12564,456.9,21,21.76,2690,2690
12999,455.88,28,16.28,2691,2691
14513,455.59,12,37.97,2692,2692
15585,455.3,31,14.69,2693,2693
16529,455.25,30,15.18,2694,2694
13485,454.24,23,19.75,2695,2695
15475,454.11,29,15.66,2696,2696
17564,454.01,49,9.27,2697,2697
18158,453.4,34,13.34,2698,2698
12729,453.01,26,17.42,2699,2699
18071,453.0,25,18.12,2700,2700
14184,452.89,24,18.87,2701,2701
12591,452.85,26,17.42,2702,2702
12970,452.24,151,2.99,2703,2703
16574,451.44,28,16.12,2704,2704
15802,451.42,1,451.42,2705,2705
14173,450.84,29,15.55,2706,2706
17040,449.73,15,29.98,2707,2707
13489,449.52,14,32.11,2708,2708
12448,449.45,22,20.43,2709,2709
15739,449.12,8,56.14,2710,2710
17579,448.9,50,8.98,2711,2711
14780,447.68,27,16.58,2712,2712
15646,447.64,35,12.79,2713,2713
15456,447.22,60,7.45,2714,2714
15368,446.94,4,111.74,2715,2715
15889,446.87,93,4.81,2716,2716
14149,446.62,28,15.95,2717,2717
17370,446.18,33,13.52,2718,2718
17190,444.74,19,23.41,2719,2719
18006,444.68,22,20.21,2720,2720
14638,443.6,16,27.73,2721,2721
16404,443.05,23,19.26,2722,2722
18222,443.0,19,23.32,2723,2723
14093,442.85,105,4.22,2724,2724
12579,440.42,29,15.19,2725,2725
18233,440.0,1,440.0,2726,2726
14022,440.0,28,15.71,2726,2727
15524,440.0,1,440.0,2726,2728
13954,439.92,25,17.6,2729,2729
16025,439.66,28,15.7,2730,2730
13359,439.56,23,19.11,2731,2731
16968,439.43,31,14.18,2732,2732
13358,439.03,29,15.14,2733,2733
14272,437.96,33,13.27,2734,2734
12552,437.82,20,21.89,2735,2735
16034,437.7,22,19.9,2736,2736
12592,437.6,18,24.31,2737,2737
15553,437.23,56,7.81,2738,2738
16084,436.18,38,11.48,2739,2739
15551,436.06,29,15.04,2740,2740
16948,435.02,19,22.9,2741,2741
14910,434.35,30,14.48,2742,2742
14460,434.34,16,27.15,2743,2743
12493,433.74,22,19.72,2744,2744
17035,433.53,28,15.48,2745,2745
14157,432.88,48,9.02,2746,2746
16236,432.2,20,21.61,2747,2747
16881,432.0,1,432.0,2748,2748
15976,430.94,98,4.4,2749,2749
18106,430.7,39,11.04,2750,2750
12452,430.57,22,19.57,2751,2751
13245,430.5,16,26.91,2752,2752
12795,430.48,14,30.75,2753,2753
12827,430.15,25,17.21,2754,2754
14998,429.87,75,5.73,2755,2755
16884,429.84,26,16.53,2756,2756
15450,429.84,30,14.33,2756,2757
15230,429.6,23,18.68,2758,2758
13602,428.89,23,18.65,2759,2759
15957,428.89,42,10.21,2759,2760
16324,428.68,118,3.63,2761,2761
17869,428.18,40,10.7,2762,2762
15360,427.93,13,32.92,2763,2763
12725,427.8,24,17.83,2764,2764
12403,427.7,5,85.54,2765,2765
12740,427.6,27,15.84,2766,2766
12802,427.58,25,17.1,2767,2767
15994,427.07,35,12.2,2768,2768
17223,426.79,49,8.71,2769,2769
15930,426.63,21,20.32,2770,2770
14288,426.6,16,26.66,2771,2771
15639,425.32,25,17.01,2772,2772
16780,425.19,60,7.09,2773,2773
17134,425.0,24,17.71,2774,2774
17371,423.89,87,4.87,2775,2775
13140,423.72,46,9.21,2776,2776
16119,423.36,16,26.46,2777,2777
15012,423.04,128,3.3,2778,2778
18034,422.88,112,3.78,2779,2779
17525,422.7,9,46.97,2780,2780
13473,422.64,21,20.13,2781,2781
16689,422.6,13,32.51,2782,2782
18240,422.58,6,70.43,2783,2783
17232,421.52,36,11.71,2784,2784
14757,420.5,19,22.13,2785,2785
15206,420.3,9,46.7,2786,2786
14124,419.58,5,83.92,2787,2787
15361,418.92,7,59.85,2788,2788
15967,418.83,84,4.99,2789,2789
12593,418.1,21,19.91,2790,2790
17701,417.95,24,17.41,2791,2791
16629,417.73,64,6.53,2792,2792
13615,417.69,23,18.16,2793,2793
16737,417.6,1,417.6,2794,2794
12833,417.38,24,17.39,2795,2795
18001,417.23,58,7.19,2796,2796
13166,417.2,41,10.18,2797,2797
16816,417.06,28,14.9,2798,2798
13889,416.9,15,27.79,2799,2799
15935,416.86,12,34.74,2800,2800
16957,416.64,16,26.04,2801,2801
13085,416.08,22,18.91,2802,2802
14139,415.82,26,15.99,2803,2803
15803,415.82,8,51.98,2803,2804
12930,415.8,25,16.63,2805,2805
12580,415.7,24,17.32,2806,2806
15725,415.25,32,12.98,2807,2807
14333,415.2,15,27.68,2808,2808
16795,414.88,66,6.29,2809,2809
12993,414.76,27,15.36,2810,2810
16239,414.2,19,21.8,2811,2811
17483,414.04,21,19.72,2812,2812
17052,413.75,92,4.5,2813,2813
13974,413.59,28,14.77,2814,2814
16834,413.46,24,17.23,2815,2815
14620,412.78,26,15.88,2816,2816
13827,412.05,93,4.43,2817,2817
15523,412.01,10,41.2,2818,2818
16272,411.7,25,16.47,2819,2819
17913,411.6,59,6.98,2820,2820
14670,411.53,132,3.12,2821,2821
15186,411.41,19,21.65,2822,2822
15099,410.48,23,17.85,2823,2823
15695,409.98,22,18.64,2824,2824
14048,409.93,85,4.82,2825,2825
14348,409.57,18,22.75,2826,2826
12990,409.5,13,31.5,2827,2827
15225,409.4,23,17.8,2828,2828
16243,409.1,51,8.02,2829,2829
16018,408.9,28,14.6,2830,2830
15269,408.8,2,204.4,2831,2831
16399,408.57,73,5.6,2832,2832
17931,408.36,65,6.28,2833,2833
16010,407.5,86,4.74,2834,2834
15184,406.76,63,6.46,2835,2835
15127,406.53,16,25.41,2836,2836
16947,406.48,21,19.36,2837,2837
15342,406.09,24,16.92,2838,2838
14616,406.08,3,135.36,2839,2839
16204,405.71,57,7.12,2840,2840
18036,405.62,96,4.23,2841,2841
12922,405.38,28,14.48,2842,2842
17379,404.66,83,4.88,2843,2843
15938,404.58,18,22.48,2844,2844
16319,404.4,3,134.8,2845,2845
16484,404.3,25,16.17,2846,2846
12498,403.7,23,17.55,2847,2847
17431,403.3,43,9.38,2848,2848
15221,403.25,5,80.65,2849,2849
12386,401.9,10,40.19,2850,2850
15158,401.4,7,57.34,2851,2851
16500,400.86,11,36.44,2852,2852
16198,400.68,15,26.71,2853,2853
12792,400.54,25,16.02,2854,2854
17375,400.1,69,5.8,2855,2855
18164,399.65,24,16.65,2856,2856
13255,399.51,13,30.73,2857,2857
18154,399.19,21,19.01,2858,2858
15522,398.84,57,7.0,2859,2859
17830,398.7,23,17.33,2860,2860
12508,398.27,69,5.77,2861,2861
13352,397.98,24,16.58,2862,2862
15429,397.35,82,4.85,2863,2863
17926,397.29,21,18.92,2864,2864
12824,397.12,25,15.88,2865,2865
13594,396.97,26,15.27,2866,2866
13673,396.92,65,6.11,2867,2867
17486,396.87,24,16.54,2868,2868
15883,396.48,49,8.09,2869,2869
18067,396.33,37,10.71,2870,2870
16354,395.8,39,10.15,2871,2871
17603,394.72,11,35.88,2872,2872
14619,394.44,20,19.72,2873,2873
16207,394.38,19,20.76,2874,2874
15386,394.14,31,12.71,2875,2875
15264,393.74,23,17.12,2876,2876
15345,393.54,20,19.68,2877,2877
17226,393.49,21,18.74,2878,2878
14600,393.33,25,15.73,2879,2879
15837,391.98,24,16.33,2880,2880
16917,391.52,9,43.5,2881,2881
12982,390.54,28,13.95,2882,2882
17614,390.07,100,3.9,2883,2883
17936,389.84,77,5.06,2884,2884
18024,389.78,21,18.56,2885,2885
14752,389.64,5,77.93,2886,2886
13873,389.6,23,16.94,2887,2887
13345,389.5,20,19.48,2888,2888
16250,389.44,24,16.23,2889,2889
15847,389.27,22,17.69,2890,2890
12690,389.01,16,24.31,2891,2891
17595,388.79,83,4.68,2892,2892
15592,388.58,24,16.19,2893,2893
13899,388.52,19,20.45,2894,2894
13856,388.5,14,27.75,2895,2895
17438,388.45,17,22.85,2896,2896
16776,388.28,76,5.11,2897,2897
14538,388.25,19,20.43,2898,2898
17357,388.14,45,8.63,2899,2899
17817,387.68,33,11.75,2900,2900
14420,387.52,29,13.36,2901,2901
17508,387.31,22,17.61,2902,2902
14114,386.53,15,25.77,2903,2903
15664,386.43,17,22.73,2904,2904
14779,386.15,41,9.42,2905,2905
13821,385.64,59,6.54,2906,2906
17711,385.1,23,16.74,2907,2907
13919,384.81,28,13.74,2908,2908
13833,384.8,29,13.27,2909,2909
17250,384.52,57,6.75,2910,2910
17189,384.4,61,6.3,2911,2911
17205,384.08,13,29.54,2912,2912
16982,384.06,22,17.46,2913,2913
15048,384.05,97,3.96,2914,2914
12733,383.95,22,17.45,2915,2915
12515,383.7,16,23.98,2916,2916
15440,383.68,62,6.19,2917,2917
14304,383.45,17,22.56,2918,2918
15424,383.34,17,22.55,2919,2919
12832,383.03,27,14.19,2920,2920
13817,382.98,24,15.96,2921,2921
18181,382.8,44,8.7,2922,2922
17239,382.5,15,25.5,2923,2923
13657,382.14,16,23.88,2924,2924
17999,382.06,93,4.11,2925,2925
15090,381.32,23,16.58,2926,2926
16441,381.2,24,15.88,2927,2927
12871,380.64,11,34.6,2928,2928
17573,380.6,25,15.22,2929,2929
16930,380.55,54,7.05,2930,2930
17138,380.5,24,15.85,2931,2931
12890,380.47,82,4.64,2932,2932
16769,380.39,40,9.51,2933,2933
17031,380.35,22,17.29,2934,2934
14731,380.02,45,8.44,2935,2935
14594,379.83,53,7.17,2936,2936
16552,379.73,17,22.34,2937,2937
13656,379.65,49,7.75,2938,2938
13589,379.65,21,18.08,2938,2939
17878,379.45,26,14.59,2940,2940
15885,379.35,18,21.08,2941,2941
16909,379.14,18,21.06,2942,2942
13372,378.64,23,16.46,2943,2943
17078,378.2,28,13.51,2944,2944
17736,377.44,25,15.1,2945,2945
15025,377.01,72,5.24,2946,2946
17489,376.64,29,12.99,2947,2947
13936,376.58,26,14.48,2948,2948
16858,375.69,10,37.57,2949,2949
14448,375.35,20,18.77,2950,2950
14079,375.1,12,31.26,2951,2951
16147,375.0,22,17.05,2952,2952
14067,374.7,52,7.21,2953,2953
17492,374.57,12,31.21,2954,2954
12873,374.0,4,93.5,2955,2955
13351,373.94,16,23.37,2956,2956
13569,373.75,85,4.4,2957,2957
16321,373.65,12,31.14,2958,2958
16903,373.24,60,6.22,2959,2959
12895,372.8,22,16.95,2960,2960
12544,372.7,19,19.62,2961,2961
12981,372.22,20,18.61,2962,2962
16065,372.09,74,5.03,2963,2963
13300,371.89,20,18.59,2964,2964
17765,371.88,57,6.52,2965,2965
14690,371.7,50,7.43,2966,2966
18155,371.62,25,14.86,2967,2967
15472,371.56,76,4.89,2968,2968
14950,371.2,19,19.54,2969,2969
15975,371.01,24,15.46,2970,2970
15063,370.8,5,74.16,2971,2971
16343,370.48,47,7.88,2972,2972
15922,369.5,11,33.59,2973,2973
16758,369.34,22,16.79,2974,2974
14888,369.2,20,18.46,2975,2975
16372,367.93,97,3.79,2976,2976
17911,366.23,39,9.39,2977,2977
17358,365.85,59,6.2,2978,2978
17432,365.76,48,7.62,2979,2979
16499,365.45,19,19.23,2980,2980
16202,365.27,18,20.29,2981,2981
14886,364.8,18,20.27,2982,2982
15949,364.72,19,19.2,2983,2983
12373,364.6,14,26.04,2984,2984
15343,364.5,21,17.36,2985,2985
14528,364.22,18,20.23,2986,2986
12538,363.95,21,17.33,2987,2987
17330,363.9,6,60.65,2988,2988
15901,363.88,116,3.14,2989,2989
14171,363.79,58,6.27,2990,2990
16509,363.7,13,27.98,2991,2991
12915,363.65,22,16.53,2992,2992
18056,363.65,19,19.14,2992,2993
16485,363.65,42,8.66,2992,2994
14932,363.53,17,21.38,2995,2995
14427,363.34,17,21.37,2996,2996
16378,362.95,23,15.78,2997,2997
16052,362.06,34,10.65,2998,2998
13844,361.62,20,18.08,2999,2999
16305,361.22,22,16.42,3000,3000
13291,361.11,42,8.6,3001,3001
15872,360.93,128,2.82,3002,3002
16595,360.16,85,4.24,3003,3003
13780,360.01,57,6.32,3004,3004
13298,360.0,2,180.0,3005,3005
15120,358.82,21,17.09,3006,3006
17948,358.56,1,358.56,3007,3007
16823,358.38,38,9.43,3008,3008
13228,358.0,2,179.0,3009,3009
13976,357.98,10,35.8,3010,3010
16274,357.95,67,5.34,3011,3011
17025,357.77,9,39.75,3012,3012
16971,357.21,41,8.71,3013,3013
18040,357.2,19,18.8,3014,3014
13453,356.98,17,21.0,3015,3015
14500,356.85,7,50.98,3016,3016
15713,356.7,19,18.77,3017,3017
15247,356.0,6,59.33,3018,3018
15840,355.56,27,13.17,3019,3019
14537,355.56,10,35.56,3019,3020
12617,355.53,42,8.47,3021,3021
17742,355.11,15,23.67,3022,3022
13642,354.8,66,5.38,3023,3023
17222,354.15,28,12.65,3024,3024
12888,354.12,5,70.82,3025,3025
12845,354.09,27,13.11,3026,3026
15870,354.09,76,4.66,3026,3027
17252,353.86,87,4.07,3028,3028
12715,353.86,21,16.85,3028,3029
13173,353.65,43,8.22,3030,3030
13210,353.48,22,16.07,3031,3031
13343,353.43,19,18.6,3032,3032
14804,353.27,12,29.44,3033,3033
17976,353.19,65,5.43,3034,3034
15678,352.7,12,29.39,3035,3035
18112,352.69,26,13.57,3036,3036
15334,351.67,99,3.55,3037,3037
12566,351.65,19,18.51,3038,3038
15789,351.3,25,14.05,3039,3039
13923,351.13,20,17.56,3040,3040
15900,351.11,51,6.88,3041,3041
13332,350.9,21,16.71,3042,3042
13740,350.75,23,15.25,3043,3043
17835,350.64,61,5.75,3044,3044
17795,350.39,46,7.62,3045,3045
13108,350.06,10,35.01,3046,3046
12532,349.83,16,21.86,3047,3047
13670,349.7,25,13.99,3048,3048
13887,349.55,19,18.4,3049,3049
18250,349.27,21,16.63,3050,3050
15405,349.1,8,43.64,3051,3051
13927,348.99,21,16.62,3052,3052
13790,348.8,45,7.75,3053,3053
18127,348.73,47,7.42,3054,3054
12527,348.71,18,19.37,3055,3055
15579,348.6,51,6.84,3056,3056
16159,348.2,14,24.87,3057,3057
13052,348.15,18,19.34,3058,3058
14379,348.1,46,7.57,3059,3059
13497,348.05,19,18.32,3060,3060
17668,347.75,15,23.18,3061,3061
13062,346.98,11,31.54,3062,3062
13649,346.6,23,15.07,3063,3063
16423,346.12,18,19.23,3064,3064
13091,345.82,21,16.47,3065,3065
15781,345.46,20,17.27,3066,3066
17123,345.3,9,38.37,3067,3067
13774,345.0,22,15.68,3068,3068
14633,344.9,20,17.25,3069,3069
16978,344.33,39,8.83,3070,3070
17569,344.14,29,11.87,3071,3071
13068,344.0,2,172.0,3072,3072
15047,343.62,22,15.62,3073,3073
15520,343.5,18,19.08,3074,3074
18081,343.45,17,20.2,3075,3075
15880,343.28,105,3.27,3076,3076
12875,343.23,2,171.62,3077,3077
17201,342.63,40,8.57,3078,3078
16851,342.45,20,17.12,3079,3079
16826,341.7,22,15.53,3080,3080
13347,341.36,8,42.67,3081,3081
17917,341.28,94,3.63,3082,3082
14491,340.93,17,20.05,3083,3083
12519,340.84,18,18.94,3084,3084
15115,340.11,21,16.2,3085,3085
13737,339.6,30,11.32,3086,3086
17045,339.44,22,15.43,3087,3087
16545,339.3,3,113.1,3088,3088
17697,338.95,19,17.84,3089,3089
17839,338.8,56,6.05,3090,3090
16183,338.71,15,22.58,3091,3091
15652,337.74,21,16.08,3092,3092
15942,337.44,14,24.1,3093,3093
13930,337.34,17,19.84,3094,3094
17973,337.04,15,22.47,3095,3095
16105,336.96,13,25.92,3096,3096
17914,336.43,80,4.21,3097,3097
17384,336.4,15,22.43,3098,3098
15619,336.4,3,112.13,3098,3099
14954,336.17,85,3.95,3100,3100
18078,336.13,29,11.59,3101,3101
15921,336.03,25,13.44,3102,3102
18276,335.86,14,23.99,3103,3103
14196,335.52,6,55.92,3104,3104
16063,335.32,23,14.58,3105,3105
17221,335.13,63,5.32,3106,3106
12489,334.93,15,22.33,3107,3107
14988,334.54,40,8.36,3108,3108
15466,334.53,57,5.87,3109,3109
12350,334.4,17,19.67,3110,3110
15918,334.23,40,8.36,3111,3111
14264,333.97,17,19.65,3112,3112
13216,333.74,5,66.75,3113,3113
13727,333.48,20,16.67,3114,3114
16625,333.08,23,14.48,3115,3115
14902,332.66,20,16.63,3116,3116
13904,332.64,26,12.79,3117,3117
16850,332.41,19,17.5,3118,3118
16803,332.3,24,13.85,3119,3119
16177,331.95,15,22.13,3120,3120
16030,331.24,29,11.42,3121,3121
15210,331.18,20,16.56,3122,3122
12891,331.0,3,110.33,3123,3123
16478,331.0,17,19.47,3123,3124
17862,330.9,11,30.08,3125,3125
15714,330.88,35,9.45,3126,3126
13706,330.79,20,16.54,3127,3127
14517,330.45,18,18.36,3128,3128
15130,330.11,22,15.01,3129,3129
16593,330.03,27,12.22,3130,3130
12953,329.85,17,19.4,3131,3131
14716,329.68,55,5.99,3132,3132
17866,329.65,9,36.63,3133,3133
17615,329.6,14,23.54,3134,3134
13239,329.56,21,15.69,3135,3135
17154,329.34,23,14.32,3136,3136
15153,329.25,22,14.97,3137,3137
14012,328.8,11,29.89,3138,3138
16855,328.4,19,17.28,3139,3139
15213,328.35,24,13.68,3140,3140
14747,328.2,18,18.23,3141,3141
14206,328.16,20,16.41,3142,3142
16318,328.15,19,17.27,3143,3143
15314,327.97,24,13.67,3144,3144
14024,327.7,16,20.48,3145,3145
16366,327.3,18,18.18,3146,3146
14870,327.25,13,25.17,3147,3147
16322,326.75,37,8.83,3148,3148
14987,326.4,4,81.6,3149,3149
17715,326.4,1,326.4,3149,3150
16071,326.24,21,15.54,3151,3151
15363,326.0,16,20.38,3152,3152
12844,325.96,52,6.27,3153,3153
16830,325.91,23,14.17,3154,3154
14850,325.75,21,15.51,3155,3155
15944,325.1,6,54.18,3156,3156
12790,324.92,21,15.47,3157,3157
13801,324.8,23,14.12,3158,3158
15597,324.57,22,14.75,3159,3159
18261,324.24,21,15.44,3160,3160
16685,324.24,62,5.23,3160,3161
14555,324.14,21,15.44,3162,3162
15675,323.69,21,15.41,3163,3163
17793,323.04,58,5.57,3164,3164
16739,323.0,13,24.85,3165,3165
13955,322.96,33,9.79,3166,3166
16627,322.8,20,16.14,3167,3167
16342,322.41,15,21.49,3168,3168
15224,322.08,14,23.01,3169,3169
14424,322.08,1,322.08,3169,3170
14484,321.92,14,22.99,3171,3171
14823,321.43,70,4.59,3172,3172
15236,321.05,15,21.4,3173,3173
18117,320.72,74,4.33,3174,3174
16096,320.62,12,26.72,3175,3175
14622,320.58,21,15.27,3176,3176
13986,320.46,13,24.65,3177,3177
16674,319.61,98,3.26,3178,3178
15107,319.5,16,19.97,3179,3179
16967,319.02,21,15.19,3180,3180
17157,319.0,13,24.54,3181,3181
17229,318.76,47,6.78,3182,3182
17248,318.65,69,4.62,3183,3183
14703,318.17,22,14.46,3184,3184
12648,318.05,21,15.15,3185,3185
18066,318.0,10,31.8,3186,3186
17172,317.76,15,21.18,3187,3187
17267,317.62,38,8.36,3188,3188
15101,317.53,8,39.69,3189,3189
16386,317.2,88,3.6,3190,3190
15257,317.15,7,45.31,3191,3191
15385,316.88,12,26.41,3192,3192
15243,316.68,22,14.39,3193,3193
16761,316.62,13,24.36,3194,3194
15204,316.58,9,35.18,3195,3195
17458,316.5,54,5.86,3196,3196
13494,316.26,18,17.57,3197,3197
14479,316.25,18,17.57,3198,3198
16473,316.11,18,17.56,3199,3199
12614,315.6,20,15.78,3200,3200
16091,315.06,18,17.5,3201,3201
15766,315.06,11,28.64,3201,3202
17237,314.69,19,16.56,3203,3203
16193,314.45,19,16.55,3204,3204
12650,314.44,20,15.72,3205,3205
16227,314.22,6,52.37,3206,3206
15970,314.1,11,28.55,3207,3207
13484,313.8,8,39.22,3208,3208
16582,313.62,6,52.27,3209,3209
14729,313.49,71,4.42,3210,3210
13845,312.98,9,34.78,3211,3211
15318,312.62,33,9.47,3212,3212
12834,312.38,18,17.35,3213,3213
17362,312.23,35,8.92,3214,3214
17070,312.14,64,4.88,3215,3215
12785,311.95,14,22.28,3216,3216
16450,311.92,11,28.36,3217,3217
14142,311.81,22,14.17,3218,3218
15326,311.71,29,10.75,3219,3219
14951,311.69,20,15.58,3220,3220
14327,311.65,12,25.97,3221,3221
12852,311.55,17,18.33,3222,3222
13990,311.3,16,19.46,3223,3223
17854,311.26,15,20.75,3224,3224
16781,311.25,17,18.31,3225,3225
13897,311.16,17,18.3,3226,3226
17912,311.01,38,8.18,3227,3227
17266,310.64,80,3.88,3228,3228
15185,310.62,21,14.79,3229,3229
15308,310.47,19,16.34,3230,3230
14311,310.26,20,15.51,3231,3231
14924,310.05,10,31.01,3232,3232
15661,309.8,5,61.96,3233,3233
15699,309.65,18,17.2,3234,3234
16810,309.54,15,20.64,3235,3235
14339,309.52,14,22.11,3236,3236
14847,309.4,13,23.8,3237,3237
17604,309.36,63,4.91,3238,3238
12884,309.05,7,44.15,3239,3239
13787,309.04,31,9.97,3240,3240
15010,308.94,20,15.45,3241,3241
16956,308.74,16,19.3,3242,3242
13699,308.58,14,22.04,3243,3243
17510,308.48,20,15.42,3244,3244
13369,308.28,14,22.02,3245,3245
13466,307.9,17,18.11,3246,3246
15973,307.82,4,76.96,3247,3247
16123,307.78,16,19.24,3248,3248
13529,307.76,15,20.52,3249,3249
13395,307.72,21,14.65,3250,3250
13060,307.53,15,20.5,3251,3251
14915,307.48,12,25.62,3252,3252
17120,307.46,18,17.08,3253,3253
13932,307.4,16,19.21,3254,3254
13142,307.09,23,13.35,3255,3255
17334,307.02,11,27.91,3256,3256
15087,306.94,15,20.46,3257,3257
17551,306.84,43,7.14,3258,3258
16668,306.72,20,15.34,3259,3259
13762,306.72,7,43.82,3259,3260
13718,306.55,12,25.55,3261,3261
18059,306.46,18,17.03,3262,3262
15659,306.45,11,27.86,3263,3263
17176,306.13,15,20.41,3264,3264
13863,305.78,20,15.29,3265,3265
15219,305.75,9,33.97,3266,3266
16796,305.62,18,16.98,3267,3267
16181,305.54,11,27.78,3268,3268
18220,305.28,2,152.64,3269,3269
13045,305.28,18,16.96,3269,3270
12623,305.1,18,16.95,3271,3271
13667,305.02,87,3.51,3272,3272
17941,304.56,2,152.28,3273,3273
15163,304.47,29,10.5,3274,3274
16217,304.25,15,20.28,3275,3275
18185,304.25,17,17.9,3275,3276
17732,303.97,18,16.89,3277,3277
16400,303.93,29,10.48,3278,3278
13083,303.75,18,16.88,3279,3279
17433,303.16,54,5.61,3280,3280
15060,303.09,121,2.5,3281,3281
16425,302.7,21,14.41,3282,3282
14248,302.58,8,37.82,3283,3283
18165,302.46,10,30.25,3284,3284
16104,302.36,29,10.43,3285,3285
16292,302.25,17,17.78,3286,3286
17506,302.2,14,21.59,3287,3287
15054,302.1,114,2.65,3288,3288
17094,302.0,14,21.57,3289,3289
16297,301.9,20,15.1,3290,3290
16715,301.72,19,15.88,3291,3291
15667,301.32,13,23.18,3292,3292
15148,301.29,20,15.06,3293,3293
15623,301.03,19,15.84,3294,3294
13479,300.95,15,20.06,3295,3295
17978,300.92,12,25.08,3296,3296
16430,300.85,6,50.14,3297,3297
16479,300.83,35,8.6,3298,3298
14762,300.52,21,14.31,3299,3299
13304,300.42,21,14.31,3300,3300
15254,300.36,18,16.69,3301,3301
13745,300.04,25,12.0,3302,3302
18053,300.02,20,15.0,3303,3303
16402,299.6,60,4.99,3304,3304
18215,299.34,13,23.03,3305,3305
17124,298.89,32,9.34,3306,3306
15609,298.48,16,18.66,3307,3307
17255,298.41,78,3.83,3308,3308
17824,298.4,13,22.95,3309,3309
17678,298.11,16,18.63,3310,3310
12881,298.0,7,42.57,3311,3311
15857,297.0,14,21.21,3312,3312
13708,296.88,51,5.82,3313,3313
14985,296.75,87,3.41,3314,3314
17531,296.7,14,21.19,3315,3315
13441,296.64,13,22.82,3316,3316
15154,296.42,85,3.49,3317,3317
13751,296.25,9,32.92,3318,3318
13504,295.93,22,13.45,3319,3319
16998,295.0,4,73.75,3320,3320
13573,294.4,26,11.32,3321,3321
15732,294.12,14,21.01,3322,3322
17163,293.1,5,58.62,3323,3323
12829,293.0,11,26.64,3324,3324
15545,292.72,81,3.61,3325,3325
16721,292.47,37,7.9,3326,3326
13259,292.32,87,3.36,3327,3327
13502,292.0,18,16.22,3328,3328
13449,291.88,19,15.36,3329,3329
13544,291.41,87,3.35,3330,3330
14656,291.05,80,3.64,3331,3331
14947,290.82,14,20.77,3332,3332
16648,290.66,19,15.3,3333,3333
15279,290.51,19,15.29,3334,3334
17691,290.4,19,15.28,3335,3335
16526,290.36,15,19.36,3336,3336
17081,290.16,64,4.53,3337,3337
14784,289.99,15,19.33,3338,3338
17464,289.96,9,32.22,3339,3339
14953,289.82,55,5.27,3340,3340
16897,289.78,37,7.83,3341,3341
14162,289.36,25,11.57,3342,3342
16125,289.35,13,22.26,3343,3343
14549,289.24,56,5.16,3344,3344
17501,288.6,18,16.03,3345,3345
16808,288.42,23,12.54,3346,3346
15396,288.18,14,20.58,3347,3347
17977,288.14,21,13.72,3348,3348
17080,287.62,8,35.95,3349,3349
17760,287.59,25,11.5,3350,3350
16432,287.4,8,35.93,3351,3351
13760,286.79,57,5.03,3352,3352
16555,285.89,17,16.82,3353,3353
14660,285.74,30,9.52,3354,3354
17636,285.56,20,14.28,3355,3355
16429,284.55,2,142.28,3356,3356
18190,284.46,15,18.96,3357,3357
13121,283.73,50,5.67,3358,3358
13439,283.71,54,5.25,3359,3359
12703,283.55,21,13.5,3360,3360
17783,283.47,67,4.23,3361,3361
17251,283.28,39,7.26,3362,3362
18270,283.15,11,25.74,3363,3363
17694,283.12,15,18.87,3364,3364
14350,282.93,18,15.72,3365,3365
13754,282.6,12,23.55,3366,3366
13177,282.45,17,16.61,3367,3367
17247,282.19,55,5.13,3368,3368
16557,281.85,11,25.62,3369,3369
17403,281.62,33,8.53,3370,3370
16848,281.42,14,20.1,3371,3371
14242,280.55,16,17.53,3372,3372
13606,280.54,43,6.52,3373,3373
16149,280.52,18,15.58,3374,3374
14975,279.94,11,25.45,3375,3375
15556,279.77,31,9.02,3376,3376
14480,279.05,13,21.47,3377,3377
17786,278.74,72,3.87,3378,3378
14764,278.3,6,46.38,3379,3379
14908,277.8,9,30.87,3380,3380
17968,277.35,85,3.26,3381,3381
13803,277.07,17,16.3,3382,3382
15355,277.05,14,19.79,3383,3383
16883,276.73,38,7.28,3384,3384
13272,276.56,15,18.44,3385,3385
14508,276.42,57,4.85,3386,3386
12750,275.88,15,18.39,3387,3387
14512,275.28,23,11.97,3388,3388
16313,274.15,16,17.13,3389,3389
16727,272.82,46,5.93,3390,3390
17254,272.44,112,2.43,3391,3391
17498,272.22,17,16.01,3392,3392
14819,272.07,13,20.93,3393,3393
13917,272.04,18,15.11,3394,3394
14816,271.85,4,67.96,3395,3395
13058,271.4,8,33.93,3396,3396
13837,271.24,19,14.28,3397,3397
17767,271.2,21,12.91,3398,3398
17496,271.05,10,27.1,3399,3399
18108,271.0,17,15.94,3400,3400
17011,270.9,15,18.06,3401,3401
15774,270.8,25,10.83,3402,3402
13533,270.79,76,3.56,3403,3403
14520,270.6,4,67.65,3404,3404
13242,270.4,13,20.8,3405,3405
12558,269.96,11,24.54,3406,3406
14727,268.58,10,26.86,3407,3407
15408,267.18,34,7.86,3408,3408
17550,267.16,42,6.36,3409,3409
15320,267.13,36,7.42,3410,3410
17708,267.08,35,7.63,3411,3411
15517,267.03,27,9.89,3412,3412
16451,266.97,14,19.07,3413,3413
14863,266.76,11,24.25,3414,3414
15119,266.4,14,19.03,3415,3415
12962,266.39,16,16.65,3416,3416
15019,266.0,70,3.8,3417,3417
14068,265.85,24,11.08,3418,3418
17430,265.76,14,18.98,3419,3419
14423,265.2,3,88.4,3420,3420
13973,264.7,11,24.06,3421,3421
15912,264.62,19,13.93,3422,3422
14452,264.44,62,4.27,3423,3423
15894,263.55,41,6.43,3424,3424
12492,263.21,20,13.16,3425,3425
16936,262.68,57,4.61,3426,3426
17194,262.62,29,9.06,3427,3427
16413,262.2,31,8.46,3428,3428
17385,261.11,47,5.56,3429,3429
13189,260.68,29,8.99,3430,3430
14053,260.25,4,65.06,3431,3431
15014,260.17,35,7.43,3432,3432
15143,259.45,14,18.53,3433,3433
17125,259.35,40,6.48,3434,3434
13127,259.17,15,17.28,3435,3435
16447,259.01,36,7.19,3436,3436
15577,258.88,39,6.64,3437,3437
13277,258.4,8,32.3,3438,3438
13227,257.7,9,28.63,3439,3439
14375,257.68,75,3.44,3440,3440
18009,257.34,32,8.04,3441,3441
13626,257.23,19,13.54,3442,3442
16048,256.44,8,32.06,3443,3443
12430,256.4,11,23.31,3444,3444
13806,256.38,10,25.64,3445,3445
17896,256.32,2,128.16,3446,3446
14761,255.9,11,23.26,3447,3447
15277,255.9,12,21.33,3447,3448
14881,255.4,17,15.02,3449,3449
16226,255.12,8,31.89,3450,3450
15261,254.82,19,13.41,3451,3451
12604,254.18,16,15.89,3452,3452
14765,254.11,39,6.52,3453,3453
15689,254.1,9,28.23,3454,3454
12797,254.03,13,19.54,3455,3455
15759,253.04,7,36.15,3456,3456
17860,252.8,58,4.36,3457,3457
15035,252.73,27,9.36,3458,3458
13404,252.49,11,22.95,3459,3459
15346,252.42,17,14.85,3460,3460
13645,252.1,5,50.42,3461,3461
13711,252.06,13,19.39,3462,3462
16330,251.91,39,6.46,3463,3463
16836,251.87,11,22.9,3464,3464
17155,251.7,20,12.58,3465,3465
16976,251.52,2,125.76,3466,3466
16024,251.24,64,3.93,3467,3467
14501,251.21,10,25.12,3468,3468
13512,251.21,15,16.75,3468,3469
13207,250.26,8,31.28,3470,3470
16596,250.15,12,20.85,3471,3471
17303,250.04,53,4.72,3472,3472
15510,250.0,1,250.0,3473,3473
17456,249.86,17,14.7,3474,3474
18005,249.72,60,4.16,3475,3475
16124,249.0,11,22.64,3476,3476
13061,248.61,10,24.86,3477,3477
17111,248.61,30,8.29,3477,3478
18212,248.42,43,5.78,3479,3479
16510,248.1,13,19.08,3480,3480
15097,248.08,25,9.92,3481,3481
13592,247.96,16,15.5,3482,3482
18072,247.44,18,13.75,3483,3483
13349,247.32,16,15.46,3484,3484
14658,247.15,29,8.52,3485,3485
17051,247.14,43,5.75,3486,3486
15783,246.3,14,17.59,3487,3487
17278,246.04,15,16.4,3488,3488
16778,245.94,16,15.37,3489,3489
17771,245.81,54,4.55,3490,3490
12660,245.1,13,18.85,3491,3491
15118,244.8,1,244.8,3492,3492
16601,244.8,31,7.9,3492,3493
16528,244.41,17,14.38,3494,3494
17892,244.1,28,8.72,3495,3495
17925,244.08,1,244.08,3496,3496
13103,243.94,8,30.49,3497,3497
16793,243.84,16,15.24,3498,3498
18193,243.76,16,15.24,3499,3499
13886,243.56,16,15.22,3500,3500
15634,243.55,15,16.24,3501,3501
17339,243.36,9,27.04,3502,3502
17908,243.28,58,4.19,3503,3503
14647,243.22,30,8.11,3504,3504
16215,242.35,14,17.31,3505,3505
15776,241.62,18,13.42,3506,3506
14523,241.09,12,20.09,3507,3507
16427,241.06,9,26.78,3508,3508
15598,240.68,14,17.19,3509,3509
15286,240.55,3,80.18,3510,3510
13565,240.22,38,6.32,3511,3511
17256,240.0,16,15.0,3512,3512
17181,239.92,23,10.43,3513,3513
15690,239.76,19,12.62,3514,3514
13570,239.49,27,8.87,3515,3515
17684,239.41,15,15.96,3516,3516
16756,239.4,13,18.42,3517,3517
12561,238.85,16,14.93,3518,3518
15850,238.85,97,2.46,3518,3519
12718,238.25,19,12.54,3520,3520
17877,237.61,12,19.8,3521,3521
14586,237.36,19,12.49,3522,3522
15457,237.07,58,4.09,3523,3523
18110,236.3,46,5.14,3524,3524
12732,236.26,12,19.69,3525,3525
16026,236.09,32,7.38,3526,3526
13187,236.02,37,6.38,3527,3527
15462,234.6,11,21.33,3528,3528
14473,234.34,7,33.48,3529,3529
17060,234.24,5,46.85,3530,3530
16961,234.17,14,16.73,3531,3531
12736,234.0,4,58.5,3532,3532
15483,233.81,88,2.66,3533,3533
13348,233.76,14,16.7,3534,3534
16583,233.45,14,16.68,3535,3535
14995,233.23,61,3.82,3536,3536
16302,233.22,11,21.2,3537,3537
13678,232.6,16,14.54,3538,3538
18213,232.48,15,15.5,3539,3539
16117,232.21,30,7.74,3540,3540
15393,231.86,12,19.32,3541,3541
16641,231.1,12,19.26,3542,3542
18030,230.65,9,25.63,3543,3543
15866,230.53,45,5.12,3544,3544
16445,230.51,63,3.66,3545,3545
13786,230.4,7,32.91,3546,3546
16926,230.25,14,16.45,3547,3547
13960,230.22,12,19.19,3548,3548
12812,229.64,15,15.31,3549,3549
13474,229.59,64,3.59,3550,3550
13008,229.47,14,16.39,3551,3551
15528,229.33,26,8.82,3552,3552
14793,228.99,14,16.36,3553,3553
17347,228.96,1,228.96,3554,3554
13146,228.91,17,13.47,3555,3555
13712,228.84,10,22.88,3556,3556
13070,228.8,9,25.42,3557,3557
17969,228.2,14,16.3,3558,3558
16527,228.06,14,16.29,3559,3559
14569,227.39,12,18.95,3560,3560
17212,226.85,4,56.71,3561,3561
17572,226.75,12,18.9,3562,3562
16315,226.37,14,16.17,3563,3563
16777,226.35,50,4.53,3564,3564
16619,226.21,14,16.16,3565,3565
12672,225.9,10,22.59,3566,3566
17789,225.9,14,16.14,3566,3567
14624,225.85,13,17.37,3568,3568
14357,225.77,41,5.51,3569,3569
12402,225.6,11,20.51,3570,3570
16690,225.58,12,18.8,3571,3571
14052,225.36,56,4.02,3572,3572
16587,225.15,13,17.32,3573,3573
17171,224.91,16,14.06,3574,3574
15175,224.14,23,9.75,3575,3575
16471,223.95,13,17.23,3576,3576
16753,223.92,34,6.59,3577,3577
14929,223.88,11,20.35,3578,3578
13926,223.85,11,20.35,3579,3579
18101,223.65,41,5.45,3580,3580
15637,223.36,15,14.89,3581,3581
17534,223.36,9,24.82,3581,3582
13382,222.99,15,14.87,3583,3583
15897,222.05,24,9.25,3584,3584
14598,221.97,50,4.44,3585,3585
14960,221.27,27,8.2,3586,3586
16392,221.19,45,4.92,3587,3587
13419,221.06,16,13.82,3588,3588
15790,220.85,35,6.31,3589,3589
16482,220.62,18,12.26,3590,3590
18114,220.1,28,7.86,3591,3591
13079,220.1,6,36.68,3591,3592
13600,219.52,19,11.55,3593,3593
15096,219.39,11,19.94,3594,3594
16895,219.14,69,3.18,3595,3595
12702,219.0,12,18.25,3596,3596
13669,218.55,9,24.28,3597,3597
17619,218.52,77,2.84,3598,3598
13428,218.47,74,2.95,3599,3599
12574,218.45,11,19.86,3600,3600
15724,218.25,11,19.84,3601,3601
14570,218.06,29,7.52,3602,3602
16634,217.9,9,24.21,3603,3603
13271,217.38,96,2.26,3604,3604
15554,217.2,14,15.51,3605,3605
16080,217.16,10,21.72,3606,3606
13739,216.9,3,72.3,3607,3607
13503,216.85,17,12.76,3608,3608
15460,216.76,58,3.74,3609,3609
12897,216.5,4,54.13,3610,3610
15604,216.39,17,12.73,3611,3611
17436,216.3,9,24.03,3612,3612
14104,216.21,21,10.3,3613,3613
13858,216.17,11,19.65,3614,3614
16179,215.83,11,19.62,3615,3615
15052,215.78,30,7.19,3616,3616
17580,215.72,45,4.79,3617,3617
14476,215.7,19,11.35,3618,3618
16189,215.48,11,19.59,3619,3619
16519,215.08,13,16.54,3620,3620
16190,215.08,6,35.85,3620,3621
12831,215.05,9,23.89,3622,3622
12588,214.9,10,21.49,3623,3623
16338,214.8,11,19.53,3624,3624
16411,214.65,45,4.77,3625,3625
16846,214.32,11,19.48,3626,3626
16647,214.06,14,15.29,3627,3627
14601,213.96,7,30.57,3628,3628
13621,213.85,19,11.26,3629,3629
17153,213.78,14,15.27,3630,3630
14241,213.7,10,21.37,3631,3631
13411,213.55,18,11.86,3632,3632
16591,213.5,10,21.35,3633,3633
15540,213.3,15,14.22,3634,3634
14984,213.27,41,5.2,3635,3635
17928,212.54,23,9.24,3636,3636
16017,211.88,32,6.62,3637,3637
16356,211.77,31,6.83,3638,3638
15703,211.5,5,42.3,3639,3639
12995,211.32,3,70.44,3640,3640
16415,210.35,54,3.9,3641,3641
13532,210.31,66,3.19,3642,3642
13828,209.49,15,13.97,3643,3643
17855,208.97,17,12.29,3644,3644
15327,208.75,10,20.88,3645,3645
17514,208.65,40,5.22,3646,3646
16914,208.46,38,5.49,3647,3647
16457,208.36,9,23.15,3648,3648
18191,207.8,7,29.69,3649,3649
12547,207.8,8,25.98,3649,3650
16866,207.74,11,18.89,3651,3651
16752,207.5,9,23.06,3652,3652
17923,207.5,1,207.5,3652,3653
16323,207.5,1,207.5,3652,3654
13099,207.36,1,207.36,3655,3655
15925,207.15,12,17.26,3656,3656
15820,206.98,17,12.18,3657,3657
18126,206.83,56,3.69,3658,3658
17166,206.34,12,17.19,3659,3659
14964,206.21,13,15.86,3660,3660
13065,205.86,14,14.7,3661,3661
17670,205.7,11,18.7,3662,3662
17843,205.48,37,5.55,3663,3663
15307,205.3,12,17.11,3664,3664
15758,205.25,9,22.81,3665,3665
13513,205.1,10,20.51,3666,3666
15319,204.5,16,12.78,3667,3667
17206,204.24,7,29.18,3668,3668
18273,204.0,3,68.0,3669,3669
13017,204.0,1,204.0,3669,3670
17187,203.95,10,20.4,3671,3671
17889,203.87,21,9.71,3672,3672
17394,203.87,4,50.97,3672,3673
17891,203.86,34,6.0,3674,3674
17376,203.2,24,8.47,3675,3675
15723,203.1,41,4.95,3676,3676
14381,202.68,56,3.62,3677,3677
18169,202.65,9,22.52,3678,3678
14385,202.11,14,14.44,3679,3679
15347,201.6,5,40.32,3680,3680
13295,201.2,10,20.12,3681,3681
13284,201.19,13,15.48,3682,3682
16965,201.19,26,7.74,3682,3683
13859,201.16,28,7.18,3684,3684
17988,201.12,38,5.29,3685,3685
17693,200.47,16,12.53,3686,3686
13262,200.29,11,18.21,3687,3687
15437,200.16,45,4.45,3688,3688
13980,200.14,11,18.19,3689,3689
14782,200.1,6,33.35,3690,3690
13723,199.85,6,33.31,3691,3691
15593,199.8,5,39.96,3692,3692
13322,199.48,25,7.98,3693,3693
17383,199.29,51,3.91,3694,3694
16832,199.15,12,16.6,3695,3695
17987,198.57,13,15.27,3696,3696
16178,197.9,8,24.74,3697,3697
12450,197.88,8,24.74,3698,3698
12581,197.71,15,13.18,3699,3699
14185,197.65,3,65.88,3700,3700
14789,197.64,6,32.94,3701,3701
17301,197.63,66,2.99,3702,3702
16829,197.22,11,17.93,3703,3703
14830,197.13,40,4.93,3704,3704
15234,197.0,14,14.07,3705,3705
12586,196.94,11,17.9,3706,3706
13436,196.89,12,16.41,3707,3707
15746,196.88,28,7.03,3708,3708
13978,196.79,15,13.12,3709,3709
17660,196.0,45,4.36,3710,3710
16112,195.74,16,12.23,3711,3711
13792,195.55,13,15.04,3712,3712
17010,195.36,11,17.76,3713,3713
14666,195.25,14,13.95,3714,3714
15612,195.15,6,32.53,3715,3715
14100,194.9,26,7.5,3716,3716
16887,194.88,37,5.27,3717,3717
14087,194.42,69,2.82,3718,3718
17475,194.37,14,13.88,3719,3719
15683,193.75,10,19.38,3720,3720
17343,193.64,17,11.39,3721,3721
15198,193.64,10,19.36,3721,3722
16847,193.44,12,16.12,3723,3723
17608,193.42,59,3.28,3724,3724
14806,193.39,11,17.58,3725,3725
14801,193.14,59,3.27,3726,3726
13568,192.85,44,4.38,3727,3727
12522,192.72,12,16.06,3728,3728
12791,192.6,2,96.3,3729,3729
14768,192.6,5,38.52,3729,3730
15909,191.94,7,27.42,3731,3731
17904,191.67,38,5.04,3732,3732
14966,191.32,38,5.03,3733,3733
15692,191.04,12,15.92,3734,3734
17233,190.88,25,7.64,3735,3735
13033,190.55,11,17.32,3736,3736
15412,190.53,10,19.05,3737,3737
13972,190.25,15,12.68,3738,3738
17885,190.19,64,2.97,3739,3739
12361,189.9,10,18.99,3740,3740
13826,189.5,10,18.95,3741,3741
13663,189.47,13,14.57,3742,3742
18045,189.4,47,4.03,3743,3743
16448,188.89,20,9.44,3744,3744
14697,188.61,22,8.57,3745,3745
12893,188.14,34,5.53,3746,3746
17781,188.02,12,15.67,3747,3747
14722,187.92,29,6.48,3748,3748
17279,187.83,9,20.87,3749,3749
18013,187.29,31,6.04,3750,3750
17440,186.42,5,37.28,3751,3751
13672,186.39,6,31.07,3752,3752
14551,186.23,10,18.62,3753,3753
15567,186.01,7,26.57,3754,3754
12641,185.9,10,18.59,3755,3755
17574,185.65,8,23.21,3756,3756
14199,185.4,2,92.7,3757,3757
16097,185.05,10,18.51,3758,3758
13482,184.64,11,16.79,3759,3759
17680,184.4,11,16.76,3760,3760
16433,184.26,17,10.84,3761,3761
15124,184.19,15,12.28,3762,3762
14326,183.85,8,22.98,3763,3763
16680,183.7,10,18.37,3764,3764
14059,183.6,8,22.95,3765,3765
13460,183.44,17,10.79,3766,3766
13059,183.4,8,22.93,3767,3767
17772,182.77,53,3.45,3768,3768
14082,182.25,29,6.28,3769,3769
18119,181.12,30,6.04,3770,3770
16594,181.09,53,3.42,3771,3771
15886,181.09,12,15.09,3771,3772
15945,181.0,2,90.5,3773,3773
15292,180.94,25,7.24,3774,3774
16835,180.85,10,18.09,3775,3775
18280,180.6,10,18.06,3776,3776
13710,180.48,8,22.56,3777,3777
15041,180.35,67,2.69,3778,3778
13598,180.17,40,4.5,3779,3779
12622,180.1,11,16.37,3780,3780
18147,179.34,7,25.62,3781,3781
15895,179.17,11,16.29,3782,3782
15454,179.1,25,7.16,3783,3783
16990,179.0,1,179.0,3784,3784
14705,179.0,1,179.0,3784,3785
15139,178.96,13,13.77,3786,3786
16620,178.96,9,19.88,3786,3787
15262,178.95,10,17.9,3788,3788
13778,178.7,9,19.86,3789,3789
17879,178.52,6,29.75,3790,3790
17253,178.26,18,9.9,3791,3791
17356,178.22,19,9.38,3792,3792
18282,178.05,12,14.84,3793,3793
16403,177.5,10,17.75,3794,3794
13618,177.34,13,13.64,3795,3795
12618,177.31,11,16.12,3796,3796
13072,177.15,7,25.31,3797,3797
12923,176.97,29,6.1,3798,3798
17947,176.68,9,19.63,3799,3799
14287,176.63,9,19.63,3800,3800
12509,176.5,7,25.21,3801,3801
18274,175.92,11,15.99,3802,3802
17582,175.27,29,6.04,3803,3803
16144,175.2,1,175.2,3804,3804
17331,175.2,1,175.2,3804,3805
18010,174.8,14,12.49,3806,3806
14355,174.4,11,15.85,3807,3807
14518,174.37,16,10.9,3808,3808
13560,174.37,33,5.28,3808,3809
15335,173.97,36,4.83,3810,3810
18278,173.9,9,19.32,3811,3811
16861,173.76,6,28.96,3812,3812
14798,173.74,12,14.48,3813,3813
16565,173.7,3,57.9,3814,3814
12441,173.55,11,15.78,3815,3815
15565,173.16,8,21.64,3816,3816
15670,173.05,12,14.42,3817,3817
14693,172.9,8,21.61,3818,3818
18048,172.29,7,24.61,3819,3819
13922,172.25,7,24.61,3820,3820
13690,172.25,9,19.14,3820,3821
12442,172.06,12,14.34,3822,3822
14536,171.8,19,9.04,3823,3823
16773,171.59,26,6.6,3824,3824
17245,171.45,9,19.05,3825,3825
15432,171.19,10,17.12,3826,3826
17542,170.75,25,6.83,3827,3827
14860,170.32,11,15.48,3828,3828
18058,170.16,3,56.72,3829,3829
15016,170.04,20,8.5,3830,3830
16921,169.79,60,2.83,3831,3831
13962,169.55,11,15.41,3832,3832
14218,169.48,12,14.12,3833,3833
18004,169.47,40,4.24,3834,3834
12367,168.9,11,15.35,3835,3835
14578,168.63,24,7.03,3836,3836
18269,168.6,7,24.09,3837,3837
17367,168.4,34,4.95,3838,3838
18099,168.31,19,8.86,3839,3839
15888,168.31,12,14.03,3839,3840
16282,168.3,11,15.3,3841,3841
17737,168.24,10,16.82,3842,3842
15986,168.12,14,12.01,3843,3843
12551,168.0,10,16.8,3844,3844
15374,168.0,3,56.0,3844,3845
18088,167.67,39,4.3,3846,3846
17561,167.62,46,3.64,3847,3847
16952,167.61,16,10.48,3848,3848
15920,167.5,60,2.79,3849,3849
16405,167.25,5,33.45,3850,3850
18014,166.42,32,5.2,3851,3851
14295,166.2,5,33.24,3852,3852
17650,166.08,8,20.76,3853,3853
12817,166.04,4,41.51,3854,3854
14485,165.75,47,3.53,3855,3855
14552,165.07,58,2.85,3856,3856
18042,165.05,7,23.58,3857,3857
15316,165.0,1,165.0,3858,3858
13470,165.0,10,16.5,3858,3859
15904,164.68,30,5.49,3860,3860
17535,164.4,13,12.65,3861,3861
13603,164.34,27,6.09,3862,3862
12920,164.23,28,5.87,3863,3863
18200,163.8,32,5.12,3864,3864
14354,163.62,9,18.18,3865,3865
17110,163.3,12,13.61,3866,3866
13223,163.2,5,32.64,3867,3867
16406,163.07,62,2.63,3868,3868
15167,163.0,41,3.98,3869,3869
16517,162.7,17,9.57,3870,3870
15733,162.3,10,16.23,3871,3871
15325,162.29,49,3.31,3872,3872
16932,161.94,53,3.06,3873,3873
17600,161.67,13,12.44,3874,3874
15458,161.64,7,23.09,3875,3875
16113,161.38,30,5.38,3876,3876
14362,161.2,41,3.93,3877,3877
14204,161.03,44,3.66,3878,3878
14237,161.0,9,17.89,3879,3879
14089,161.0,14,11.5,3879,3880
13229,160.95,10,16.1,3881,3881
15852,160.71,22,7.31,3882,3882
17344,160.57,32,5.02,3883,3883
12573,160.54,28,5.73,3884,3884
18203,160.42,19,8.44,3885,3885
18146,160.35,10,16.04,3886,3886
14714,160.19,10,16.02,3887,3887
12966,160.18,10,16.02,3888,3888
13420,159.85,8,19.98,3889,3889
16213,159.0,6,26.5,3890,3890
18224,158.95,10,15.9,3891,3891
13937,158.85,9,17.65,3892,3892
17165,158.68,10,15.87,3893,3893
15160,158.16,4,39.54,3894,3894
15348,158.04,9,17.56,3895,3895
15988,158.03,27,5.85,3896,3896
17556,157.9,6,26.32,3897,3897
14799,157.7,13,12.13,3898,3898
14148,157.2,3,52.4,3899,3899
17128,157.09,14,11.22,3900,3900
14585,157.05,29,5.42,3901,3901
17118,157.02,10,15.7,3902,3902
15007,156.91,12,13.08,3903,3903
14406,156.75,8,19.59,3904,3904
15438,156.58,25,6.26,3905,3905
15263,156.51,12,13.04,3906,3906
13898,155.93,12,12.99,3907,3907
17871,155.9,10,15.59,3908,3908
17899,155.8,32,4.87,3909,3909
14813,155.43,30,5.18,3910,3910
17832,155.37,61,2.55,3911,3911
12738,155.35,11,14.12,3912,3912
16720,155.24,27,5.75,3913,3913
15447,155.17,9,17.24,3914,3914
13809,155.05,12,12.92,3915,3915
14368,155.0,8,19.38,3916,3916
14046,154.99,14,11.07,3917,3917
17698,154.95,8,19.37,3918,3918
15740,154.88,9,17.21,3919,3919
17026,154.83,4,38.71,3920,3920
15226,154.41,8,19.3,3921,3921
17517,153.94,11,13.99,3922,3922
17286,153.92,45,3.42,3923,3923
16351,153.9,8,19.24,3924,3924
12602,153.12,12,12.76,3925,3925
17714,153.0,10,15.3,3926,3926
16248,152.94,7,21.85,3927,3927
17984,152.68,48,3.18,3928,3928
18138,152.65,8,19.08,3929,3929
14066,152.55,7,21.79,3930,3930
17707,152.4,5,30.48,3931,3931
13514,152.2,4,38.05,3932,3932
14039,152.2,6,25.37,3932,3933
17898,152.06,28,5.43,3934,3934
16617,151.85,5,30.37,3935,3935
16412,151.83,35,4.34,3936,3936
14208,151.74,10,15.17,3937,3937
13462,151.5,9,16.83,3938,3938
16461,151.42,33,4.59,3939,3939
13697,151.3,12,12.61,3940,3940
16337,151.05,10,15.11,3941,3941
14073,151.04,13,11.62,3942,3942
15717,150.3,7,21.47,3943,3943
17234,149.89,14,10.71,3944,3944
15869,149.64,15,9.98,3945,3945
17946,149.58,20,7.48,3946,3946
18262,149.48,13,11.5,3947,3947
15748,149.31,21,7.11,3948,3948
15435,149.29,29,5.15,3949,3949
13003,149.05,6,24.84,3950,3950
17549,148.86,6,24.81,3951,3951
15526,148.44,4,37.11,3952,3952
17859,148.21,25,5.93,3953,3953
14968,147.59,37,3.99,3954,3954
14098,147.35,21,7.02,3955,3955
14037,147.2,28,5.26,3956,3956
12864,147.12,3,49.04,3957,3957
15503,147.09,70,2.1,3958,3958
17030,146.87,11,13.35,3959,3959
14238,146.85,8,18.36,3960,3960
16893,145.93,45,3.24,3961,3961
12565,145.92,9,16.21,3962,3962
17935,145.79,29,5.03,3963,3963
13866,145.67,7,20.81,3964,3964
15937,145.35,7,20.76,3965,3965
16598,145.05,10,14.51,3966,3966
17524,145.0,6,24.17,3967,3967
16852,144.91,9,16.1,3968,3968
12974,144.8,8,18.1,3969,3969
14109,144.2,9,16.02,3970,3970
17186,144.0,2,72.0,3971,3971
12587,144.0,4,36.0,3971,3972
17578,143.46,5,28.69,3973,3973
15705,143.1,6,23.85,3974,3974
13299,142.5,5,28.5,3975,3975
16287,142.5,8,17.81,3975,3976
13584,142.4,24,5.93,3977,3977
14386,142.4,7,20.34,3977,3978
13561,141.86,14,10.13,3979,3979
14041,141.41,21,6.73,3980,3980
15388,140.54,10,14.05,3981,3981
13483,140.34,10,14.03,3982,3982
14494,139.56,7,19.94,3983,3983
16483,139.35,19,7.33,3984,3984
17718,139.35,6,23.22,3984,3985
14772,139.26,9,15.47,3986,3986
18209,139.1,8,17.39,3987,3987
15135,139.05,9,15.45,3988,3988
13273,138.98,16,8.69,3989,3989
12902,138.68,10,13.87,3990,3990
14581,138.6,17,8.15,3991,3991
17122,138.32,7,19.76,3992,3992
13716,138.28,21,6.58,3993,3993
15663,138.14,9,15.35,3994,3994
12512,138.03,34,4.06,3995,3995
16050,137.9,10,13.79,3996,3996
13279,137.75,9,15.31,3997,3997
17709,137.45,7,19.64,3998,3998
15836,137.37,10,13.74,3999,3999
14483,137.1,9,15.23,4000,4000
17468,137.0,5,27.4,4001,4001
15691,136.8,2,68.4,4002,4002
14247,136.77,20,6.84,4003,4003
17972,136.04,31,4.39,4004,4004
16462,136.0,3,45.33,4005,4005
12968,135.95,5,27.19,4006,4006
15042,135.93,5,27.19,4007,4007
14889,135.9,10,13.59,4008,4008
15419,135.86,8,16.98,4009,4009
15174,135.75,11,12.34,4010,4010
16114,135.75,8,16.97,4010,4011
16665,135.4,9,15.04,4012,4012
15276,135.31,52,2.6,4013,4013
12851,135.18,50,2.7,4014,4014
13364,134.96,10,13.5,4015,4015
16055,134.8,8,16.85,4016,4016
14340,134.7,6,22.45,4017,4017
15562,134.55,1,134.55,4018,4018
14174,134.46,26,5.17,4019,4019
12837,134.1,12,11.17,4020,4020
14280,134.04,8,16.76,4021,4021
16424,133.56,5,26.71,4022,4022
14349,133.5,31,4.31,4023,4023
12445,133.4,4,33.35,4024,4024
17881,133.35,8,16.67,4025,4025
15709,133.25,6,22.21,4026,4026
17647,133.06,7,19.01,4027,4027
17785,131.94,13,10.15,4028,4028
14438,131.9,9,14.66,4029,4029
17297,131.78,51,2.58,4030,4030
17455,131.7,8,16.46,4031,4031
14795,131.45,6,21.91,4032,4032
15844,130.74,11,11.89,4033,4033
16679,129.75,3,43.25,4034,4034
16611,129.49,10,12.95,4035,4035
16623,129.45,5,25.89,4036,4036
16828,128.5,8,16.06,4037,4037
15543,127.86,28,4.57,4038,4038
17359,127.86,15,8.52,4038,4039
13781,127.84,17,7.52,4040,4040
15578,127.1,13,9.78,4041,4041
15923,127.08,21,6.05,4042,4042
14962,126.7,5,25.34,4043,4043
16414,126.25,7,18.04,4044,4044
15463,126.14,7,18.02,4045,4045
16988,126.12,7,18.02,4046,4046
12814,125.92,2,62.96,4047,4047
13522,125.8,5,25.16,4048,4048
14861,125.79,6,20.97,4049,4049
14890,125.65,7,17.95,4050,4050
15017,125.58,20,6.28,4051,4051
12531,125.22,17,7.37,4052,4052
17148,124.88,9,13.88,4053,4053
16849,124.57,8,15.57,4054,4054
16569,124.2,5,24.84,4055,4055
14495,123.8,6,20.63,4056,4056
16658,123.24,8,15.41,4057,4057
15917,123.1,12,10.26,4058,4058
17967,123.07,48,2.56,4059,4059
13519,122.75,8,15.34,4060,4060
14413,122.7,23,5.33,4061,4061
13876,122.7,7,17.53,4061,4062
13638,122.64,8,15.33,4063,4063
14165,122.54,25,4.9,4064,4064
14076,122.47,46,2.66,4065,4065
16073,122.4,1,122.4,4066,4066
18018,122.14,29,4.21,4067,4067
13244,121.74,27,4.51,4068,4068
13182,121.18,11,11.02,4069,4069
15049,121.17,3,40.39,4070,4070
15512,121.0,7,17.29,4071,4071
13002,120.95,7,17.28,4072,4072
17446,120.9,9,13.43,4073,4073
18015,120.03,46,2.61,4074,4074
14259,120.0,5,24.0,4075,4075
14314,120.0,8,15.0,4075,4076
14453,119.93,22,5.45,4077,4077
16542,119.62,5,23.92,4078,4078
15266,119.3,6,19.88,4079,4079
16666,118.98,32,3.72,4080,4080
15843,118.95,8,14.87,4081,4081
17079,118.8,2,59.4,4082,4082
14155,118.75,6,19.79,4083,4083
13581,118.0,10,11.8,4084,4084
13193,117.88,29,4.06,4085,4085
12929,117.85,8,14.73,4086,4086
17654,117.55,22,5.34,4087,4087
16959,117.35,7,16.76,4088,4088
13877,117.24,3,39.08,4089,4089
17117,116.2,9,12.91,4090,4090
17601,116.01,9,12.89,4091,4091
13170,116.01,32,3.63,4091,4092
14143,115.8,7,16.54,4093,4093
15350,115.65,5,23.13,4094,4094
13067,115.46,15,7.7,4095,4095
18027,115.31,21,5.49,4096,4096
14972,114.77,18,6.38,4097,4097
13188,114.6,2,57.3,4098,4098
14632,114.56,8,14.32,4099,4099
16247,114.56,16,7.16,4099,4100
14974,114.39,21,5.45,4101,4101
17852,114.34,24,4.76,4102,4102
17219,114.23,25,4.57,4103,4103
14652,114.18,29,3.94,4104,4104
12938,114.14,9,12.68,4105,4105
14582,114.11,6,19.02,4106,4106
12651,114.0,9,12.67,4107,4107
14457,113.64,4,28.41,4108,4108
15445,113.5,5,22.7,4109,4109
17217,113.5,9,12.61,4109,4110
18105,113.48,18,6.3,4111,4111
16913,113.44,8,14.18,4112,4112
15280,113.12,16,7.07,4113,4113
14689,112.8,13,8.68,4114,4114
13161,112.75,8,14.09,4115,4115
16697,112.75,21,5.37,4115,4116
13807,112.6,7,16.09,4117,4117
18129,112.55,14,8.04,4118,4118
15610,112.46,6,18.74,4119,4119
17038,112.4,22,5.11,4120,4120
14271,112.32,10,11.23,4121,4121
17893,112.25,16,7.02,4122,4122
17900,112.2,6,18.7,4123,4123
12756,112.08,4,28.02,4124,4124
17274,111.98,27,4.15,4125,4125
17957,111.68,31,3.6,4126,4126
17887,111.35,10,11.14,4127,4127
18120,111.15,17,6.54,4128,4128
13508,110.97,12,9.25,4129,4129
13144,110.95,3,36.98,4130,4130
15537,110.92,24,4.62,4131,4131
15853,110.8,30,3.69,4132,4132
17349,110.75,9,12.31,4133,4133
16963,110.55,7,15.79,4134,4134
14641,110.46,7,15.78,4135,4135
12734,110.4,4,27.6,4136,4136
16792,110.38,12,9.2,4137,4137
18277,110.38,8,13.8,4137,4138
17901,110.38,19,5.81,4137,4139
17746,110.25,6,18.38,4140,4140
17836,110.21,24,4.59,4141,4141
16339,109.95,20,5.5,4142,4142
13133,109.8,7,15.69,4143,4143
16363,109.36,5,21.87,4144,4144
14699,109.13,8,13.64,4145,4145
14345,108.98,6,18.16,4146,4146
17639,108.5,7,15.5,4147,4147
16106,108.38,6,18.06,4148,4148
13226,108.21,16,6.76,4149,4149
12956,108.07,19,5.69,4150,4150
14661,107.95,4,26.99,4151,4151
16784,107.6,3,35.87,4152,4152
15395,107.45,7,15.35,4153,4153
16757,106.83,7,15.26,4154,4154
15168,106.56,5,21.31,4155,4155
15070,106.2,1,106.2,4156,4156
17791,106.1,10,10.61,4157,4157
16581,105.84,9,11.76,4158,4158
15775,104.9,7,14.99,4159,4159
14027,104.82,6,17.47,4160,4160
15607,104.76,13,8.06,4161,4161
15958,104.35,7,14.91,4162,4162
18174,104.0,1,104.0,4163,4163
17548,103.3,5,20.66,4164,4164
18255,103.3,6,17.22,4164,4165
14542,103.25,5,20.65,4166,4166
17962,102.83,35,2.94,4167,4167
18011,102.79,28,3.67,4168,4168
14836,102.45,6,17.08,4169,4169
14981,102.12,8,12.76,4170,4170
13948,102.0,3,34.0,4171,4171
15212,101.8,5,20.36,4172,4172
18068,101.7,1,101.7,4173,4173
16516,101.7,6,16.95,4173,4174
17643,101.55,8,12.69,4175,4175
16006,101.4,8,12.67,4176,4176
18086,101.34,7,14.48,4177,4177
13101,101.19,8,12.65,4178,4178
16344,101.1,2,50.55,4179,4179
16498,100.97,15,6.73,4180,4180
14946,100.9,3,33.63,4181,4181
17427,100.8,2,50.4,4182,4182
14371,100.5,4,25.13,4183,4183
13703,99.5,1,99.5,4184,4184
17939,99.14,12,8.26,4185,4185
15256,98.45,6,16.41,4186,4186
17538,98.42,9,10.94,4187,4187
17895,98.0,16,6.12,4188,4188
18033,97.97,34,2.88,4189,4189
15422,97.7,6,16.28,4190,4190
12984,97.5,4,24.38,4191,4191
17325,96.8,6,16.13,4192,4192
15216,96.6,2,48.3,4193,4193
14642,96.12,2,48.06,4194,4194
17024,95.85,3,31.95,4195,4195
18249,95.34,8,11.92,4196,4196
12548,95.2,5,19.04,4197,4197
16387,94.36,4,23.59,4198,4198
13651,94.2,6,15.7,4199,4199
15397,94.0,6,15.67,4200,4200
15428,93.78,6,15.63,4201,4201
18227,93.75,5,18.75,4202,4202
13283,93.66,7,13.38,4203,4203
17991,93.35,5,18.67,4204,4204
12821,92.72,6,15.45,4205,4205
14054,92.46,6,15.41,4206,4206
12789,91.85,4,22.96,4207,4207
13551,91.8,4,22.95,4208,4208
13160,91.8,4,22.95,4208,4209
12659,91.68,5,18.34,4210,4210
15488,91.32,2,45.66,4211,4211
14353,90.6,6,15.1,4212,4212
13947,90.6,5,18.12,4212,4213
18084,90.48,1,90.48,4214,4214
16506,90.3,3,30.1,4215,4215
15552,90.12,17,5.3,4216,4216
16597,90.04,7,12.86,4217,4217
14117,90.0,3,30.0,4218,4218
14219,89.94,7,12.85,4219,4219
14760,89.2,5,17.84,4220,4220
12686,89.14,7,12.73,4221,4221
14436,89.06,9,9.9,4222,4222
12353,89.0,4,22.25,4223,4223
15083,88.2,5,17.64,4224,4224
15180,87.5,6,14.58,4225,4225
13296,87.4,5,17.48,4226,4226
15541,85.13,29,2.94,4227,4227
13841,85.0,1,85.0,4228,4228
15729,85.0,5,17.0,4228,4229
13666,84.65,12,7.05,4230,4230
12401,84.3,5,16.86,4231,4231
17309,82.75,12,6.9,4232,4232
13006,81.57,4,20.39,4233,4233
17620,81.44,4,20.36,4234,4234
18281,80.82,7,11.55,4235,4235
16789,80.8,5,16.16,4236,4236
13967,80.7,2,40.35,4237,4237
17752,80.64,1,80.64,4238,4238
13747,79.6,1,79.6,4239,4239
16078,79.2,1,79.2,4240,4240
15753,79.2,1,79.2,4240,4241
17942,77.5,2,38.75,4242,4242
14785,77.4,3,25.8,4243,4243
13132,77.3,3,25.77,4244,4244
13992,76.8,5,15.36,4245,4245
14373,76.55,4,19.14,4246,4246
17536,76.5,3,25.5,4247,4247
13106,76.5,1,76.5,4247,4248
18113,76.32,1,76.32,4249,4249
14090,76.32,1,76.32,4249,4250
16148,76.32,1,76.32,4249,4251
15668,76.32,1,76.32,4249,4252
17995,76.1,2,38.05,4253,4253
17628,75.75,5,15.15,4254,4254
16610,75.66,6,12.61,4255,4255
13403,75.0,3,25.0,4256,4256
16468,74.9,2,37.45,4257,4257
18050,74.4,5,14.88,4258,4258
13095,74.4,6,12.4,4258,4259
17960,73.78,26,2.84,4260,4260
18032,73.5,5,14.7,4261,4261
12506,73.5,23,3.2,4261,4262
16171,73.2,3,24.4,4263,4263
17906,72.9,12,6.08,4264,4264
13686,72.0,8,9.0,4265,4265
13938,71.66,7,10.24,4266,4266
13185,71.4,1,71.4,4267,4267
17747,71.4,1,71.4,4267,4268
17022,71.0,7,10.14,4269,4269
18037,70.02,19,3.69,4270,4270
15863,68.84,18,3.82,4271,4271
14393,67.95,5,13.59,4272,4272
13684,67.23,30,2.24,4273,4273
17382,65.4,2,32.7,4274,4274
13130,64.0,2,32.0,4275,4275
13302,63.75,1,63.75,4276,4276
17263,63.44,23,2.76,4277,4277
14437,63.0,5,12.6,4278,4278
12665,63.0,3,21.0,4278,4279
14840,62.85,4,15.71,4280,4280
13218,62.64,5,12.53,4281,4281
15516,62.43,15,4.16,4282,4282
13194,60.7,3,20.23,4283,4283
17174,59.9,4,14.98,4284,4284
13391,59.8,1,59.8,4285,4285
13682,59.5,3,19.83,4286,4286
14957,58.49,12,4.87,4287,4287
13080,58.08,6,9.68,4288,4288
17775,56.4,3,18.8,4289,4289
15899,56.25,4,14.06,4290,4290
13366,56.16,1,56.16,4291,4291
16349,53.5,9,5.94,4292,4292
15504,52.83,13,4.06,4293,4293
14865,52.2,4,13.05,4294,4294
13832,52.2,3,17.4,4294,4295
14682,52.0,2,26.0,4296,4296
15313,52.0,1,52.0,4296,4297
17844,51.56,5,10.31,4298,4298
14351,51.0,1,51.0,4299,4299
13011,50.55,3,16.85,4300,4300
18184,49.8,1,49.8,4301,4301
14821,48.8,2,24.4,4302,4302
15603,48.48,2,24.24,4303,4303
16257,46.95,2,23.48,4304,4304
14080,45.6,4,11.4,4305,4305
15423,43.5,2,21.75,4306,4306
14300,43.2,3,14.4,4307,4307
15992,41.99,3,14.0,4308,4308
15178,40.5,3,13.5,4309,4309
14589,39.75,3,13.25,4310,4310
12977,39.24,9,4.36,4311,4311
16659,39.12,2,19.56,4312,4312
18019,38.45,5,7.69,4313,4313
12855,38.1,3,12.7,4314,4314
16162,37.4,2,18.7,4315,4315
17816,36.56,17,2.15,4316,4316
15940,35.8,1,35.8,4317,4317
14576,35.4,1,35.4,4318,4318
16856,35.4,2,17.7,4318,4319
17831,35.4,2,17.7,4318,4320
15744,34.8,3,11.6,4321,4321
16765,34.0,1,34.0,4322,4322
17408,32.65,2,16.33,4323,4323
13120,30.6,1,30.6,4324,4324
15657,30.0,1,30.0,4325,4325
17102,25.5,1,25.5,4326,4326
18268,25.5,1,25.5,4326,4327
17986,20.8,1,20.8,4328,4328
16953,20.8,1,20.8,4328,4329
16093,17.0,1,17.0,4330,4330
15823,15.0,1,15.0,4331,4331
17763,15.0,1,15.0,4331,4332
13307,15.0,1,15.0,4331,4333
16878,13.3,3,4.43,4334,4334
17956,12.75,1,12.75,4335,4335
16454,6.9,2,3.45,4336,4336
14792,6.2,2,3.1,4337,4337
16738,3.75,1,3.75,4338,4338
